STRUCTURE,STRUCTURE_ID,freq,reporter,product,indicators,TIME_PERIOD,OBS_VALUE
dataflow,ESTAT:DS-059358(1.0),A,EU27_2020,20595300,EXPQNT,2003,822000
dataflow,ESTAT:DS-059358(1.0),A,EU27_2020,20595300,EXPQNT,2004,1104500
dataflow,ESTAT:DS-059358(1.0),A,EU27_2020,20595300,EXPQNT,2006,890800
dataflow,ESTAT:DS-059358(1.0),A,EU27_2020,20595300,EXPQNT,2007,967300
dataflow,ESTAT:DS-059358(1.0),A,EU27_2020,20595300,EXPQNT,2008,843500
dataflow,ESTAT:DS-059358(1.0),A,EU27_2020,20595300,EXPQNT,2009,1708600
dataflow,ESTAT:DS-059358(1.0),A,EU27_2020,20595300,EXPQNT,2010,3618500
dataflow,ESTAT:DS-059358(1.0),A,EU27_2020,20595300,EXPQNT,2011,3664200
dataflow,ESTAT:DS-059358(1.0),A,EU27_2020,20595300,EXPQNT,2012,2296100
dataflow,ESTAT:DS-059358(1.0),A,EU27_2020,20595300,EXPQNT,2013,2350700
dataflow,ESTAT:DS-059358(1.0),A,EU27_2020,20595300,EXPQNT,2014,2307000
dataflow,ESTAT:DS-059358(1.0),A,EU27_2020,20595300,EXPQNT,2015,2176500
dataflow,ESTAT:DS-059358(1.0),A,EU27_2020,20595300,EXPQNT,2016,2634600
dataflow,ESTAT:DS-059358(1.0),A,EU27_2020,20595300,EXPQNT,2017,2423800
dataflow,ESTAT:DS-059358(1.0),A,EU27_2020,20595300,EXPQNT,2018,2016386
dataflow,ESTAT:DS-059358(1.0),A,EU27_2020,20595300,EXPQNT,2019,1830570
dataflow,ESTAT:DS-059358(1.0),A,EU27_2020,20595300,EXPQNT,2020,2061608
dataflow,ESTAT:DS-059358(1.0),A,EU27_2020,20595300,EXPQNT,2021,2639076
dataflow,ESTAT:DS-059358(1.0),A,EU27_2020,20595300,EXPQNT,2022,2477142
dataflow,ESTAT:DS-059358(1.0),A,EU27_2020,20595300,EXPQNT,2023,2249650
dataflow,ESTAT:DS-059358(1.0),A,EU27_2020,20595300,EXPQNT,2024,2064122
dataflow,ESTAT:DS-059358(1.0),A,EU27_2020,20595300,EXPVAL,2003,459238370
dataflow,ESTAT:DS-059358(1.0),A,EU27_2020,20595300,EXPVAL,2004,463330010
dataflow,ESTAT:DS-059358(1.0),A,EU27_2020,20595300,EXPVAL,2006,285063550
dataflow,ESTAT:DS-059358(1.0),A,EU27_2020,20595300,EXPVAL,2007,271513980
dataflow,ESTAT:DS-059358(1.0),A,EU27_2020,20595300,EXPVAL,2008,213069710
dataflow,ESTAT:DS-059358(1.0),A,EU27_2020,20595300,EXPVAL,2009,673874880
dataflow,ESTAT:DS-059358(1.0),A,EU27_2020,20595300,EXPVAL,2010,1107707080
dataflow,ESTAT:DS-059358(1.0),A,EU27_2020,20595300,EXPVAL,2011,1078875760
dataflow,ESTAT:DS-059358(1.0),A,EU27_2020,20595300,EXPVAL,2012,760948130
dataflow,ESTAT:DS-059358(1.0),A,EU27_2020,20595300,EXPVAL,2013,718581500
dataflow,ESTAT:DS-059358(1.0),A,EU27_2020,20595300,EXPVAL,2014,744394730
dataflow,ESTAT:DS-059358(1.0),A,EU27_2020,20595300,EXPVAL,2015,845129080
dataflow,ESTAT:DS-059358(1.0),A,EU27_2020,20595300,EXPVAL,2016,843021430
dataflow,ESTAT:DS-059358(1.0),A,EU27_2020,20595300,EXPVAL,2017,1016165300
dataflow,ESTAT:DS-059358(1.0),A,EU27_2020,20595300,EXPVAL,2018,1158709000
dataflow,ESTAT:DS-059358(1.0),A,EU27_2020,20595300,EXPVAL,2019,1151983673
dataflow,ESTAT:DS-059358(1.0),A,EU27_2020,20595300,EXPVAL,2020,1240181408
dataflow,ESTAT:DS-059358(1.0),A,EU27_2020,20595300,EXPVAL,2021,1351175294
dataflow,ESTAT:DS-059358(1.0),A,EU27_2020,20595300,EXPVAL,2022,1654342934
dataflow,ESTAT:DS-059358(1.0),A,EU27_2020,20595300,EXPVAL,2023,1523596449
dataflow,ESTAT:DS-059358(1.0),A,EU27_2020,20595300,EXPVAL,2024,1610929612
dataflow,ESTAT:DS-059358(1.0),A,EU27_2020,20595300,IMPQNT,2003,2086600
dataflow,ESTAT:DS-059358(1.0),A,EU27_2020,20595300,IMPQNT,2004,2604400
dataflow,ESTAT:DS-059358(1.0),A,EU27_2020,20595300,IMPQNT,2006,3820800
dataflow,ESTAT:DS-059358(1.0),A,EU27_2020,20595300,IMPQNT,2007,4012400
dataflow,ESTAT:DS-059358(1.0),A,EU27_2020,20595300,IMPQNT,2008,4640200
dataflow,ESTAT:DS-059358(1.0),A,EU27_2020,20595300,IMPQNT,2009,4517500
dataflow,ESTAT:DS-059358(1.0),A,EU27_2020,20595300,IMPQNT,2010,6060800
dataflow,ESTAT:DS-059358(1.0),A,EU27_2020,20595300,IMPQNT,2011,4400700
dataflow,ESTAT:DS-059358(1.0),A,EU27_2020,20595300,IMPQNT,2012,2885600
dataflow,ESTAT:DS-059358(1.0),A,EU27_2020,20595300,IMPQNT,2013,2325800
dataflow,ESTAT:DS-059358(1.0),A,EU27_2020,20595300,IMPQNT,2014,2993600
dataflow,ESTAT:DS-059358(1.0),A,EU27_2020,20595300,IMPQNT,2015,2817500
dataflow,ESTAT:DS-059358(1.0),A,EU27_2020,20595300,IMPQNT,2016,3774900
dataflow,ESTAT:DS-059358(1.0),A,EU27_2020,20595300,IMPQNT,2017,3532300
dataflow,ESTAT:DS-059358(1.0),A,EU27_2020,20595300,IMPQNT,2018,3016544
dataflow,ESTAT:DS-059358(1.0),A,EU27_2020,20595300,IMPQNT,2019,3054454
dataflow,ESTAT:DS-059358(1.0),A,EU27_2020,20595300,IMPQNT,2020,2691917
dataflow,ESTAT:DS-059358(1.0),A,EU27_2020,20595300,IMPQNT,2021,3652190
dataflow,ESTAT:DS-059358(1.0),A,EU27_2020,20595300,IMPQNT,2022,4245953
dataflow,ESTAT:DS-059358(1.0),A,EU27_2020,20595300,IMPQNT,2023,4361692
dataflow,ESTAT:DS-059358(1.0),A,EU27_2020,20595300,IMPQNT,2024,4024052
dataflow,ESTAT:DS-059358(1.0),A,EU27_2020,20595300,IMPVAL,2003,617921990
dataflow,ESTAT:DS-059358(1.0),A,EU27_2020,20595300,IMPVAL,2004,666241690
dataflow,ESTAT:DS-059358(1.0),A,EU27_2020,20595300,IMPVAL,2006,1020249260
dataflow,ESTAT:DS-059358(1.0),A,EU27_2020,20595300,IMPVAL,2007,1314044700
dataflow,ESTAT:DS-059358(1.0),A,EU27_2020,20595300,IMPVAL,2008,1547932210
dataflow,ESTAT:DS-059358(1.0),A,EU27_2020,20595300,IMPVAL,2009,1186361260
dataflow,ESTAT:DS-059358(1.0),A,EU27_2020,20595300,IMPVAL,2010,1267226400
dataflow,ESTAT:DS-059358(1.0),A,EU27_2020,20595300,IMPVAL,2011,1013515890
dataflow,ESTAT:DS-059358(1.0),A,EU27_2020,20595300,IMPVAL,2012,714484320
dataflow,ESTAT:DS-059358(1.0),A,EU27_2020,20595300,IMPVAL,2013,580856520
dataflow,ESTAT:DS-059358(1.0),A,EU27_2020,20595300,IMPVAL,2014,658230570
dataflow,ESTAT:DS-059358(1.0),A,EU27_2020,20595300,IMPVAL,2015,794204710
dataflow,ESTAT:DS-059358(1.0),A,EU27_2020,20595300,IMPVAL,2016,906333430
dataflow,ESTAT:DS-059358(1.0),A,EU27_2020,20595300,IMPVAL,2017,989379280
dataflow,ESTAT:DS-059358(1.0),A,EU27_2020,20595300,IMPVAL,2018,1056305129
dataflow,ESTAT:DS-059358(1.0),A,EU27_2020,20595300,IMPVAL,2019,1152137631
dataflow,ESTAT:DS-059358(1.0),A,EU27_2020,20595300,IMPVAL,2020,1111420331
dataflow,ESTAT:DS-059358(1.0),A,EU27_2020,20595300,IMPVAL,2021,1257623476
dataflow,ESTAT:DS-059358(1.0),A,EU27_2020,20595300,IMPVAL,2022,1640934875
dataflow,ESTAT:DS-059358(1.0),A,EU27_2020,20595300,IMPVAL,2023,1901669161
dataflow,ESTAT:DS-059358(1.0),A,EU27_2020,20595300,IMPVAL,2024,1827783598
dataflow,ESTAT:DS-059358(1.0),A,EU27_2020,20595300,OWNPRODQNT,2021,1714798
dataflow,ESTAT:DS-059358(1.0),A,EU27_2020,20595300,OWNPRODQNT,2022,1906425
dataflow,ESTAT:DS-059358(1.0),A,EU27_2020,20595300,OWNPRODQNT,2023,10413323
dataflow,ESTAT:DS-059358(1.0),A,EU27_2020,20595300,OWNPRODQNT,2024,9605903
dataflow,ESTAT:DS-059358(1.0),A,EU27_2020,20595300,OWNPRODVAL,2021,945620630
dataflow,ESTAT:DS-059358(1.0),A,EU27_2020,20595300,OWNPRODVAL,2022,1180317302
dataflow,ESTAT:DS-059358(1.0),A,EU27_2020,20595300,OWNPRODVAL,2023,2392637314
dataflow,ESTAT:DS-059358(1.0),A,EU27_2020,20595300,OWNPRODVAL,2024,1442372183
dataflow,ESTAT:DS-059358(1.0),A,EU27_2020,20595300,OWNQNTFLAG,2022,:E
dataflow,ESTAT:DS-059358(1.0),A,EU27_2020,20595300,OWNVALFLAG,2022,:E
dataflow,ESTAT:DS-059358(1.0),A,EU27_2020,20595300,PQNTBASE,2006,300000
dataflow,ESTAT:DS-059358(1.0),A,EU27_2020,20595300,PQNTBASE,2007,300000
dataflow,ESTAT:DS-059358(1.0),A,EU27_2020,20595300,PQNTBASE,2008,3000
dataflow,ESTAT:DS-059358(1.0),A,EU27_2020,20595300,PQNTBASE,2009,800000
dataflow,ESTAT:DS-059358(1.0),A,EU27_2020,20595300,PQNTBASE,2010,4000000
dataflow,ESTAT:DS-059358(1.0),A,EU27_2020,20595300,PQNTBASE,2011,4000
dataflow,ESTAT:DS-059358(1.0),A,EU27_2020,20595300,PQNTBASE,2012,4000
dataflow,ESTAT:DS-059358(1.0),A,EU27_2020,20595300,PQNTBASE,2013,4000
dataflow,ESTAT:DS-059358(1.0),A,EU27_2020,20595300,PQNTBASE,2014,4000
dataflow,ESTAT:DS-059358(1.0),A,EU27_2020,20595300,PQNTBASE,2015,5000
dataflow,ESTAT:DS-059358(1.0),A,EU27_2020,20595300,PQNTBASE,2016,3000
dataflow,ESTAT:DS-059358(1.0),A,EU27_2020,20595300,PQNTBASE,2017,4000
dataflow,ESTAT:DS-059358(1.0),A,EU27_2020,20595300,PQNTBASE,2018,6000
dataflow,ESTAT:DS-059358(1.0),A,EU27_2020,20595300,PQNTBASE,2019,7000
dataflow,ESTAT:DS-059358(1.0),A,EU27_2020,20595300,PQNTBASE,2021,700000
dataflow,ESTAT:DS-059358(1.0),A,EU27_2020,20595300,PQNTBASE,2022,600000
dataflow,ESTAT:DS-059358(1.0),A,EU27_2020,20595300,PQNTFLAG,2003,:E
dataflow,ESTAT:DS-059358(1.0),A,EU27_2020,20595300,PQNTFLAG,2004,:E
dataflow,ESTAT:DS-059358(1.0),A,EU27_2020,20595300,PQNTFLAG,2005,:E
dataflow,ESTAT:DS-059358(1.0),A,EU27_2020,20595300,PQNTFLAG,2006,:R
dataflow,ESTAT:DS-059358(1.0),A,EU27_2020,20595300,PQNTFLAG,2007,:R
dataflow,ESTAT:DS-059358(1.0),A,EU27_2020,20595300,PQNTFLAG,2008,:R
dataflow,ESTAT:DS-059358(1.0),A,EU27_2020,20595300,PQNTFLAG,2009,:R
dataflow,ESTAT:DS-059358(1.0),A,EU27_2020,20595300,PQNTFLAG,2010,:R
dataflow,ESTAT:DS-059358(1.0),A,EU27_2020,20595300,PQNTFLAG,2011,:R
dataflow,ESTAT:DS-059358(1.0),A,EU27_2020,20595300,PQNTFLAG,2012,:R
dataflow,ESTAT:DS-059358(1.0),A,EU27_2020,20595300,PQNTFLAG,2013,:R
dataflow,ESTAT:DS-059358(1.0),A,EU27_2020,20595300,PQNTFLAG,2014,:R
dataflow,ESTAT:DS-059358(1.0),A,EU27_2020,20595300,PQNTFLAG,2015,:R
dataflow,ESTAT:DS-059358(1.0),A,EU27_2020,20595300,PQNTFLAG,2016,:R
dataflow,ESTAT:DS-059358(1.0),A,EU27_2020,20595300,PQNTFLAG,2017,:R
dataflow,ESTAT:DS-059358(1.0),A,EU27_2020,20595300,PQNTFLAG,2018,:R
dataflow,ESTAT:DS-059358(1.0),A,EU27_2020,20595300,PQNTFLAG,2019,:R
dataflow,ESTAT:DS-059358(1.0),A,EU27_2020,20595300,PQNTFLAG,2021,:R
dataflow,ESTAT:DS-059358(1.0),A,EU27_2020,20595300,PQNTFLAG,2022,:R
dataflow,ESTAT:DS-059358(1.0),A,EU27_2020,20595300,PRODQNT,2003,4384059
dataflow,ESTAT:DS-059358(1.0),A,EU27_2020,20595300,PRODQNT,2004,3117549
dataflow,ESTAT:DS-059358(1.0),A,EU27_2020,20595300,PRODQNT,2005,2958697
dataflow,ESTAT:DS-059358(1.0),A,EU27_2020,20595300,PRODQNT,2006,3233104
dataflow,ESTAT:DS-059358(1.0),A,EU27_2020,20595300,PRODQNT,2007,3655531
dataflow,ESTAT:DS-059358(1.0),A,EU27_2020,20595300,PRODQNT,2008,4713790
dataflow,ESTAT:DS-059358(1.0),A,EU27_2020,20595300,PRODQNT,2009,3995414
dataflow,ESTAT:DS-059358(1.0),A,EU27_2020,20595300,PRODQNT,2010,8000000
dataflow,ESTAT:DS-059358(1.0),A,EU27_2020,20595300,PRODQNT,2011,5336049
dataflow,ESTAT:DS-059358(1.0),A,EU27_2020,20595300,PRODQNT,2012,4364351
dataflow,ESTAT:DS-059358(1.0),A,EU27_2020,20595300,PRODQNT,2013,3783542
dataflow,ESTAT:DS-059358(1.0),A,EU27_2020,20595300,PRODQNT,2014,2814845
dataflow,ESTAT:DS-059358(1.0),A,EU27_2020,20595300,PRODQNT,2015,2903489
dataflow,ESTAT:DS-059358(1.0),A,EU27_2020,20595300,PRODQNT,2016,3027343
dataflow,ESTAT:DS-059358(1.0),A,EU27_2020,20595300,PRODQNT,2017,2560516
dataflow,ESTAT:DS-059358(1.0),A,EU27_2020,20595300,PRODQNT,2018,2345679
dataflow,ESTAT:DS-059358(1.0),A,EU27_2020,20595300,PRODQNT,2019,1496347
dataflow,ESTAT:DS-059358(1.0),A,EU27_2020,20595300,PRODQNT,2020,1972973
dataflow,ESTAT:DS-059358(1.0),A,EU27_2020,20595300,PRODQNT,2021,1400000
dataflow,ESTAT:DS-059358(1.0),A,EU27_2020,20595300,PRODQNT,2022,2400000
dataflow,ESTAT:DS-059358(1.0),A,EU27_2020,20595300,PRODQNT,2023,10519580
dataflow,ESTAT:DS-059358(1.0),A,EU27_2020,20595300,PRODQNT,2024,9697947
dataflow,ESTAT:DS-059358(1.0),A,EU27_2020,20595300,PRODVAL,2003,870512397
dataflow,ESTAT:DS-059358(1.0),A,EU27_2020,20595300,PRODVAL,2004,943086262
dataflow,ESTAT:DS-059358(1.0),A,EU27_2020,20595300,PRODVAL,2005,1150402169
dataflow,ESTAT:DS-059358(1.0),A,EU27_2020,20595300,PRODVAL,2006,1445036832
dataflow,ESTAT:DS-059358(1.0),A,EU27_2020,20595300,PRODVAL,2007,1737175849
dataflow,ESTAT:DS-059358(1.0),A,EU27_2020,20595300,PRODVAL,2008,2000000000
dataflow,ESTAT:DS-059358(1.0),A,EU27_2020,20595300,PRODVAL,2009,1321885878
dataflow,ESTAT:DS-059358(1.0),A,EU27_2020,20595300,PRODVAL,2010,1702362328
dataflow,ESTAT:DS-059358(1.0),A,EU27_2020,20595300,PRODVAL,2011,1703111262
dataflow,ESTAT:DS-059358(1.0),A,EU27_2020,20595300,PRODVAL,2012,1055340988
dataflow,ESTAT:DS-059358(1.0),A,EU27_2020,20595300,PRODVAL,2013,782245277
dataflow,ESTAT:DS-059358(1.0),A,EU27_2020,20595300,PRODVAL,2014,701723669
dataflow,ESTAT:DS-059358(1.0),A,EU27_2020,20595300,PRODVAL,2015,760910852
dataflow,ESTAT:DS-059358(1.0),A,EU27_2020,20595300,PRODVAL,2016,704104985
dataflow,ESTAT:DS-059358(1.0),A,EU27_2020,20595300,PRODVAL,2017,816868217
dataflow,ESTAT:DS-059358(1.0),A,EU27_2020,20595300,PRODVAL,2018,989065593
dataflow,ESTAT:DS-059358(1.0),A,EU27_2020,20595300,PRODVAL,2019,890254347
dataflow,ESTAT:DS-059358(1.0),A,EU27_2020,20595300,PRODVAL,2020,946952465
dataflow,ESTAT:DS-059358(1.0),A,EU27_2020,20595300,PRODVAL,2021,900000000
dataflow,ESTAT:DS-059358(1.0),A,EU27_2020,20595300,PRODVAL,2022,1400000000
dataflow,ESTAT:DS-059358(1.0),A,EU27_2020,20595300,PRODVAL,2023,2565429133
dataflow,ESTAT:DS-059358(1.0),A,EU27_2020,20595300,PRODVAL,2024,1588087758
dataflow,ESTAT:DS-059358(1.0),A,EU27_2020,20595300,PVALBASE,2004,4000000
dataflow,ESTAT:DS-059358(1.0),A,EU27_2020,20595300,PVALBASE,2008,2000000000
dataflow,ESTAT:DS-059358(1.0),A,EU27_2020,20595300,PVALBASE,2010,7000000
dataflow,ESTAT:DS-059358(1.0),A,EU27_2020,20595300,PVALBASE,2012,8000000
dataflow,ESTAT:DS-059358(1.0),A,EU27_2020,20595300,PVALBASE,2013,8000000
dataflow,ESTAT:DS-059358(1.0),A,EU27_2020,20595300,PVALBASE,2014,9000000
dataflow,ESTAT:DS-059358(1.0),A,EU27_2020,20595300,PVALBASE,2015,9000000
dataflow,ESTAT:DS-059358(1.0),A,EU27_2020,20595300,PVALBASE,2016,30000000
dataflow,ESTAT:DS-059358(1.0),A,EU27_2020,20595300,PVALBASE,2017,30000000
dataflow,ESTAT:DS-059358(1.0),A,EU27_2020,20595300,PVALBASE,2018,20000000
dataflow,ESTAT:DS-059358(1.0),A,EU27_2020,20595300,PVALBASE,2019,20000000
dataflow,ESTAT:DS-059358(1.0),A,EU27_2020,20595300,PVALBASE,2021,300000000
dataflow,ESTAT:DS-059358(1.0),A,EU27_2020,20595300,PVALBASE,2022,200000000
dataflow,ESTAT:DS-059358(1.0),A,EU27_2020,20595300,PVALFLAG,2003,:E
dataflow,ESTAT:DS-059358(1.0),A,EU27_2020,20595300,PVALFLAG,2004,:R
dataflow,ESTAT:DS-059358(1.0),A,EU27_2020,20595300,PVALFLAG,2008,:R
dataflow,ESTAT:DS-059358(1.0),A,EU27_2020,20595300,PVALFLAG,2010,:R
dataflow,ESTAT:DS-059358(1.0),A,EU27_2020,20595300,PVALFLAG,2012,:R
dataflow,ESTAT:DS-059358(1.0),A,EU27_2020,20595300,PVALFLAG,2013,:R
dataflow,ESTAT:DS-059358(1.0),A,EU27_2020,20595300,PVALFLAG,2014,:R
dataflow,ESTAT:DS-059358(1.0),A,EU27_2020,20595300,PVALFLAG,2015,:R
dataflow,ESTAT:DS-059358(1.0),A,EU27_2020,20595300,PVALFLAG,2016,:R
dataflow,ESTAT:DS-059358(1.0),A,EU27_2020,20595300,PVALFLAG,2017,:R
dataflow,ESTAT:DS-059358(1.0),A,EU27_2020,20595300,PVALFLAG,2018,:R
dataflow,ESTAT:DS-059358(1.0),A,EU27_2020,20595300,PVALFLAG,2019,:R
dataflow,ESTAT:DS-059358(1.0),A,EU27_2020,20595300,PVALFLAG,2021,:R
dataflow,ESTAT:DS-059358(1.0),A,EU27_2020,20595300,PVALFLAG,2022,:R
dataflow,ESTAT:DS-059358(1.0),A,EU27_2020,20595300,QNTUNIT,2003,KG
dataflow,ESTAT:DS-059358(1.0),A,EU27_2020,20595300,QNTUNIT,2004,KG
dataflow,ESTAT:DS-059358(1.0),A,EU27_2020,20595300,QNTUNIT,2005,KG
dataflow,ESTAT:DS-059358(1.0),A,EU27_2020,20595300,QNTUNIT,2006,KG
dataflow,ESTAT:DS-059358(1.0),A,EU27_2020,20595300,QNTUNIT,2007,KG
dataflow,ESTAT:DS-059358(1.0),A,EU27_2020,20595300,QNTUNIT,2008,KG
dataflow,ESTAT:DS-059358(1.0),A,EU27_2020,20595300,QNTUNIT,2009,KG
dataflow,ESTAT:DS-059358(1.0),A,EU27_2020,20595300,QNTUNIT,2010,KG
dataflow,ESTAT:DS-059358(1.0),A,EU27_2020,20595300,QNTUNIT,2011,KG
dataflow,ESTAT:DS-059358(1.0),A,EU27_2020,20595300,QNTUNIT,2012,KG
dataflow,ESTAT:DS-059358(1.0),A,EU27_2020,20595300,QNTUNIT,2013,KG
dataflow,ESTAT:DS-059358(1.0),A,EU27_2020,20595300,QNTUNIT,2014,KG
dataflow,ESTAT:DS-059358(1.0),A,EU27_2020,20595300,QNTUNIT,2015,KG
dataflow,ESTAT:DS-059358(1.0),A,EU27_2020,20595300,QNTUNIT,2016,KG
dataflow,ESTAT:DS-059358(1.0),A,EU27_2020,20595300,QNTUNIT,2017,KG
dataflow,ESTAT:DS-059358(1.0),A,EU27_2020,20595300,QNTUNIT,2018,KG
dataflow,ESTAT:DS-059358(1.0),A,EU27_2020,20595300,QNTUNIT,2019,KG
dataflow,ESTAT:DS-059358(1.0),A,EU27_2020,20595300,QNTUNIT,2020,KG
dataflow,ESTAT:DS-059358(1.0),A,EU27_2020,20595300,QNTUNIT,2021,kg
dataflow,ESTAT:DS-059358(1.0),A,EU27_2020,20595300,QNTUNIT,2022,kg
dataflow,ESTAT:DS-059358(1.0),A,EU27_2020,20595300,QNTUNIT,2023,kg
dataflow,ESTAT:DS-059358(1.0),A,EU27_2020,20595300,QNTUNIT,2024,kg
dataflow,ESTAT:DS-059358(1.0),A,EU27_2020,20595300,SCPRODQNT,2021,150000
dataflow,ESTAT:DS-059358(1.0),A,EU27_2020,20595300,SCPRODQNT,2022,90000
dataflow,ESTAT:DS-059358(1.0),A,EU27_2020,20595300,SCPRODQNT,2023,106257
dataflow,ESTAT:DS-059358(1.0),A,EU27_2020,20595300,SCPRODQNT,2024,92043
dataflow,ESTAT:DS-059358(1.0),A,EU27_2020,20595300,SCPRODVAL,2021,60000000
dataflow,ESTAT:DS-059358(1.0),A,EU27_2020,20595300,SCPRODVAL,2022,90000000
dataflow,ESTAT:DS-059358(1.0),A,EU27_2020,20595300,SCPRODVAL,2023,172791819
dataflow,ESTAT:DS-059358(1.0),A,EU27_2020,20595300,SCPRODVAL,2024,145715575
dataflow,ESTAT:DS-059358(1.0),A,EU27_2020,20595300,SCQNTBASE,2021,50000
dataflow,ESTAT:DS-059358(1.0),A,EU27_2020,20595300,SCQNTBASE,2022,30000
dataflow,ESTAT:DS-059358(1.0),A,EU27_2020,20595300,SCQNTFLAG,2021,:R
dataflow,ESTAT:DS-059358(1.0),A,EU27_2020,20595300,SCQNTFLAG,2022,:R
dataflow,ESTAT:DS-059358(1.0),A,EU27_2020,20595300,SCVALBASE,2021,30000000
dataflow,ESTAT:DS-059358(1.0),A,EU27_2020,20595300,SCVALBASE,2022,30000000
dataflow,ESTAT:DS-059358(1.0),A,EU27_2020,20595300,SCVALFLAG,2021,:R
dataflow,ESTAT:DS-059358(1.0),A,EU27_2020,20595300,SCVALFLAG,2022,:R
dataflow,ESTAT:DS-059358(1.0),A,EU27_2020,24453073,EXPQNT,2019,3734
dataflow,ESTAT:DS-059358(1.0),A,EU27_2020,24453073,EXPQNT,2020,3105
dataflow,ESTAT:DS-059358(1.0),A,EU27_2020,24453073,EXPQNT,2021,8595
dataflow,ESTAT:DS-059358(1.0),A,EU27_2020,24453073,EXPQNT,2022,29359
dataflow,ESTAT:DS-059358(1.0),A,EU27_2020,24453073,EXPQNT,2023,11302
dataflow,ESTAT:DS-059358(1.0),A,EU27_2020,24453073,EXPQNT,2024,7354
dataflow,ESTAT:DS-059358(1.0),A,EU27_2020,24453073,EXPVAL,2019,1137077
dataflow,ESTAT:DS-059358(1.0),A,EU27_2020,24453073,EXPVAL,2020,627858
dataflow,ESTAT:DS-059358(1.0),A,EU27_2020,24453073,EXPVAL,2021,2430253
dataflow,ESTAT:DS-059358(1.0),A,EU27_2020,24453073,EXPVAL,2022,12204170
dataflow,ESTAT:DS-059358(1.0),A,EU27_2020,24453073,EXPVAL,2023,4806550
dataflow,ESTAT:DS-059358(1.0),A,EU27_2020,24453073,EXPVAL,2024,3437486
dataflow,ESTAT:DS-059358(1.0),A,EU27_2020,24453073,IMPQNT,2019,25856
dataflow,ESTAT:DS-059358(1.0),A,EU27_2020,24453073,IMPQNT,2020,39982
dataflow,ESTAT:DS-059358(1.0),A,EU27_2020,24453073,IMPQNT,2021,49998
dataflow,ESTAT:DS-059358(1.0),A,EU27_2020,24453073,IMPQNT,2022,50808
dataflow,ESTAT:DS-059358(1.0),A,EU27_2020,24453073,IMPQNT,2023,21869
dataflow,ESTAT:DS-059358(1.0),A,EU27_2020,24453073,IMPQNT,2024,26570
dataflow,ESTAT:DS-059358(1.0),A,EU27_2020,24453073,IMPVAL,2019,4499351
dataflow,ESTAT:DS-059358(1.0),A,EU27_2020,24453073,IMPVAL,2020,6946106
dataflow,ESTAT:DS-059358(1.0),A,EU27_2020,24453073,IMPVAL,2021,8793701
dataflow,ESTAT:DS-059358(1.0),A,EU27_2020,24453073,IMPVAL,2022,15503214
dataflow,ESTAT:DS-059358(1.0),A,EU27_2020,24453073,IMPVAL,2023,7266504
dataflow,ESTAT:DS-059358(1.0),A,EU27_2020,24453073,IMPVAL,2024,9575298
dataflow,ESTAT:DS-059358(1.0),A,EU27_2020,24453073,OWNPRODQNT,2023,16050
dataflow,ESTAT:DS-059358(1.0),A,EU27_2020,24453073,OWNPRODQNT,2024,12190
dataflow,ESTAT:DS-059358(1.0),A,EU27_2020,24453073,OWNPRODVAL,2023,875000
dataflow,ESTAT:DS-059358(1.0),A,EU27_2020,24453073,OWNPRODVAL,2024,782000
dataflow,ESTAT:DS-059358(1.0),A,EU27_2020,24453073,OWNQNTFLAG,2021,:U
dataflow,ESTAT:DS-059358(1.0),A,EU27_2020,24453073,OWNQNTFLAG,2022,:U
dataflow,ESTAT:DS-059358(1.0),A,EU27_2020,24453073,OWNQNTFLAG,2023,:E
dataflow,ESTAT:DS-059358(1.0),A,EU27_2020,24453073,OWNQNTFLAG,2024,:E
dataflow,ESTAT:DS-059358(1.0),A,EU27_2020,24453073,OWNVALFLAG,2021,:U
dataflow,ESTAT:DS-059358(1.0),A,EU27_2020,24453073,OWNVALFLAG,2022,:U
dataflow,ESTAT:DS-059358(1.0),A,EU27_2020,24453073,OWNVALFLAG,2023,:E
dataflow,ESTAT:DS-059358(1.0),A,EU27_2020,24453073,OWNVALFLAG,2024,:E
dataflow,ESTAT:DS-059358(1.0),A,EU27_2020,24453073,PQNTFLAG,2019,:U
dataflow,ESTAT:DS-059358(1.0),A,EU27_2020,24453073,PQNTFLAG,2020,:U
dataflow,ESTAT:DS-059358(1.0),A,EU27_2020,24453073,PQNTFLAG,2021,:U
dataflow,ESTAT:DS-059358(1.0),A,EU27_2020,24453073,PQNTFLAG,2022,:U
dataflow,ESTAT:DS-059358(1.0),A,EU27_2020,24453073,PQNTFLAG,2023,:E
dataflow,ESTAT:DS-059358(1.0),A,EU27_2020,24453073,PQNTFLAG,2024,:E
dataflow,ESTAT:DS-059358(1.0),A,EU27_2020,24453073,PRODQNT,2023,16050
dataflow,ESTAT:DS-059358(1.0),A,EU27_2020,24453073,PRODQNT,2024,12190
dataflow,ESTAT:DS-059358(1.0),A,EU27_2020,24453073,PRODVAL,2023,875000
dataflow,ESTAT:DS-059358(1.0),A,EU27_2020,24453073,PRODVAL,2024,782000
dataflow,ESTAT:DS-059358(1.0),A,EU27_2020,24453073,PVALFLAG,2019,:U
dataflow,ESTAT:DS-059358(1.0),A,EU27_2020,24453073,PVALFLAG,2020,:U
dataflow,ESTAT:DS-059358(1.0),A,EU27_2020,24453073,PVALFLAG,2021,:U
dataflow,ESTAT:DS-059358(1.0),A,EU27_2020,24453073,PVALFLAG,2022,:U
dataflow,ESTAT:DS-059358(1.0),A,EU27_2020,24453073,PVALFLAG,2023,:E
dataflow,ESTAT:DS-059358(1.0),A,EU27_2020,24453073,PVALFLAG,2024,:E
dataflow,ESTAT:DS-059358(1.0),A,EU27_2020,24453073,QNTUNIT,2019,KG
dataflow,ESTAT:DS-059358(1.0),A,EU27_2020,24453073,QNTUNIT,2020,KG
dataflow,ESTAT:DS-059358(1.0),A,EU27_2020,24453073,QNTUNIT,2021,KG
dataflow,ESTAT:DS-059358(1.0),A,EU27_2020,24453073,QNTUNIT,2022,KG
dataflow,ESTAT:DS-059358(1.0),A,EU27_2020,24453073,QNTUNIT,2023,KG
dataflow,ESTAT:DS-059358(1.0),A,EU27_2020,24453073,QNTUNIT,2024,KG
dataflow,ESTAT:DS-059358(1.0),A,EU27_2020,24453073,SCPRODQNT,2021,0
dataflow,ESTAT:DS-059358(1.0),A,EU27_2020,24453073,SCPRODQNT,2022,0
dataflow,ESTAT:DS-059358(1.0),A,EU27_2020,24453073,SCPRODQNT,2023,0
dataflow,ESTAT:DS-059358(1.0),A,EU27_2020,24453073,SCPRODQNT,2024,0
dataflow,ESTAT:DS-059358(1.0),A,EU27_2020,24453073,SCPRODVAL,2021,0
dataflow,ESTAT:DS-059358(1.0),A,EU27_2020,24453073,SCPRODVAL,2022,0
dataflow,ESTAT:DS-059358(1.0),A,EU27_2020,24453073,SCPRODVAL,2023,0
dataflow,ESTAT:DS-059358(1.0),A,EU27_2020,24453073,SCPRODVAL,2024,0
dataflow,ESTAT:DS-059358(1.0),A,EU27_2020,24453074,OWNPRODQNT,2022,21600
dataflow,ESTAT:DS-059358(1.0),A,EU27_2020,24453074,OWNPRODQNT,2023,16800
dataflow,ESTAT:DS-059358(1.0),A,EU27_2020,24453074,OWNPRODQNT,2024,12195
dataflow,ESTAT:DS-059358(1.0),A,EU27_2020,24453074,OWNPRODVAL,2022,780000
dataflow,ESTAT:DS-059358(1.0),A,EU27_2020,24453074,OWNPRODVAL,2023,960000
dataflow,ESTAT:DS-059358(1.0),A,EU27_2020,24453074,OWNPRODVAL,2024,783200
dataflow,ESTAT:DS-059358(1.0),A,EU27_2020,24453074,OWNQNTBASE,2022,800
dataflow,ESTAT:DS-059358(1.0),A,EU27_2020,24453074,OWNQNTBASE,2023,300
dataflow,ESTAT:DS-059358(1.0),A,EU27_2020,24453074,OWNQNTBASE,2024,5
dataflow,ESTAT:DS-059358(1.0),A,EU27_2020,24453074,OWNQNTFLAG,2022,:R
dataflow,ESTAT:DS-059358(1.0),A,EU27_2020,24453074,OWNQNTFLAG,2023,:R
dataflow,ESTAT:DS-059358(1.0),A,EU27_2020,24453074,OWNQNTFLAG,2024,:R
dataflow,ESTAT:DS-059358(1.0),A,EU27_2020,24453074,OWNVALBASE,2022,30000
dataflow,ESTAT:DS-059358(1.0),A,EU27_2020,24453074,OWNVALBASE,2023,80000
dataflow,ESTAT:DS-059358(1.0),A,EU27_2020,24453074,OWNVALBASE,2024,400
dataflow,ESTAT:DS-059358(1.0),A,EU27_2020,24453074,OWNVALFLAG,2022,:R
dataflow,ESTAT:DS-059358(1.0),A,EU27_2020,24453074,OWNVALFLAG,2023,:R
dataflow,ESTAT:DS-059358(1.0),A,EU27_2020,24453074,OWNVALFLAG,2024,:R
dataflow,ESTAT:DS-059358(1.0),A,EU27_2020,24453074,PQNTBASE,2022,400
dataflow,ESTAT:DS-059358(1.0),A,EU27_2020,24453074,PQNTBASE,2023,600
dataflow,ESTAT:DS-059358(1.0),A,EU27_2020,24453074,PQNTBASE,2024,6
dataflow,ESTAT:DS-059358(1.0),A,EU27_2020,24453074,PQNTFLAG,2022,:R
dataflow,ESTAT:DS-059358(1.0),A,EU27_2020,24453074,PQNTFLAG,2023,:R
dataflow,ESTAT:DS-059358(1.0),A,EU27_2020,24453074,PQNTFLAG,2024,:R
dataflow,ESTAT:DS-059358(1.0),A,EU27_2020,24453074,PRODQNT,2022,43200
dataflow,ESTAT:DS-059358(1.0),A,EU27_2020,24453074,PRODQNT,2023,33600
dataflow,ESTAT:DS-059358(1.0),A,EU27_2020,24453074,PRODQNT,2024,33024
dataflow,ESTAT:DS-059358(1.0),A,EU27_2020,24453074,PRODVAL,2022,2800000
dataflow,ESTAT:DS-059358(1.0),A,EU27_2020,24453074,PRODVAL,2023,3200000
dataflow,ESTAT:DS-059358(1.0),A,EU27_2020,24453074,PRODVAL,2024,2400000
dataflow,ESTAT:DS-059358(1.0),A,EU27_2020,24453074,PVALBASE,2022,700000
dataflow,ESTAT:DS-059358(1.0),A,EU27_2020,24453074,PVALBASE,2023,800000
dataflow,ESTAT:DS-059358(1.0),A,EU27_2020,24453074,PVALBASE,2024,800000
dataflow,ESTAT:DS-059358(1.0),A,EU27_2020,24453074,PVALFLAG,2022,:R
dataflow,ESTAT:DS-059358(1.0),A,EU27_2020,24453074,PVALFLAG,2023,:R
dataflow,ESTAT:DS-059358(1.0),A,EU27_2020,24453074,PVALFLAG,2024,:R
dataflow,ESTAT:DS-059358(1.0),A,EU27_2020,24453074,QNTUNIT,2022,KG
dataflow,ESTAT:DS-059358(1.0),A,EU27_2020,24453074,QNTUNIT,2023,KG
dataflow,ESTAT:DS-059358(1.0),A,EU27_2020,24453074,QNTUNIT,2024,KG
dataflow,ESTAT:DS-059358(1.0),A,EU27_2020,24453074,SCPRODQNT,2022,22313
dataflow,ESTAT:DS-059358(1.0),A,EU27_2020,24453074,SCPRODQNT,2023,17078
dataflow,ESTAT:DS-059358(1.0),A,EU27_2020,24453074,SCPRODQNT,2024,20828
dataflow,ESTAT:DS-059358(1.0),A,EU27_2020,24453074,SCPRODVAL,2022,3000000
dataflow,ESTAT:DS-059358(1.0),A,EU27_2020,24453074,SCPRODVAL,2023,2000000
dataflow,ESTAT:DS-059358(1.0),A,EU27_2020,24453074,SCPRODVAL,2024,2400000
dataflow,ESTAT:DS-059358(1.0),A,EU27_2020,24453074,SCVALBASE,2022,3000000
dataflow,ESTAT:DS-059358(1.0),A,EU27_2020,24453074,SCVALBASE,2023,2000000
dataflow,ESTAT:DS-059358(1.0),A,EU27_2020,24453074,SCVALBASE,2024,600000
dataflow,ESTAT:DS-059358(1.0),A,EU27_2020,24453074,SCVALFLAG,2022,:R
dataflow,ESTAT:DS-059358(1.0),A,EU27_2020,24453074,SCVALFLAG,2023,:R
dataflow,ESTAT:DS-059358(1.0),A,EU27_2020,24453074,SCVALFLAG,2024,:R
dataflow,ESTAT:DS-059358(1.0),A,EU27_2020,25992995,EXPQNT,2003,1267300
dataflow,ESTAT:DS-059358(1.0),A,EU27_2020,25992995,EXPQNT,2004,1192700
dataflow,ESTAT:DS-059358(1.0),A,EU27_2020,25992995,EXPQNT,2006,1346800
dataflow,ESTAT:DS-059358(1.0),A,EU27_2020,25992995,EXPQNT,2007,1530400
dataflow,ESTAT:DS-059358(1.0),A,EU27_2020,25992995,EXPQNT,2008,2271200
dataflow,ESTAT:DS-059358(1.0),A,EU27_2020,25992995,EXPQNT,2009,1985700
dataflow,ESTAT:DS-059358(1.0),A,EU27_2020,25992995,EXPQNT,2010,2302000
dataflow,ESTAT:DS-059358(1.0),A,EU27_2020,25992995,EXPQNT,2011,2486600
dataflow,ESTAT:DS-059358(1.0),A,EU27_2020,25992995,EXPQNT,2012,3101300
dataflow,ESTAT:DS-059358(1.0),A,EU27_2020,25992995,EXPQNT,2013,2817500
dataflow,ESTAT:DS-059358(1.0),A,EU27_2020,25992995,EXPQNT,2014,2546000
dataflow,ESTAT:DS-059358(1.0),A,EU27_2020,25992995,EXPQNT,2015,2783400
dataflow,ESTAT:DS-059358(1.0),A,EU27_2020,25992995,EXPQNT,2016,2359500
dataflow,ESTAT:DS-059358(1.0),A,EU27_2020,25992995,EXPQNT,2017,2607300
dataflow,ESTAT:DS-059358(1.0),A,EU27_2020,25992995,EXPQNT,2018,5145923
dataflow,ESTAT:DS-059358(1.0),A,EU27_2020,25992995,EXPQNT,2019,3801147
dataflow,ESTAT:DS-059358(1.0),A,EU27_2020,25992995,EXPQNT,2020,2360056
dataflow,ESTAT:DS-059358(1.0),A,EU27_2020,25992995,EXPQNT,2021,5622344
dataflow,ESTAT:DS-059358(1.0),A,EU27_2020,25992995,EXPQNT,2022,4270952
dataflow,ESTAT:DS-059358(1.0),A,EU27_2020,25992995,EXPQNT,2023,2071597
dataflow,ESTAT:DS-059358(1.0),A,EU27_2020,25992995,EXPQNT,2024,1698365
dataflow,ESTAT:DS-059358(1.0),A,EU27_2020,25992995,EXPVAL,2003,63897880
dataflow,ESTAT:DS-059358(1.0),A,EU27_2020,25992995,EXPVAL,2004,77567670
dataflow,ESTAT:DS-059358(1.0),A,EU27_2020,25992995,EXPVAL,2006,54124040
dataflow,ESTAT:DS-059358(1.0),A,EU27_2020,25992995,EXPVAL,2007,62948270
dataflow,ESTAT:DS-059358(1.0),A,EU27_2020,25992995,EXPVAL,2008,69408620
dataflow,ESTAT:DS-059358(1.0),A,EU27_2020,25992995,EXPVAL,2009,46768790
dataflow,ESTAT:DS-059358(1.0),A,EU27_2020,25992995,EXPVAL,2010,71881400
dataflow,ESTAT:DS-059358(1.0),A,EU27_2020,25992995,EXPVAL,2011,111356710
dataflow,ESTAT:DS-059358(1.0),A,EU27_2020,25992995,EXPVAL,2012,121312190
dataflow,ESTAT:DS-059358(1.0),A,EU27_2020,25992995,EXPVAL,2013,96034480
dataflow,ESTAT:DS-059358(1.0),A,EU27_2020,25992995,EXPVAL,2014,89146790
dataflow,ESTAT:DS-059358(1.0),A,EU27_2020,25992995,EXPVAL,2015,102540190
dataflow,ESTAT:DS-059358(1.0),A,EU27_2020,25992995,EXPVAL,2016,99886040
dataflow,ESTAT:DS-059358(1.0),A,EU27_2020,25992995,EXPVAL,2017,107736690
dataflow,ESTAT:DS-059358(1.0),A,EU27_2020,25992995,EXPVAL,2018,109326348
dataflow,ESTAT:DS-059358(1.0),A,EU27_2020,25992995,EXPVAL,2019,104179234
dataflow,ESTAT:DS-059358(1.0),A,EU27_2020,25992995,EXPVAL,2020,90980341
dataflow,ESTAT:DS-059358(1.0),A,EU27_2020,25992995,EXPVAL,2021,110965487
dataflow,ESTAT:DS-059358(1.0),A,EU27_2020,25992995,EXPVAL,2022,137677072
dataflow,ESTAT:DS-059358(1.0),A,EU27_2020,25992995,EXPVAL,2023,115751964
dataflow,ESTAT:DS-059358(1.0),A,EU27_2020,25992995,EXPVAL,2024,112604649
dataflow,ESTAT:DS-059358(1.0),A,EU27_2020,25992995,IMPQNT,2003,10702900
dataflow,ESTAT:DS-059358(1.0),A,EU27_2020,25992995,IMPQNT,2004,12620200
dataflow,ESTAT:DS-059358(1.0),A,EU27_2020,25992995,IMPQNT,2006,14472200
dataflow,ESTAT:DS-059358(1.0),A,EU27_2020,25992995,IMPQNT,2007,19703800
dataflow,ESTAT:DS-059358(1.0),A,EU27_2020,25992995,IMPQNT,2008,20448900
dataflow,ESTAT:DS-059358(1.0),A,EU27_2020,25992995,IMPQNT,2009,16882400
dataflow,ESTAT:DS-059358(1.0),A,EU27_2020,25992995,IMPQNT,2010,24800100
dataflow,ESTAT:DS-059358(1.0),A,EU27_2020,25992995,IMPQNT,2011,21027100
dataflow,ESTAT:DS-059358(1.0),A,EU27_2020,25992995,IMPQNT,2012,18524500
dataflow,ESTAT:DS-059358(1.0),A,EU27_2020,25992995,IMPQNT,2013,18821200
dataflow,ESTAT:DS-059358(1.0),A,EU27_2020,25992995,IMPQNT,2014,22439400
dataflow,ESTAT:DS-059358(1.0),A,EU27_2020,25992995,IMPQNT,2015,22628500
dataflow,ESTAT:DS-059358(1.0),A,EU27_2020,25992995,IMPQNT,2016,24807300
dataflow,ESTAT:DS-059358(1.0),A,EU27_2020,25992995,IMPQNT,2017,25743400
dataflow,ESTAT:DS-059358(1.0),A,EU27_2020,25992995,IMPQNT,2018,28278946
dataflow,ESTAT:DS-059358(1.0),A,EU27_2020,25992995,IMPQNT,2019,30670125
dataflow,ESTAT:DS-059358(1.0),A,EU27_2020,25992995,IMPQNT,2020,27488099
dataflow,ESTAT:DS-059358(1.0),A,EU27_2020,25992995,IMPQNT,2021,30180196
dataflow,ESTAT:DS-059358(1.0),A,EU27_2020,25992995,IMPQNT,2022,38230603
dataflow,ESTAT:DS-059358(1.0),A,EU27_2020,25992995,IMPQNT,2023,36599499
dataflow,ESTAT:DS-059358(1.0),A,EU27_2020,25992995,IMPQNT,2024,37298375
dataflow,ESTAT:DS-059358(1.0),A,EU27_2020,25992995,IMPVAL,2003,142879290
dataflow,ESTAT:DS-059358(1.0),A,EU27_2020,25992995,IMPVAL,2004,112726760
dataflow,ESTAT:DS-059358(1.0),A,EU27_2020,25992995,IMPVAL,2006,126730980
dataflow,ESTAT:DS-059358(1.0),A,EU27_2020,25992995,IMPVAL,2007,155817450
dataflow,ESTAT:DS-059358(1.0),A,EU27_2020,25992995,IMPVAL,2008,176542680
dataflow,ESTAT:DS-059358(1.0),A,EU27_2020,25992995,IMPVAL,2009,133331110
dataflow,ESTAT:DS-059358(1.0),A,EU27_2020,25992995,IMPVAL,2010,212594840
dataflow,ESTAT:DS-059358(1.0),A,EU27_2020,25992995,IMPVAL,2011,438554150
dataflow,ESTAT:DS-059358(1.0),A,EU27_2020,25992995,IMPVAL,2012,580770800
dataflow,ESTAT:DS-059358(1.0),A,EU27_2020,25992995,IMPVAL,2013,457204290
dataflow,ESTAT:DS-059358(1.0),A,EU27_2020,25992995,IMPVAL,2014,456139790
dataflow,ESTAT:DS-059358(1.0),A,EU27_2020,25992995,IMPVAL,2015,502719130
dataflow,ESTAT:DS-059358(1.0),A,EU27_2020,25992995,IMPVAL,2016,529398630
dataflow,ESTAT:DS-059358(1.0),A,EU27_2020,25992995,IMPVAL,2017,560991880
dataflow,ESTAT:DS-059358(1.0),A,EU27_2020,25992995,IMPVAL,2018,625374639
dataflow,ESTAT:DS-059358(1.0),A,EU27_2020,25992995,IMPVAL,2019,654309623
dataflow,ESTAT:DS-059358(1.0),A,EU27_2020,25992995,IMPVAL,2020,616190428
dataflow,ESTAT:DS-059358(1.0),A,EU27_2020,25992995,IMPVAL,2021,897946079
dataflow,ESTAT:DS-059358(1.0),A,EU27_2020,25992995,IMPVAL,2022,1512622109
dataflow,ESTAT:DS-059358(1.0),A,EU27_2020,25992995,IMPVAL,2023,1357099041
dataflow,ESTAT:DS-059358(1.0),A,EU27_2020,25992995,IMPVAL,2024,1076601211
dataflow,ESTAT:DS-059358(1.0),A,EU27_2020,25992995,OWNPRODQNT,2021,10340286
dataflow,ESTAT:DS-059358(1.0),A,EU27_2020,25992995,OWNPRODQNT,2022,8818801
dataflow,ESTAT:DS-059358(1.0),A,EU27_2020,25992995,OWNPRODQNT,2023,5955567
dataflow,ESTAT:DS-059358(1.0),A,EU27_2020,25992995,OWNPRODQNT,2024,62046692
dataflow,ESTAT:DS-059358(1.0),A,EU27_2020,25992995,OWNPRODVAL,2021,311039264
dataflow,ESTAT:DS-059358(1.0),A,EU27_2020,25992995,OWNPRODVAL,2022,365199967
dataflow,ESTAT:DS-059358(1.0),A,EU27_2020,25992995,OWNPRODVAL,2023,345930184
dataflow,ESTAT:DS-059358(1.0),A,EU27_2020,25992995,OWNPRODVAL,2024,269925499
dataflow,ESTAT:DS-059358(1.0),A,EU27_2020,25992995,OWNQNTFLAG,2022,:E
dataflow,ESTAT:DS-059358(1.0),A,EU27_2020,25992995,OWNQNTFLAG,2023,:E
dataflow,ESTAT:DS-059358(1.0),A,EU27_2020,25992995,OWNQNTFLAG,2024,:E
dataflow,ESTAT:DS-059358(1.0),A,EU27_2020,25992995,OWNVALFLAG,2022,:E
dataflow,ESTAT:DS-059358(1.0),A,EU27_2020,25992995,OWNVALFLAG,2023,:E
dataflow,ESTAT:DS-059358(1.0),A,EU27_2020,25992995,OWNVALFLAG,2024,:E
dataflow,ESTAT:DS-059358(1.0),A,EU27_2020,25992995,PQNTBASE,2003,200000
dataflow,ESTAT:DS-059358(1.0),A,EU27_2020,25992995,PQNTBASE,2004,50000
dataflow,ESTAT:DS-059358(1.0),A,EU27_2020,25992995,PQNTBASE,2005,20000
dataflow,ESTAT:DS-059358(1.0),A,EU27_2020,25992995,PQNTBASE,2007,300000
dataflow,ESTAT:DS-059358(1.0),A,EU27_2020,25992995,PQNTBASE,2008,600000
dataflow,ESTAT:DS-059358(1.0),A,EU27_2020,25992995,PQNTBASE,2009,800000
dataflow,ESTAT:DS-059358(1.0),A,EU27_2020,25992995,PQNTBASE,2010,300000
dataflow,ESTAT:DS-059358(1.0),A,EU27_2020,25992995,PQNTBASE,2011,600000
dataflow,ESTAT:DS-059358(1.0),A,EU27_2020,25992995,PQNTBASE,2012,2000000
dataflow,ESTAT:DS-059358(1.0),A,EU27_2020,25992995,PQNTBASE,2013,900000
dataflow,ESTAT:DS-059358(1.0),A,EU27_2020,25992995,PQNTBASE,2019,300000
dataflow,ESTAT:DS-059358(1.0),A,EU27_2020,25992995,PQNTBASE,2023,400000
dataflow,ESTAT:DS-059358(1.0),A,EU27_2020,25992995,PQNTBASE,2024,200000
dataflow,ESTAT:DS-059358(1.0),A,EU27_2020,25992995,PQNTFLAG,2003,:R
dataflow,ESTAT:DS-059358(1.0),A,EU27_2020,25992995,PQNTFLAG,2004,:R
dataflow,ESTAT:DS-059358(1.0),A,EU27_2020,25992995,PQNTFLAG,2005,:R
dataflow,ESTAT:DS-059358(1.0),A,EU27_2020,25992995,PQNTFLAG,2006,:E
dataflow,ESTAT:DS-059358(1.0),A,EU27_2020,25992995,PQNTFLAG,2007,:R
dataflow,ESTAT:DS-059358(1.0),A,EU27_2020,25992995,PQNTFLAG,2008,:R
dataflow,ESTAT:DS-059358(1.0),A,EU27_2020,25992995,PQNTFLAG,2009,:R
dataflow,ESTAT:DS-059358(1.0),A,EU27_2020,25992995,PQNTFLAG,2010,:R
dataflow,ESTAT:DS-059358(1.0),A,EU27_2020,25992995,PQNTFLAG,2011,:R
dataflow,ESTAT:DS-059358(1.0),A,EU27_2020,25992995,PQNTFLAG,2012,:R
dataflow,ESTAT:DS-059358(1.0),A,EU27_2020,25992995,PQNTFLAG,2013,:R
dataflow,ESTAT:DS-059358(1.0),A,EU27_2020,25992995,PQNTFLAG,2014,:E
dataflow,ESTAT:DS-059358(1.0),A,EU27_2020,25992995,PQNTFLAG,2019,:R
dataflow,ESTAT:DS-059358(1.0),A,EU27_2020,25992995,PQNTFLAG,2022,:E
dataflow,ESTAT:DS-059358(1.0),A,EU27_2020,25992995,PQNTFLAG,2023,:R
dataflow,ESTAT:DS-059358(1.0),A,EU27_2020,25992995,PQNTFLAG,2024,:R
dataflow,ESTAT:DS-059358(1.0),A,EU27_2020,25992995,PRODQNT,2003,19378462
dataflow,ESTAT:DS-059358(1.0),A,EU27_2020,25992995,PRODQNT,2004,13243201
dataflow,ESTAT:DS-059358(1.0),A,EU27_2020,25992995,PRODQNT,2005,19353696
dataflow,ESTAT:DS-059358(1.0),A,EU27_2020,25992995,PRODQNT,2006,15080281
dataflow,ESTAT:DS-059358(1.0),A,EU27_2020,25992995,PRODQNT,2007,11100000
dataflow,ESTAT:DS-059358(1.0),A,EU27_2020,25992995,PRODQNT,2008,7196660
dataflow,ESTAT:DS-059358(1.0),A,EU27_2020,25992995,PRODQNT,2009,11456388
dataflow,ESTAT:DS-059358(1.0),A,EU27_2020,25992995,PRODQNT,2010,13297865
dataflow,ESTAT:DS-059358(1.0),A,EU27_2020,25992995,PRODQNT,2011,15560188
dataflow,ESTAT:DS-059358(1.0),A,EU27_2020,25992995,PRODQNT,2012,14000000
dataflow,ESTAT:DS-059358(1.0),A,EU27_2020,25992995,PRODQNT,2013,12206279
dataflow,ESTAT:DS-059358(1.0),A,EU27_2020,25992995,PRODQNT,2014,5557089
dataflow,ESTAT:DS-059358(1.0),A,EU27_2020,25992995,PRODQNT,2015,6231436
dataflow,ESTAT:DS-059358(1.0),A,EU27_2020,25992995,PRODQNT,2016,8371459
dataflow,ESTAT:DS-059358(1.0),A,EU27_2020,25992995,PRODQNT,2017,13413028
dataflow,ESTAT:DS-059358(1.0),A,EU27_2020,25992995,PRODQNT,2018,13804829
dataflow,ESTAT:DS-059358(1.0),A,EU27_2020,25992995,PRODQNT,2019,12608659
dataflow,ESTAT:DS-059358(1.0),A,EU27_2020,25992995,PRODQNT,2020,9295239
dataflow,ESTAT:DS-059358(1.0),A,EU27_2020,25992995,PRODQNT,2021,10621496
dataflow,ESTAT:DS-059358(1.0),A,EU27_2020,25992995,PRODQNT,2022,9194133
dataflow,ESTAT:DS-059358(1.0),A,EU27_2020,25992995,PRODQNT,2023,6400000
dataflow,ESTAT:DS-059358(1.0),A,EU27_2020,25992995,PRODQNT,2024,62200000
dataflow,ESTAT:DS-059358(1.0),A,EU27_2020,25992995,PRODVAL,2003,313026143
dataflow,ESTAT:DS-059358(1.0),A,EU27_2020,25992995,PRODVAL,2004,315895084
dataflow,ESTAT:DS-059358(1.0),A,EU27_2020,25992995,PRODVAL,2005,308474952
dataflow,ESTAT:DS-059358(1.0),A,EU27_2020,25992995,PRODVAL,2006,221710664
dataflow,ESTAT:DS-059358(1.0),A,EU27_2020,25992995,PRODVAL,2007,240000000
dataflow,ESTAT:DS-059358(1.0),A,EU27_2020,25992995,PRODVAL,2008,204059735
dataflow,ESTAT:DS-059358(1.0),A,EU27_2020,25992995,PRODVAL,2009,174884385
dataflow,ESTAT:DS-059358(1.0),A,EU27_2020,25992995,PRODVAL,2010,227329875
dataflow,ESTAT:DS-059358(1.0),A,EU27_2020,25992995,PRODVAL,2011,313232921
dataflow,ESTAT:DS-059358(1.0),A,EU27_2020,25992995,PRODVAL,2012,326577903
dataflow,ESTAT:DS-059358(1.0),A,EU27_2020,25992995,PRODVAL,2013,228278888
dataflow,ESTAT:DS-059358(1.0),A,EU27_2020,25992995,PRODVAL,2014,216266181
dataflow,ESTAT:DS-059358(1.0),A,EU27_2020,25992995,PRODVAL,2015,272838431
dataflow,ESTAT:DS-059358(1.0),A,EU27_2020,25992995,PRODVAL,2016,304136798
dataflow,ESTAT:DS-059358(1.0),A,EU27_2020,25992995,PRODVAL,2017,336104981
dataflow,ESTAT:DS-059358(1.0),A,EU27_2020,25992995,PRODVAL,2018,346052202
dataflow,ESTAT:DS-059358(1.0),A,EU27_2020,25992995,PRODVAL,2019,294321378
dataflow,ESTAT:DS-059358(1.0),A,EU27_2020,25992995,PRODVAL,2020,269140917
dataflow,ESTAT:DS-059358(1.0),A,EU27_2020,25992995,PRODVAL,2021,320774071
dataflow,ESTAT:DS-059358(1.0),A,EU27_2020,25992995,PRODVAL,2022,375165790
dataflow,ESTAT:DS-059358(1.0),A,EU27_2020,25992995,PRODVAL,2023,340000000
dataflow,ESTAT:DS-059358(1.0),A,EU27_2020,25992995,PRODVAL,2024,300000000
dataflow,ESTAT:DS-059358(1.0),A,EU27_2020,25992995,PVALBASE,2003,400000
dataflow,ESTAT:DS-059358(1.0),A,EU27_2020,25992995,PVALBASE,2004,300000
dataflow,ESTAT:DS-059358(1.0),A,EU27_2020,25992995,PVALBASE,2005,70000
dataflow,ESTAT:DS-059358(1.0),A,EU27_2020,25992995,PVALBASE,2007,4000000
dataflow,ESTAT:DS-059358(1.0),A,EU27_2020,25992995,PVALBASE,2023,20000000
dataflow,ESTAT:DS-059358(1.0),A,EU27_2020,25992995,PVALBASE,2024,30000000
dataflow,ESTAT:DS-059358(1.0),A,EU27_2020,25992995,PVALFLAG,2003,:R
dataflow,ESTAT:DS-059358(1.0),A,EU27_2020,25992995,PVALFLAG,2004,:R
dataflow,ESTAT:DS-059358(1.0),A,EU27_2020,25992995,PVALFLAG,2005,:R
dataflow,ESTAT:DS-059358(1.0),A,EU27_2020,25992995,PVALFLAG,2007,:R
dataflow,ESTAT:DS-059358(1.0),A,EU27_2020,25992995,PVALFLAG,2014,:E
dataflow,ESTAT:DS-059358(1.0),A,EU27_2020,25992995,PVALFLAG,2022,:E
dataflow,ESTAT:DS-059358(1.0),A,EU27_2020,25992995,PVALFLAG,2023,:R
dataflow,ESTAT:DS-059358(1.0),A,EU27_2020,25992995,PVALFLAG,2024,:R
dataflow,ESTAT:DS-059358(1.0),A,EU27_2020,25992995,QNTUNIT,2003,KG
dataflow,ESTAT:DS-059358(1.0),A,EU27_2020,25992995,QNTUNIT,2004,KG
dataflow,ESTAT:DS-059358(1.0),A,EU27_2020,25992995,QNTUNIT,2005,KG
dataflow,ESTAT:DS-059358(1.0),A,EU27_2020,25992995,QNTUNIT,2006,KG
dataflow,ESTAT:DS-059358(1.0),A,EU27_2020,25992995,QNTUNIT,2007,KG
dataflow,ESTAT:DS-059358(1.0),A,EU27_2020,25992995,QNTUNIT,2008,KG
dataflow,ESTAT:DS-059358(1.0),A,EU27_2020,25992995,QNTUNIT,2009,KG
dataflow,ESTAT:DS-059358(1.0),A,EU27_2020,25992995,QNTUNIT,2010,KG
dataflow,ESTAT:DS-059358(1.0),A,EU27_2020,25992995,QNTUNIT,2011,KG
dataflow,ESTAT:DS-059358(1.0),A,EU27_2020,25992995,QNTUNIT,2012,KG
dataflow,ESTAT:DS-059358(1.0),A,EU27_2020,25992995,QNTUNIT,2013,KG
dataflow,ESTAT:DS-059358(1.0),A,EU27_2020,25992995,QNTUNIT,2014,KG
dataflow,ESTAT:DS-059358(1.0),A,EU27_2020,25992995,QNTUNIT,2015,KG
dataflow,ESTAT:DS-059358(1.0),A,EU27_2020,25992995,QNTUNIT,2016,KG
dataflow,ESTAT:DS-059358(1.0),A,EU27_2020,25992995,QNTUNIT,2017,KG
dataflow,ESTAT:DS-059358(1.0),A,EU27_2020,25992995,QNTUNIT,2018,KG
dataflow,ESTAT:DS-059358(1.0),A,EU27_2020,25992995,QNTUNIT,2019,KG
dataflow,ESTAT:DS-059358(1.0),A,EU27_2020,25992995,QNTUNIT,2020,KG
dataflow,ESTAT:DS-059358(1.0),A,EU27_2020,25992995,QNTUNIT,2021,kg
dataflow,ESTAT:DS-059358(1.0),A,EU27_2020,25992995,QNTUNIT,2022,kg
dataflow,ESTAT:DS-059358(1.0),A,EU27_2020,25992995,QNTUNIT,2023,kg
dataflow,ESTAT:DS-059358(1.0),A,EU27_2020,25992995,QNTUNIT,2024,kg
dataflow,ESTAT:DS-059358(1.0),A,EU27_2020,25992995,SCPRODQNT,2021,281210
dataflow,ESTAT:DS-059358(1.0),A,EU27_2020,25992995,SCPRODQNT,2022,375332
dataflow,ESTAT:DS-059358(1.0),A,EU27_2020,25992995,SCPRODQNT,2023,400000
dataflow,ESTAT:DS-059358(1.0),A,EU27_2020,25992995,SCPRODQNT,2024,240000
dataflow,ESTAT:DS-059358(1.0),A,EU27_2020,25992995,SCPRODVAL,2021,9735807
dataflow,ESTAT:DS-059358(1.0),A,EU27_2020,25992995,SCPRODVAL,2022,9965823
dataflow,ESTAT:DS-059358(1.0),A,EU27_2020,25992995,SCPRODVAL,2023,8000000
dataflow,ESTAT:DS-059358(1.0),A,EU27_2020,25992995,SCPRODVAL,2024,8000000
dataflow,ESTAT:DS-059358(1.0),A,EU27_2020,25992995,SCQNTBASE,2023,200000
dataflow,ESTAT:DS-059358(1.0),A,EU27_2020,25992995,SCQNTBASE,2024,80000
dataflow,ESTAT:DS-059358(1.0),A,EU27_2020,25992995,SCQNTFLAG,2023,:R
dataflow,ESTAT:DS-059358(1.0),A,EU27_2020,25992995,SCQNTFLAG,2024,:R
dataflow,ESTAT:DS-059358(1.0),A,EU27_2020,25992995,SCVALBASE,2023,4000000
dataflow,ESTAT:DS-059358(1.0),A,EU27_2020,25992995,SCVALBASE,2024,4000000
dataflow,ESTAT:DS-059358(1.0),A,EU27_2020,25992995,SCVALFLAG,2023,:R
dataflow,ESTAT:DS-059358(1.0),A,EU27_2020,25992995,SCVALFLAG,2024,:R
dataflow,ESTAT:DS-059358(1.0),A,EU27_2020,26112120,EXPVAL,2003,415965230
dataflow,ESTAT:DS-059358(1.0),A,EU27_2020,26112120,EXPVAL,2004,483652570
dataflow,ESTAT:DS-059358(1.0),A,EU27_2020,26112120,EXPVAL,2006,431040660
dataflow,ESTAT:DS-059358(1.0),A,EU27_2020,26112120,EXPVAL,2007,473895660
dataflow,ESTAT:DS-059358(1.0),A,EU27_2020,26112120,EXPVAL,2008,407202920
dataflow,ESTAT:DS-059358(1.0),A,EU27_2020,26112120,EXPVAL,2009,310558870
dataflow,ESTAT:DS-059358(1.0),A,EU27_2020,26112120,EXPVAL,2010,488679160
dataflow,ESTAT:DS-059358(1.0),A,EU27_2020,26112120,EXPVAL,2011,508867880
dataflow,ESTAT:DS-059358(1.0),A,EU27_2020,26112120,EXPVAL,2012,474430120
dataflow,ESTAT:DS-059358(1.0),A,EU27_2020,26112120,EXPVAL,2013,465222730
dataflow,ESTAT:DS-059358(1.0),A,EU27_2020,26112120,EXPVAL,2014,478918730
dataflow,ESTAT:DS-059358(1.0),A,EU27_2020,26112120,EXPVAL,2015,552524620
dataflow,ESTAT:DS-059358(1.0),A,EU27_2020,26112120,EXPVAL,2016,590715640
dataflow,ESTAT:DS-059358(1.0),A,EU27_2020,26112120,EXPVAL,2017,634915450
dataflow,ESTAT:DS-059358(1.0),A,EU27_2020,26112120,EXPVAL,2018,666201523
dataflow,ESTAT:DS-059358(1.0),A,EU27_2020,26112120,EXPVAL,2019,669194268
dataflow,ESTAT:DS-059358(1.0),A,EU27_2020,26112120,EXPVAL,2020,642687314
dataflow,ESTAT:DS-059358(1.0),A,EU27_2020,26112120,EXPVAL,2021,763074133
dataflow,ESTAT:DS-059358(1.0),A,EU27_2020,26112120,EXPVAL,2022,924164838
dataflow,ESTAT:DS-059358(1.0),A,EU27_2020,26112120,EXPVAL,2023,883461116
dataflow,ESTAT:DS-059358(1.0),A,EU27_2020,26112120,EXPVAL,2024,774112453
dataflow,ESTAT:DS-059358(1.0),A,EU27_2020,26112120,IMPVAL,2003,502029860
dataflow,ESTAT:DS-059358(1.0),A,EU27_2020,26112120,IMPVAL,2004,563644420
dataflow,ESTAT:DS-059358(1.0),A,EU27_2020,26112120,IMPVAL,2006,655947040
dataflow,ESTAT:DS-059358(1.0),A,EU27_2020,26112120,IMPVAL,2007,652294800
dataflow,ESTAT:DS-059358(1.0),A,EU27_2020,26112120,IMPVAL,2008,615036330
dataflow,ESTAT:DS-059358(1.0),A,EU27_2020,26112120,IMPVAL,2009,427165820
dataflow,ESTAT:DS-059358(1.0),A,EU27_2020,26112120,IMPVAL,2010,655059620
dataflow,ESTAT:DS-059358(1.0),A,EU27_2020,26112120,IMPVAL,2011,648975370
dataflow,ESTAT:DS-059358(1.0),A,EU27_2020,26112120,IMPVAL,2012,571895510
dataflow,ESTAT:DS-059358(1.0),A,EU27_2020,26112120,IMPVAL,2013,601796840
dataflow,ESTAT:DS-059358(1.0),A,EU27_2020,26112120,IMPVAL,2014,637620950
dataflow,ESTAT:DS-059358(1.0),A,EU27_2020,26112120,IMPVAL,2015,732881930
dataflow,ESTAT:DS-059358(1.0),A,EU27_2020,26112120,IMPVAL,2016,783663730
dataflow,ESTAT:DS-059358(1.0),A,EU27_2020,26112120,IMPVAL,2017,904365730
dataflow,ESTAT:DS-059358(1.0),A,EU27_2020,26112120,IMPVAL,2018,1045872579
dataflow,ESTAT:DS-059358(1.0),A,EU27_2020,26112120,IMPVAL,2019,933279405
dataflow,ESTAT:DS-059358(1.0),A,EU27_2020,26112120,IMPVAL,2020,806353084
dataflow,ESTAT:DS-059358(1.0),A,EU27_2020,26112120,IMPVAL,2021,1127838786
dataflow,ESTAT:DS-059358(1.0),A,EU27_2020,26112120,IMPVAL,2022,1489114823
dataflow,ESTAT:DS-059358(1.0),A,EU27_2020,26112120,IMPVAL,2023,1341045084
dataflow,ESTAT:DS-059358(1.0),A,EU27_2020,26112120,IMPVAL,2024,1103037502
dataflow,ESTAT:DS-059358(1.0),A,EU27_2020,26112120,OWNPRODQNT,2021,10380693237
dataflow,ESTAT:DS-059358(1.0),A,EU27_2020,26112120,OWNPRODQNT,2022,11203914005
dataflow,ESTAT:DS-059358(1.0),A,EU27_2020,26112120,OWNPRODQNT,2023,10000000000
dataflow,ESTAT:DS-059358(1.0),A,EU27_2020,26112120,OWNPRODQNT,2024,9918140018
dataflow,ESTAT:DS-059358(1.0),A,EU27_2020,26112120,OWNPRODVAL,2021,584487123
dataflow,ESTAT:DS-059358(1.0),A,EU27_2020,26112120,OWNPRODVAL,2022,770951959
dataflow,ESTAT:DS-059358(1.0),A,EU27_2020,26112120,OWNPRODVAL,2023,786832092
dataflow,ESTAT:DS-059358(1.0),A,EU27_2020,26112120,OWNPRODVAL,2024,766474350
dataflow,ESTAT:DS-059358(1.0),A,EU27_2020,26112120,OWNQNTBASE,2023,2000000000
dataflow,ESTAT:DS-059358(1.0),A,EU27_2020,26112120,OWNQNTFLAG,2021,:E
dataflow,ESTAT:DS-059358(1.0),A,EU27_2020,26112120,OWNQNTFLAG,2022,:E
dataflow,ESTAT:DS-059358(1.0),A,EU27_2020,26112120,OWNQNTFLAG,2023,:R
dataflow,ESTAT:DS-059358(1.0),A,EU27_2020,26112120,OWNVALFLAG,2021,:E
dataflow,ESTAT:DS-059358(1.0),A,EU27_2020,26112120,OWNVALFLAG,2022,:E
dataflow,ESTAT:DS-059358(1.0),A,EU27_2020,26112120,PQNTBASE,2003,20000
dataflow,ESTAT:DS-059358(1.0),A,EU27_2020,26112120,PQNTBASE,2004,600000
dataflow,ESTAT:DS-059358(1.0),A,EU27_2020,26112120,PQNTBASE,2005,700000
dataflow,ESTAT:DS-059358(1.0),A,EU27_2020,26112120,PQNTBASE,2008,20000000
dataflow,ESTAT:DS-059358(1.0),A,EU27_2020,26112120,PQNTBASE,2012,40000000
dataflow,ESTAT:DS-059358(1.0),A,EU27_2020,26112120,PQNTBASE,2013,40000000
dataflow,ESTAT:DS-059358(1.0),A,EU27_2020,26112120,PQNTBASE,2014,700000000
dataflow,ESTAT:DS-059358(1.0),A,EU27_2020,26112120,PQNTBASE,2016,400000000
dataflow,ESTAT:DS-059358(1.0),A,EU27_2020,26112120,PQNTBASE,2017,600000000
dataflow,ESTAT:DS-059358(1.0),A,EU27_2020,26112120,PQNTBASE,2018,400000000
dataflow,ESTAT:DS-059358(1.0),A,EU27_2020,26112120,PQNTBASE,2019,600000000
dataflow,ESTAT:DS-059358(1.0),A,EU27_2020,26112120,PQNTBASE,2021,3000000000
dataflow,ESTAT:DS-059358(1.0),A,EU27_2020,26112120,PQNTBASE,2023,5000000000
dataflow,ESTAT:DS-059358(1.0),A,EU27_2020,26112120,PQNTFLAG,2003,:R
dataflow,ESTAT:DS-059358(1.0),A,EU27_2020,26112120,PQNTFLAG,2004,:R
dataflow,ESTAT:DS-059358(1.0),A,EU27_2020,26112120,PQNTFLAG,2005,:R
dataflow,ESTAT:DS-059358(1.0),A,EU27_2020,26112120,PQNTFLAG,2006,:E
dataflow,ESTAT:DS-059358(1.0),A,EU27_2020,26112120,PQNTFLAG,2008,:R
dataflow,ESTAT:DS-059358(1.0),A,EU27_2020,26112120,PQNTFLAG,2012,:R
dataflow,ESTAT:DS-059358(1.0),A,EU27_2020,26112120,PQNTFLAG,2013,:R
dataflow,ESTAT:DS-059358(1.0),A,EU27_2020,26112120,PQNTFLAG,2014,:R
dataflow,ESTAT:DS-059358(1.0),A,EU27_2020,26112120,PQNTFLAG,2016,:R
dataflow,ESTAT:DS-059358(1.0),A,EU27_2020,26112120,PQNTFLAG,2017,:R
dataflow,ESTAT:DS-059358(1.0),A,EU27_2020,26112120,PQNTFLAG,2018,:R
dataflow,ESTAT:DS-059358(1.0),A,EU27_2020,26112120,PQNTFLAG,2019,:R
dataflow,ESTAT:DS-059358(1.0),A,EU27_2020,26112120,PQNTFLAG,2021,:R
dataflow,ESTAT:DS-059358(1.0),A,EU27_2020,26112120,PQNTFLAG,2022,:E
dataflow,ESTAT:DS-059358(1.0),A,EU27_2020,26112120,PQNTFLAG,2023,:R
dataflow,ESTAT:DS-059358(1.0),A,EU27_2020,26112120,PRODQNT,2003,13590435179
dataflow,ESTAT:DS-059358(1.0),A,EU27_2020,26112120,PRODQNT,2004,10651022479
dataflow,ESTAT:DS-059358(1.0),A,EU27_2020,26112120,PRODQNT,2005,12221029569
dataflow,ESTAT:DS-059358(1.0),A,EU27_2020,26112120,PRODQNT,2006,10308298457
dataflow,ESTAT:DS-059358(1.0),A,EU27_2020,26112120,PRODQNT,2007,9660973732
dataflow,ESTAT:DS-059358(1.0),A,EU27_2020,26112120,PRODQNT,2008,11448658073
dataflow,ESTAT:DS-059358(1.0),A,EU27_2020,26112120,PRODQNT,2009,7564259006
dataflow,ESTAT:DS-059358(1.0),A,EU27_2020,26112120,PRODQNT,2010,11492289667
dataflow,ESTAT:DS-059358(1.0),A,EU27_2020,26112120,PRODQNT,2011,11715915186
dataflow,ESTAT:DS-059358(1.0),A,EU27_2020,26112120,PRODQNT,2012,8691539253
dataflow,ESTAT:DS-059358(1.0),A,EU27_2020,26112120,PRODQNT,2013,8960880817
dataflow,ESTAT:DS-059358(1.0),A,EU27_2020,26112120,PRODQNT,2014,9946859500
dataflow,ESTAT:DS-059358(1.0),A,EU27_2020,26112120,PRODQNT,2015,10562964967
dataflow,ESTAT:DS-059358(1.0),A,EU27_2020,26112120,PRODQNT,2016,9754774520
dataflow,ESTAT:DS-059358(1.0),A,EU27_2020,26112120,PRODQNT,2017,8472294213
dataflow,ESTAT:DS-059358(1.0),A,EU27_2020,26112120,PRODQNT,2018,11247054853
dataflow,ESTAT:DS-059358(1.0),A,EU27_2020,26112120,PRODQNT,2019,13175651523
dataflow,ESTAT:DS-059358(1.0),A,EU27_2020,26112120,PRODQNT,2020,8724655065
dataflow,ESTAT:DS-059358(1.0),A,EU27_2020,26112120,PRODQNT,2021,9000000000
dataflow,ESTAT:DS-059358(1.0),A,EU27_2020,26112120,PRODQNT,2022,11209527316
dataflow,ESTAT:DS-059358(1.0),A,EU27_2020,26112120,PRODQNT,2023,5000000000
dataflow,ESTAT:DS-059358(1.0),A,EU27_2020,26112120,PRODQNT,2024,9919163261
dataflow,ESTAT:DS-059358(1.0),A,EU27_2020,26112120,PRODVAL,2003,514207150
dataflow,ESTAT:DS-059358(1.0),A,EU27_2020,26112120,PRODVAL,2004,536404638
dataflow,ESTAT:DS-059358(1.0),A,EU27_2020,26112120,PRODVAL,2005,494880934
dataflow,ESTAT:DS-059358(1.0),A,EU27_2020,26112120,PRODVAL,2006,539792454
dataflow,ESTAT:DS-059358(1.0),A,EU27_2020,26112120,PRODVAL,2007,436959069
dataflow,ESTAT:DS-059358(1.0),A,EU27_2020,26112120,PRODVAL,2008,400060667
dataflow,ESTAT:DS-059358(1.0),A,EU27_2020,26112120,PRODVAL,2009,291469527
dataflow,ESTAT:DS-059358(1.0),A,EU27_2020,26112120,PRODVAL,2010,386549396
dataflow,ESTAT:DS-059358(1.0),A,EU27_2020,26112120,PRODVAL,2011,371920518
dataflow,ESTAT:DS-059358(1.0),A,EU27_2020,26112120,PRODVAL,2012,313442816
dataflow,ESTAT:DS-059358(1.0),A,EU27_2020,26112120,PRODVAL,2013,348223214
dataflow,ESTAT:DS-059358(1.0),A,EU27_2020,26112120,PRODVAL,2014,329100938
dataflow,ESTAT:DS-059358(1.0),A,EU27_2020,26112120,PRODVAL,2015,424994001
dataflow,ESTAT:DS-059358(1.0),A,EU27_2020,26112120,PRODVAL,2016,471024501
dataflow,ESTAT:DS-059358(1.0),A,EU27_2020,26112120,PRODVAL,2017,475312541
dataflow,ESTAT:DS-059358(1.0),A,EU27_2020,26112120,PRODVAL,2018,553220505
dataflow,ESTAT:DS-059358(1.0),A,EU27_2020,26112120,PRODVAL,2019,565991532
dataflow,ESTAT:DS-059358(1.0),A,EU27_2020,26112120,PRODVAL,2020,517403644
dataflow,ESTAT:DS-059358(1.0),A,EU27_2020,26112120,PRODVAL,2021,589162812
dataflow,ESTAT:DS-059358(1.0),A,EU27_2020,26112120,PRODVAL,2022,776258913
dataflow,ESTAT:DS-059358(1.0),A,EU27_2020,26112120,PRODVAL,2023,791620524
dataflow,ESTAT:DS-059358(1.0),A,EU27_2020,26112120,PRODVAL,2024,771381731
dataflow,ESTAT:DS-059358(1.0),A,EU27_2020,26112120,PVALBASE,2003,50000
dataflow,ESTAT:DS-059358(1.0),A,EU27_2020,26112120,PVALBASE,2004,70000
dataflow,ESTAT:DS-059358(1.0),A,EU27_2020,26112120,PVALBASE,2005,60000
dataflow,ESTAT:DS-059358(1.0),A,EU27_2020,26112120,PVALBASE,2014,80000000
dataflow,ESTAT:DS-059358(1.0),A,EU27_2020,26112120,PVALFLAG,2003,:R
dataflow,ESTAT:DS-059358(1.0),A,EU27_2020,26112120,PVALFLAG,2004,:R
dataflow,ESTAT:DS-059358(1.0),A,EU27_2020,26112120,PVALFLAG,2005,:R
dataflow,ESTAT:DS-059358(1.0),A,EU27_2020,26112120,PVALFLAG,2014,:R
dataflow,ESTAT:DS-059358(1.0),A,EU27_2020,26112120,PVALFLAG,2016,:E
dataflow,ESTAT:DS-059358(1.0),A,EU27_2020,26112120,PVALFLAG,2018,:E
dataflow,ESTAT:DS-059358(1.0),A,EU27_2020,26112120,PVALFLAG,2019,:E
dataflow,ESTAT:DS-059358(1.0),A,EU27_2020,26112120,PVALFLAG,2020,:E
dataflow,ESTAT:DS-059358(1.0),A,EU27_2020,26112120,PVALFLAG,2021,:E
dataflow,ESTAT:DS-059358(1.0),A,EU27_2020,26112120,PVALFLAG,2022,:E
dataflow,ESTAT:DS-059358(1.0),A,EU27_2020,26112120,QNTUNIT,2003,PST
dataflow,ESTAT:DS-059358(1.0),A,EU27_2020,26112120,QNTUNIT,2004,PST
dataflow,ESTAT:DS-059358(1.0),A,EU27_2020,26112120,QNTUNIT,2005,PST
dataflow,ESTAT:DS-059358(1.0),A,EU27_2020,26112120,QNTUNIT,2006,PST
dataflow,ESTAT:DS-059358(1.0),A,EU27_2020,26112120,QNTUNIT,2007,PST
dataflow,ESTAT:DS-059358(1.0),A,EU27_2020,26112120,QNTUNIT,2008,PST
dataflow,ESTAT:DS-059358(1.0),A,EU27_2020,26112120,QNTUNIT,2009,PST
dataflow,ESTAT:DS-059358(1.0),A,EU27_2020,26112120,QNTUNIT,2010,PST
dataflow,ESTAT:DS-059358(1.0),A,EU27_2020,26112120,QNTUNIT,2011,PST
dataflow,ESTAT:DS-059358(1.0),A,EU27_2020,26112120,QNTUNIT,2012,PST
dataflow,ESTAT:DS-059358(1.0),A,EU27_2020,26112120,QNTUNIT,2013,PST
dataflow,ESTAT:DS-059358(1.0),A,EU27_2020,26112120,QNTUNIT,2014,PST
dataflow,ESTAT:DS-059358(1.0),A,EU27_2020,26112120,QNTUNIT,2015,PST
dataflow,ESTAT:DS-059358(1.0),A,EU27_2020,26112120,QNTUNIT,2016,PST
dataflow,ESTAT:DS-059358(1.0),A,EU27_2020,26112120,QNTUNIT,2017,PST
dataflow,ESTAT:DS-059358(1.0),A,EU27_2020,26112120,QNTUNIT,2018,PST
dataflow,ESTAT:DS-059358(1.0),A,EU27_2020,26112120,QNTUNIT,2019,PST
dataflow,ESTAT:DS-059358(1.0),A,EU27_2020,26112120,QNTUNIT,2020,PST
dataflow,ESTAT:DS-059358(1.0),A,EU27_2020,26112120,QNTUNIT,2021,p/st
dataflow,ESTAT:DS-059358(1.0),A,EU27_2020,26112120,QNTUNIT,2022,p/st
dataflow,ESTAT:DS-059358(1.0),A,EU27_2020,26112120,QNTUNIT,2023,p/st
dataflow,ESTAT:DS-059358(1.0),A,EU27_2020,26112120,QNTUNIT,2024,p/st
dataflow,ESTAT:DS-059358(1.0),A,EU27_2020,26112120,SCPRODQNT,2021,14000000
dataflow,ESTAT:DS-059358(1.0),A,EU27_2020,26112120,SCPRODQNT,2022,5613311
dataflow,ESTAT:DS-059358(1.0),A,EU27_2020,26112120,SCPRODQNT,2023,1918409
dataflow,ESTAT:DS-059358(1.0),A,EU27_2020,26112120,SCPRODQNT,2024,1023243
dataflow,ESTAT:DS-059358(1.0),A,EU27_2020,26112120,SCPRODVAL,2021,4675689
dataflow,ESTAT:DS-059358(1.0),A,EU27_2020,26112120,SCPRODVAL,2022,5306954
dataflow,ESTAT:DS-059358(1.0),A,EU27_2020,26112120,SCPRODVAL,2023,4788433
dataflow,ESTAT:DS-059358(1.0),A,EU27_2020,26112120,SCPRODVAL,2024,4907381
dataflow,ESTAT:DS-059358(1.0),A,EU27_2020,26112120,SCQNTBASE,2021,7000000
dataflow,ESTAT:DS-059358(1.0),A,EU27_2020,26112120,SCQNTFLAG,2021,:R
dataflow,ESTAT:DS-059358(1.0),A,EU27_2020,26112150,EXPVAL,2003,454329190
dataflow,ESTAT:DS-059358(1.0),A,EU27_2020,26112150,EXPVAL,2004,551035760
dataflow,ESTAT:DS-059358(1.0),A,EU27_2020,26112150,EXPVAL,2006,596124830
dataflow,ESTAT:DS-059358(1.0),A,EU27_2020,26112150,EXPVAL,2007,650458570
dataflow,ESTAT:DS-059358(1.0),A,EU27_2020,26112150,EXPVAL,2008,581209250
dataflow,ESTAT:DS-059358(1.0),A,EU27_2020,26112150,EXPVAL,2009,457186540
dataflow,ESTAT:DS-059358(1.0),A,EU27_2020,26112150,EXPVAL,2010,650309120
dataflow,ESTAT:DS-059358(1.0),A,EU27_2020,26112150,EXPVAL,2011,680978350
dataflow,ESTAT:DS-059358(1.0),A,EU27_2020,26112150,EXPVAL,2012,628623600
dataflow,ESTAT:DS-059358(1.0),A,EU27_2020,26112150,EXPVAL,2013,667451800
dataflow,ESTAT:DS-059358(1.0),A,EU27_2020,26112150,EXPVAL,2014,785531670
dataflow,ESTAT:DS-059358(1.0),A,EU27_2020,26112150,EXPVAL,2015,1089170280
dataflow,ESTAT:DS-059358(1.0),A,EU27_2020,26112150,EXPVAL,2016,1200921270
dataflow,ESTAT:DS-059358(1.0),A,EU27_2020,26112150,EXPVAL,2017,1375714040
dataflow,ESTAT:DS-059358(1.0),A,EU27_2020,26112150,EXPVAL,2018,1550328878
dataflow,ESTAT:DS-059358(1.0),A,EU27_2020,26112150,EXPVAL,2019,1683182441
dataflow,ESTAT:DS-059358(1.0),A,EU27_2020,26112150,EXPVAL,2020,1531575739
dataflow,ESTAT:DS-059358(1.0),A,EU27_2020,26112150,EXPVAL,2021,1826275452
dataflow,ESTAT:DS-059358(1.0),A,EU27_2020,26112150,EXPVAL,2022,2656668331
dataflow,ESTAT:DS-059358(1.0),A,EU27_2020,26112150,EXPVAL,2023,2923368724
dataflow,ESTAT:DS-059358(1.0),A,EU27_2020,26112150,EXPVAL,2024,2958464713
dataflow,ESTAT:DS-059358(1.0),A,EU27_2020,26112150,IMPVAL,2003,698226590
dataflow,ESTAT:DS-059358(1.0),A,EU27_2020,26112150,IMPVAL,2004,793887210
dataflow,ESTAT:DS-059358(1.0),A,EU27_2020,26112150,IMPVAL,2006,853716860
dataflow,ESTAT:DS-059358(1.0),A,EU27_2020,26112150,IMPVAL,2007,917115180
dataflow,ESTAT:DS-059358(1.0),A,EU27_2020,26112150,IMPVAL,2008,849262060
dataflow,ESTAT:DS-059358(1.0),A,EU27_2020,26112150,IMPVAL,2009,576164910
dataflow,ESTAT:DS-059358(1.0),A,EU27_2020,26112150,IMPVAL,2010,944768450
dataflow,ESTAT:DS-059358(1.0),A,EU27_2020,26112150,IMPVAL,2011,1088638050
dataflow,ESTAT:DS-059358(1.0),A,EU27_2020,26112150,IMPVAL,2012,1003869910
dataflow,ESTAT:DS-059358(1.0),A,EU27_2020,26112150,IMPVAL,2013,1067607940
dataflow,ESTAT:DS-059358(1.0),A,EU27_2020,26112150,IMPVAL,2014,1236226730
dataflow,ESTAT:DS-059358(1.0),A,EU27_2020,26112150,IMPVAL,2015,1430949300
dataflow,ESTAT:DS-059358(1.0),A,EU27_2020,26112150,IMPVAL,2016,1463073670
dataflow,ESTAT:DS-059358(1.0),A,EU27_2020,26112150,IMPVAL,2017,1588361010
dataflow,ESTAT:DS-059358(1.0),A,EU27_2020,26112150,IMPVAL,2018,1789447031
dataflow,ESTAT:DS-059358(1.0),A,EU27_2020,26112150,IMPVAL,2019,1828121313
dataflow,ESTAT:DS-059358(1.0),A,EU27_2020,26112150,IMPVAL,2020,1565387120
dataflow,ESTAT:DS-059358(1.0),A,EU27_2020,26112150,IMPVAL,2021,2146461885
dataflow,ESTAT:DS-059358(1.0),A,EU27_2020,26112150,IMPVAL,2022,3141448628
dataflow,ESTAT:DS-059358(1.0),A,EU27_2020,26112150,IMPVAL,2023,3196500905
dataflow,ESTAT:DS-059358(1.0),A,EU27_2020,26112150,IMPVAL,2024,2628432468
dataflow,ESTAT:DS-059358(1.0),A,EU27_2020,26112150,OWNPRODQNT,2021,16000000000
dataflow,ESTAT:DS-059358(1.0),A,EU27_2020,26112150,OWNPRODQNT,2022,12000000000
dataflow,ESTAT:DS-059358(1.0),A,EU27_2020,26112150,OWNPRODQNT,2023,16000000000
dataflow,ESTAT:DS-059358(1.0),A,EU27_2020,26112150,OWNPRODQNT,2024,7000000000
dataflow,ESTAT:DS-059358(1.0),A,EU27_2020,26112150,OWNPRODVAL,2021,3000000000
dataflow,ESTAT:DS-059358(1.0),A,EU27_2020,26112150,OWNPRODVAL,2022,4000000000
dataflow,ESTAT:DS-059358(1.0),A,EU27_2020,26112150,OWNPRODVAL,2023,4000000000
dataflow,ESTAT:DS-059358(1.0),A,EU27_2020,26112150,OWNPRODVAL,2024,6000000000
dataflow,ESTAT:DS-059358(1.0),A,EU27_2020,26112150,OWNQNTBASE,2021,4000000000
dataflow,ESTAT:DS-059358(1.0),A,EU27_2020,26112150,OWNQNTBASE,2022,6000000000
dataflow,ESTAT:DS-059358(1.0),A,EU27_2020,26112150,OWNQNTBASE,2023,8000000000
dataflow,ESTAT:DS-059358(1.0),A,EU27_2020,26112150,OWNQNTBASE,2024,7000000000
dataflow,ESTAT:DS-059358(1.0),A,EU27_2020,26112150,OWNQNTFLAG,2021,:R
dataflow,ESTAT:DS-059358(1.0),A,EU27_2020,26112150,OWNQNTFLAG,2022,:R
dataflow,ESTAT:DS-059358(1.0),A,EU27_2020,26112150,OWNQNTFLAG,2023,:R
dataflow,ESTAT:DS-059358(1.0),A,EU27_2020,26112150,OWNQNTFLAG,2024,:R
dataflow,ESTAT:DS-059358(1.0),A,EU27_2020,26112150,OWNVALBASE,2021,3000000000
dataflow,ESTAT:DS-059358(1.0),A,EU27_2020,26112150,OWNVALBASE,2022,2000000000
dataflow,ESTAT:DS-059358(1.0),A,EU27_2020,26112150,OWNVALBASE,2023,4000000000
dataflow,ESTAT:DS-059358(1.0),A,EU27_2020,26112150,OWNVALBASE,2024,2000000000
dataflow,ESTAT:DS-059358(1.0),A,EU27_2020,26112150,OWNVALFLAG,2021,:R
dataflow,ESTAT:DS-059358(1.0),A,EU27_2020,26112150,OWNVALFLAG,2022,:R
dataflow,ESTAT:DS-059358(1.0),A,EU27_2020,26112150,OWNVALFLAG,2023,:R
dataflow,ESTAT:DS-059358(1.0),A,EU27_2020,26112150,OWNVALFLAG,2024,:R
dataflow,ESTAT:DS-059358(1.0),A,EU27_2020,26112150,PQNTBASE,2003,2000000000
dataflow,ESTAT:DS-059358(1.0),A,EU27_2020,26112150,PQNTBASE,2004,3000000000
dataflow,ESTAT:DS-059358(1.0),A,EU27_2020,26112150,PQNTBASE,2005,7000000000
dataflow,ESTAT:DS-059358(1.0),A,EU27_2020,26112150,PQNTBASE,2006,6000000000
dataflow,ESTAT:DS-059358(1.0),A,EU27_2020,26112150,PQNTBASE,2007,6000000000
dataflow,ESTAT:DS-059358(1.0),A,EU27_2020,26112150,PQNTBASE,2011,500000000
dataflow,ESTAT:DS-059358(1.0),A,EU27_2020,26112150,PQNTBASE,2015,4000000000
dataflow,ESTAT:DS-059358(1.0),A,EU27_2020,26112150,PQNTBASE,2016,6000000000
dataflow,ESTAT:DS-059358(1.0),A,EU27_2020,26112150,PQNTBASE,2017,8000000000
dataflow,ESTAT:DS-059358(1.0),A,EU27_2020,26112150,PQNTBASE,2018,8000000000
dataflow,ESTAT:DS-059358(1.0),A,EU27_2020,26112150,PQNTBASE,2019,7000000000
dataflow,ESTAT:DS-059358(1.0),A,EU27_2020,26112150,PQNTBASE,2020,3000000000
dataflow,ESTAT:DS-059358(1.0),A,EU27_2020,26112150,PQNTBASE,2021,6000000000
dataflow,ESTAT:DS-059358(1.0),A,EU27_2020,26112150,PQNTBASE,2022,6000000000
dataflow,ESTAT:DS-059358(1.0),A,EU27_2020,26112150,PQNTBASE,2023,8000000000
dataflow,ESTAT:DS-059358(1.0),A,EU27_2020,26112150,PQNTBASE,2024,7000000000
dataflow,ESTAT:DS-059358(1.0),A,EU27_2020,26112150,PQNTFLAG,2003,:R
dataflow,ESTAT:DS-059358(1.0),A,EU27_2020,26112150,PQNTFLAG,2004,:R
dataflow,ESTAT:DS-059358(1.0),A,EU27_2020,26112150,PQNTFLAG,2005,:R
dataflow,ESTAT:DS-059358(1.0),A,EU27_2020,26112150,PQNTFLAG,2006,:R
dataflow,ESTAT:DS-059358(1.0),A,EU27_2020,26112150,PQNTFLAG,2007,:R
dataflow,ESTAT:DS-059358(1.0),A,EU27_2020,26112150,PQNTFLAG,2008,:E
dataflow,ESTAT:DS-059358(1.0),A,EU27_2020,26112150,PQNTFLAG,2011,:R
dataflow,ESTAT:DS-059358(1.0),A,EU27_2020,26112150,PQNTFLAG,2015,:R
dataflow,ESTAT:DS-059358(1.0),A,EU27_2020,26112150,PQNTFLAG,2016,:R
dataflow,ESTAT:DS-059358(1.0),A,EU27_2020,26112150,PQNTFLAG,2017,:R
dataflow,ESTAT:DS-059358(1.0),A,EU27_2020,26112150,PQNTFLAG,2018,:R
dataflow,ESTAT:DS-059358(1.0),A,EU27_2020,26112150,PQNTFLAG,2019,:R
dataflow,ESTAT:DS-059358(1.0),A,EU27_2020,26112150,PQNTFLAG,2020,:R
dataflow,ESTAT:DS-059358(1.0),A,EU27_2020,26112150,PQNTFLAG,2021,:R
dataflow,ESTAT:DS-059358(1.0),A,EU27_2020,26112150,PQNTFLAG,2022,:R
dataflow,ESTAT:DS-059358(1.0),A,EU27_2020,26112150,PQNTFLAG,2023,:R
dataflow,ESTAT:DS-059358(1.0),A,EU27_2020,26112150,PQNTFLAG,2024,:R
dataflow,ESTAT:DS-059358(1.0),A,EU27_2020,26112150,PRODQNT,2003,6993738941
dataflow,ESTAT:DS-059358(1.0),A,EU27_2020,26112150,PRODQNT,2004,13254782353
dataflow,ESTAT:DS-059358(1.0),A,EU27_2020,26112150,PRODQNT,2005,19325553687
dataflow,ESTAT:DS-059358(1.0),A,EU27_2020,26112150,PRODQNT,2006,10629969037
dataflow,ESTAT:DS-059358(1.0),A,EU27_2020,26112150,PRODQNT,2007,17684975572
dataflow,ESTAT:DS-059358(1.0),A,EU27_2020,26112150,PRODQNT,2008,13350724527
dataflow,ESTAT:DS-059358(1.0),A,EU27_2020,26112150,PRODQNT,2009,8078444334
dataflow,ESTAT:DS-059358(1.0),A,EU27_2020,26112150,PRODQNT,2010,12367541600
dataflow,ESTAT:DS-059358(1.0),A,EU27_2020,26112150,PRODQNT,2011,13802829232
dataflow,ESTAT:DS-059358(1.0),A,EU27_2020,26112150,PRODQNT,2012,14266672578
dataflow,ESTAT:DS-059358(1.0),A,EU27_2020,26112150,PRODQNT,2013,10001765991
dataflow,ESTAT:DS-059358(1.0),A,EU27_2020,26112150,PRODQNT,2014,11431550728
dataflow,ESTAT:DS-059358(1.0),A,EU27_2020,26112150,PRODQNT,2015,15812370000
dataflow,ESTAT:DS-059358(1.0),A,EU27_2020,26112150,PRODQNT,2016,18383753000
dataflow,ESTAT:DS-059358(1.0),A,EU27_2020,26112150,PRODQNT,2017,9456288000
dataflow,ESTAT:DS-059358(1.0),A,EU27_2020,26112150,PRODQNT,2018,18445643000
dataflow,ESTAT:DS-059358(1.0),A,EU27_2020,26112150,PRODQNT,2019,7438123000
dataflow,ESTAT:DS-059358(1.0),A,EU27_2020,26112150,PRODQNT,2020,9000000000
dataflow,ESTAT:DS-059358(1.0),A,EU27_2020,26112150,PRODQNT,2021,12000000000
dataflow,ESTAT:DS-059358(1.0),A,EU27_2020,26112150,PRODQNT,2022,12000000000
dataflow,ESTAT:DS-059358(1.0),A,EU27_2020,26112150,PRODQNT,2023,8000000000
dataflow,ESTAT:DS-059358(1.0),A,EU27_2020,26112150,PRODQNT,2024,14000000000
dataflow,ESTAT:DS-059358(1.0),A,EU27_2020,26112150,PRODVAL,2003,833983870
dataflow,ESTAT:DS-059358(1.0),A,EU27_2020,26112150,PRODVAL,2004,973246799
dataflow,ESTAT:DS-059358(1.0),A,EU27_2020,26112150,PRODVAL,2005,1003437517
dataflow,ESTAT:DS-059358(1.0),A,EU27_2020,26112150,PRODVAL,2006,842455670
dataflow,ESTAT:DS-059358(1.0),A,EU27_2020,26112150,PRODVAL,2007,972013439
dataflow,ESTAT:DS-059358(1.0),A,EU27_2020,26112150,PRODVAL,2008,853361221
dataflow,ESTAT:DS-059358(1.0),A,EU27_2020,26112150,PRODVAL,2009,701697862
dataflow,ESTAT:DS-059358(1.0),A,EU27_2020,26112150,PRODVAL,2010,1217516161
dataflow,ESTAT:DS-059358(1.0),A,EU27_2020,26112150,PRODVAL,2011,1349717532
dataflow,ESTAT:DS-059358(1.0),A,EU27_2020,26112150,PRODVAL,2012,1161036012
dataflow,ESTAT:DS-059358(1.0),A,EU27_2020,26112150,PRODVAL,2013,960623182
dataflow,ESTAT:DS-059358(1.0),A,EU27_2020,26112150,PRODVAL,2014,1114279541
dataflow,ESTAT:DS-059358(1.0),A,EU27_2020,26112150,PRODVAL,2015,1514650612
dataflow,ESTAT:DS-059358(1.0),A,EU27_2020,26112150,PRODVAL,2016,2499615610
dataflow,ESTAT:DS-059358(1.0),A,EU27_2020,26112150,PRODVAL,2017,2102368052
dataflow,ESTAT:DS-059358(1.0),A,EU27_2020,26112150,PRODVAL,2018,2475180568
dataflow,ESTAT:DS-059358(1.0),A,EU27_2020,26112150,PRODVAL,2019,3231613065
dataflow,ESTAT:DS-059358(1.0),A,EU27_2020,26112150,PRODVAL,2020,3600000000
dataflow,ESTAT:DS-059358(1.0),A,EU27_2020,26112150,PRODVAL,2021,3500000000
dataflow,ESTAT:DS-059358(1.0),A,EU27_2020,26112150,PRODVAL,2022,6000000000
dataflow,ESTAT:DS-059358(1.0),A,EU27_2020,26112150,PRODVAL,2023,4000000000
dataflow,ESTAT:DS-059358(1.0),A,EU27_2020,26112150,PRODVAL,2024,6000000000
dataflow,ESTAT:DS-059358(1.0),A,EU27_2020,26112150,PVALBASE,2003,40000
dataflow,ESTAT:DS-059358(1.0),A,EU27_2020,26112150,PVALBASE,2004,50000
dataflow,ESTAT:DS-059358(1.0),A,EU27_2020,26112150,PVALBASE,2005,30000
dataflow,ESTAT:DS-059358(1.0),A,EU27_2020,26112150,PVALBASE,2015,600000000
dataflow,ESTAT:DS-059358(1.0),A,EU27_2020,26112150,PVALBASE,2016,700000000
dataflow,ESTAT:DS-059358(1.0),A,EU27_2020,26112150,PVALBASE,2017,800000000
dataflow,ESTAT:DS-059358(1.0),A,EU27_2020,26112150,PVALBASE,2018,700000000
dataflow,ESTAT:DS-059358(1.0),A,EU27_2020,26112150,PVALBASE,2019,700000000
dataflow,ESTAT:DS-059358(1.0),A,EU27_2020,26112150,PVALBASE,2020,900000000
dataflow,ESTAT:DS-059358(1.0),A,EU27_2020,26112150,PVALBASE,2021,700000000
dataflow,ESTAT:DS-059358(1.0),A,EU27_2020,26112150,PVALBASE,2022,2000000000
dataflow,ESTAT:DS-059358(1.0),A,EU27_2020,26112150,PVALBASE,2023,4000000000
dataflow,ESTAT:DS-059358(1.0),A,EU27_2020,26112150,PVALBASE,2024,2000000000
dataflow,ESTAT:DS-059358(1.0),A,EU27_2020,26112150,PVALFLAG,2003,:R
dataflow,ESTAT:DS-059358(1.0),A,EU27_2020,26112150,PVALFLAG,2004,:R
dataflow,ESTAT:DS-059358(1.0),A,EU27_2020,26112150,PVALFLAG,2005,:R
dataflow,ESTAT:DS-059358(1.0),A,EU27_2020,26112150,PVALFLAG,2015,:R
dataflow,ESTAT:DS-059358(1.0),A,EU27_2020,26112150,PVALFLAG,2016,:R
dataflow,ESTAT:DS-059358(1.0),A,EU27_2020,26112150,PVALFLAG,2017,:R
dataflow,ESTAT:DS-059358(1.0),A,EU27_2020,26112150,PVALFLAG,2018,:R
dataflow,ESTAT:DS-059358(1.0),A,EU27_2020,26112150,PVALFLAG,2019,:R
dataflow,ESTAT:DS-059358(1.0),A,EU27_2020,26112150,PVALFLAG,2020,:R
dataflow,ESTAT:DS-059358(1.0),A,EU27_2020,26112150,PVALFLAG,2021,:R
dataflow,ESTAT:DS-059358(1.0),A,EU27_2020,26112150,PVALFLAG,2022,:R
dataflow,ESTAT:DS-059358(1.0),A,EU27_2020,26112150,PVALFLAG,2023,:R
dataflow,ESTAT:DS-059358(1.0),A,EU27_2020,26112150,PVALFLAG,2024,:R
dataflow,ESTAT:DS-059358(1.0),A,EU27_2020,26112150,QNTUNIT,2003,PST
dataflow,ESTAT:DS-059358(1.0),A,EU27_2020,26112150,QNTUNIT,2004,PST
dataflow,ESTAT:DS-059358(1.0),A,EU27_2020,26112150,QNTUNIT,2005,PST
dataflow,ESTAT:DS-059358(1.0),A,EU27_2020,26112150,QNTUNIT,2006,PST
dataflow,ESTAT:DS-059358(1.0),A,EU27_2020,26112150,QNTUNIT,2007,PST
dataflow,ESTAT:DS-059358(1.0),A,EU27_2020,26112150,QNTUNIT,2008,PST
dataflow,ESTAT:DS-059358(1.0),A,EU27_2020,26112150,QNTUNIT,2009,PST
dataflow,ESTAT:DS-059358(1.0),A,EU27_2020,26112150,QNTUNIT,2010,PST
dataflow,ESTAT:DS-059358(1.0),A,EU27_2020,26112150,QNTUNIT,2011,PST
dataflow,ESTAT:DS-059358(1.0),A,EU27_2020,26112150,QNTUNIT,2012,PST
dataflow,ESTAT:DS-059358(1.0),A,EU27_2020,26112150,QNTUNIT,2013,PST
dataflow,ESTAT:DS-059358(1.0),A,EU27_2020,26112150,QNTUNIT,2014,PST
dataflow,ESTAT:DS-059358(1.0),A,EU27_2020,26112150,QNTUNIT,2015,PST
dataflow,ESTAT:DS-059358(1.0),A,EU27_2020,26112150,QNTUNIT,2016,PST
dataflow,ESTAT:DS-059358(1.0),A,EU27_2020,26112150,QNTUNIT,2017,PST
dataflow,ESTAT:DS-059358(1.0),A,EU27_2020,26112150,QNTUNIT,2018,PST
dataflow,ESTAT:DS-059358(1.0),A,EU27_2020,26112150,QNTUNIT,2019,PST
dataflow,ESTAT:DS-059358(1.0),A,EU27_2020,26112150,QNTUNIT,2020,PST
dataflow,ESTAT:DS-059358(1.0),A,EU27_2020,26112150,QNTUNIT,2021,p/st
dataflow,ESTAT:DS-059358(1.0),A,EU27_2020,26112150,QNTUNIT,2022,p/st
dataflow,ESTAT:DS-059358(1.0),A,EU27_2020,26112150,QNTUNIT,2023,p/st
dataflow,ESTAT:DS-059358(1.0),A,EU27_2020,26112150,QNTUNIT,2024,p/st
dataflow,ESTAT:DS-059358(1.0),A,EU27_2020,26112150,SCPRODQNT,2021,600000000
dataflow,ESTAT:DS-059358(1.0),A,EU27_2020,26112150,SCPRODQNT,2022,28000000
dataflow,ESTAT:DS-059358(1.0),A,EU27_2020,26112150,SCPRODQNT,2023,23075928
dataflow,ESTAT:DS-059358(1.0),A,EU27_2020,26112150,SCPRODQNT,2024,19610104
dataflow,ESTAT:DS-059358(1.0),A,EU27_2020,26112150,SCPRODVAL,2021,80000000
dataflow,ESTAT:DS-059358(1.0),A,EU27_2020,26112150,SCPRODVAL,2022,126000000
dataflow,ESTAT:DS-059358(1.0),A,EU27_2020,26112150,SCPRODVAL,2023,142535254
dataflow,ESTAT:DS-059358(1.0),A,EU27_2020,26112150,SCPRODVAL,2024,124207323
dataflow,ESTAT:DS-059358(1.0),A,EU27_2020,26112150,SCQNTBASE,2021,300000000
dataflow,ESTAT:DS-059358(1.0),A,EU27_2020,26112150,SCQNTBASE,2022,7000000
dataflow,ESTAT:DS-059358(1.0),A,EU27_2020,26112150,SCQNTFLAG,2021,:R
dataflow,ESTAT:DS-059358(1.0),A,EU27_2020,26112150,SCQNTFLAG,2022,:R
dataflow,ESTAT:DS-059358(1.0),A,EU27_2020,26112150,SCVALBASE,2021,20000000
dataflow,ESTAT:DS-059358(1.0),A,EU27_2020,26112150,SCVALBASE,2022,6000000
dataflow,ESTAT:DS-059358(1.0),A,EU27_2020,26112150,SCVALFLAG,2021,:R
dataflow,ESTAT:DS-059358(1.0),A,EU27_2020,26112150,SCVALFLAG,2022,:R
dataflow,ESTAT:DS-059358(1.0),A,EU27_2020,26112220,EXPVAL,2003,254874220
dataflow,ESTAT:DS-059358(1.0),A,EU27_2020,26112220,EXPVAL,2004,265467850
dataflow,ESTAT:DS-059358(1.0),A,EU27_2020,26112220,EXPVAL,2006,278041020
dataflow,ESTAT:DS-059358(1.0),A,EU27_2020,26112220,EXPVAL,2007,269998650
dataflow,ESTAT:DS-059358(1.0),A,EU27_2020,26112220,EXPVAL,2008,306556120
dataflow,ESTAT:DS-059358(1.0),A,EU27_2020,26112220,EXPVAL,2009,271435010
dataflow,ESTAT:DS-059358(1.0),A,EU27_2020,26112220,EXPVAL,2010,394181480
dataflow,ESTAT:DS-059358(1.0),A,EU27_2020,26112220,EXPVAL,2011,384868190
dataflow,ESTAT:DS-059358(1.0),A,EU27_2020,26112220,EXPVAL,2012,407312450
dataflow,ESTAT:DS-059358(1.0),A,EU27_2020,26112220,EXPVAL,2013,458537040
dataflow,ESTAT:DS-059358(1.0),A,EU27_2020,26112220,EXPVAL,2014,509500560
dataflow,ESTAT:DS-059358(1.0),A,EU27_2020,26112220,EXPVAL,2015,631590510
dataflow,ESTAT:DS-059358(1.0),A,EU27_2020,26112220,EXPVAL,2016,618564300
dataflow,ESTAT:DS-059358(1.0),A,EU27_2020,26112220,EXPVAL,2017,722974250
dataflow,ESTAT:DS-059358(1.0),A,EU27_2020,26112220,EXPVAL,2018,713003154
dataflow,ESTAT:DS-059358(1.0),A,EU27_2020,26112220,EXPVAL,2019,665091587
dataflow,ESTAT:DS-059358(1.0),A,EU27_2020,26112220,EXPVAL,2020,603480267
dataflow,ESTAT:DS-059358(1.0),A,EU27_2020,26112220,EXPVAL,2021,685114863
dataflow,ESTAT:DS-059358(1.0),A,EU27_2020,26112220,EXPVAL,2022,668710377
dataflow,ESTAT:DS-059358(1.0),A,EU27_2020,26112220,EXPVAL,2023,566769647
dataflow,ESTAT:DS-059358(1.0),A,EU27_2020,26112220,EXPVAL,2024,620629977
dataflow,ESTAT:DS-059358(1.0),A,EU27_2020,26112220,IMPVAL,2003,547650180
dataflow,ESTAT:DS-059358(1.0),A,EU27_2020,26112220,IMPVAL,2004,586725500
dataflow,ESTAT:DS-059358(1.0),A,EU27_2020,26112220,IMPVAL,2006,590284670
dataflow,ESTAT:DS-059358(1.0),A,EU27_2020,26112220,IMPVAL,2007,601442070
dataflow,ESTAT:DS-059358(1.0),A,EU27_2020,26112220,IMPVAL,2008,694220970
dataflow,ESTAT:DS-059358(1.0),A,EU27_2020,26112220,IMPVAL,2009,609283160
dataflow,ESTAT:DS-059358(1.0),A,EU27_2020,26112220,IMPVAL,2010,946146200
dataflow,ESTAT:DS-059358(1.0),A,EU27_2020,26112220,IMPVAL,2011,930146750
dataflow,ESTAT:DS-059358(1.0),A,EU27_2020,26112220,IMPVAL,2012,809553560
dataflow,ESTAT:DS-059358(1.0),A,EU27_2020,26112220,IMPVAL,2013,798275700
dataflow,ESTAT:DS-059358(1.0),A,EU27_2020,26112220,IMPVAL,2014,927252220
dataflow,ESTAT:DS-059358(1.0),A,EU27_2020,26112220,IMPVAL,2015,1274259920
dataflow,ESTAT:DS-059358(1.0),A,EU27_2020,26112220,IMPVAL,2016,1309501530
dataflow,ESTAT:DS-059358(1.0),A,EU27_2020,26112220,IMPVAL,2017,1452043990
dataflow,ESTAT:DS-059358(1.0),A,EU27_2020,26112220,IMPVAL,2018,1381240347
dataflow,ESTAT:DS-059358(1.0),A,EU27_2020,26112220,IMPVAL,2019,1335138608
dataflow,ESTAT:DS-059358(1.0),A,EU27_2020,26112220,IMPVAL,2020,1086241967
dataflow,ESTAT:DS-059358(1.0),A,EU27_2020,26112220,IMPVAL,2021,1401878484
dataflow,ESTAT:DS-059358(1.0),A,EU27_2020,26112220,IMPVAL,2022,1412341378
dataflow,ESTAT:DS-059358(1.0),A,EU27_2020,26112220,IMPVAL,2023,1191638172
dataflow,ESTAT:DS-059358(1.0),A,EU27_2020,26112220,IMPVAL,2024,1155631268
dataflow,ESTAT:DS-059358(1.0),A,EU27_2020,26112220,OWNPRODQNT,2021,63340988
dataflow,ESTAT:DS-059358(1.0),A,EU27_2020,26112220,OWNPRODQNT,2022,55945414
dataflow,ESTAT:DS-059358(1.0),A,EU27_2020,26112220,OWNPRODQNT,2023,88000000
dataflow,ESTAT:DS-059358(1.0),A,EU27_2020,26112220,OWNPRODQNT,2024,80283515
dataflow,ESTAT:DS-059358(1.0),A,EU27_2020,26112220,OWNPRODVAL,2021,267361942
dataflow,ESTAT:DS-059358(1.0),A,EU27_2020,26112220,OWNPRODVAL,2022,319703343
dataflow,ESTAT:DS-059358(1.0),A,EU27_2020,26112220,OWNPRODVAL,2023,326593772
dataflow,ESTAT:DS-059358(1.0),A,EU27_2020,26112220,OWNPRODVAL,2024,311578292
dataflow,ESTAT:DS-059358(1.0),A,EU27_2020,26112220,OWNQNTBASE,2023,8000000
dataflow,ESTAT:DS-059358(1.0),A,EU27_2020,26112220,OWNQNTFLAG,2023,:R
dataflow,ESTAT:DS-059358(1.0),A,EU27_2020,26112220,PQNTBASE,2009,5000000
dataflow,ESTAT:DS-059358(1.0),A,EU27_2020,26112220,PQNTBASE,2010,4000000
dataflow,ESTAT:DS-059358(1.0),A,EU27_2020,26112220,PQNTBASE,2021,5000000
dataflow,ESTAT:DS-059358(1.0),A,EU27_2020,26112220,PQNTBASE,2022,2000000
dataflow,ESTAT:DS-059358(1.0),A,EU27_2020,26112220,PQNTBASE,2023,9000000
dataflow,ESTAT:DS-059358(1.0),A,EU27_2020,26112220,PQNTBASE,2024,30000000
dataflow,ESTAT:DS-059358(1.0),A,EU27_2020,26112220,PQNTFLAG,2003,:E
dataflow,ESTAT:DS-059358(1.0),A,EU27_2020,26112220,PQNTFLAG,2008,:E
dataflow,ESTAT:DS-059358(1.0),A,EU27_2020,26112220,PQNTFLAG,2009,:R
dataflow,ESTAT:DS-059358(1.0),A,EU27_2020,26112220,PQNTFLAG,2010,:R
dataflow,ESTAT:DS-059358(1.0),A,EU27_2020,26112220,PQNTFLAG,2014,:E
dataflow,ESTAT:DS-059358(1.0),A,EU27_2020,26112220,PQNTFLAG,2016,:E
dataflow,ESTAT:DS-059358(1.0),A,EU27_2020,26112220,PQNTFLAG,2018,:E
dataflow,ESTAT:DS-059358(1.0),A,EU27_2020,26112220,PQNTFLAG,2021,:R
dataflow,ESTAT:DS-059358(1.0),A,EU27_2020,26112220,PQNTFLAG,2022,:R
dataflow,ESTAT:DS-059358(1.0),A,EU27_2020,26112220,PQNTFLAG,2023,:R
dataflow,ESTAT:DS-059358(1.0),A,EU27_2020,26112220,PQNTFLAG,2024,:R
dataflow,ESTAT:DS-059358(1.0),A,EU27_2020,26112220,PRODQNT,2003,742133855
dataflow,ESTAT:DS-059358(1.0),A,EU27_2020,26112220,PRODQNT,2004,1011726830
dataflow,ESTAT:DS-059358(1.0),A,EU27_2020,26112220,PRODQNT,2005,519826323
dataflow,ESTAT:DS-059358(1.0),A,EU27_2020,26112220,PRODQNT,2006,492859346
dataflow,ESTAT:DS-059358(1.0),A,EU27_2020,26112220,PRODQNT,2007,370473147
dataflow,ESTAT:DS-059358(1.0),A,EU27_2020,26112220,PRODQNT,2008,240330748
dataflow,ESTAT:DS-059358(1.0),A,EU27_2020,26112220,PRODQNT,2009,149645431
dataflow,ESTAT:DS-059358(1.0),A,EU27_2020,26112220,PRODQNT,2010,275845401
dataflow,ESTAT:DS-059358(1.0),A,EU27_2020,26112220,PRODQNT,2011,243292786
dataflow,ESTAT:DS-059358(1.0),A,EU27_2020,26112220,PRODQNT,2012,218759848
dataflow,ESTAT:DS-059358(1.0),A,EU27_2020,26112220,PRODQNT,2013,272808386
dataflow,ESTAT:DS-059358(1.0),A,EU27_2020,26112220,PRODQNT,2014,167750125
dataflow,ESTAT:DS-059358(1.0),A,EU27_2020,26112220,PRODQNT,2015,172012384
dataflow,ESTAT:DS-059358(1.0),A,EU27_2020,26112220,PRODQNT,2016,157350940
dataflow,ESTAT:DS-059358(1.0),A,EU27_2020,26112220,PRODQNT,2017,119863577
dataflow,ESTAT:DS-059358(1.0),A,EU27_2020,26112220,PRODQNT,2018,81041254
dataflow,ESTAT:DS-059358(1.0),A,EU27_2020,26112220,PRODQNT,2019,59402816
dataflow,ESTAT:DS-059358(1.0),A,EU27_2020,26112220,PRODQNT,2020,70584111
dataflow,ESTAT:DS-059358(1.0),A,EU27_2020,26112220,PRODQNT,2021,70000000
dataflow,ESTAT:DS-059358(1.0),A,EU27_2020,26112220,PRODQNT,2022,66000000
dataflow,ESTAT:DS-059358(1.0),A,EU27_2020,26112220,PRODQNT,2023,90000000
dataflow,ESTAT:DS-059358(1.0),A,EU27_2020,26112220,PRODQNT,2024,90000000
dataflow,ESTAT:DS-059358(1.0),A,EU27_2020,26112220,PRODVAL,2003,181754271
dataflow,ESTAT:DS-059358(1.0),A,EU27_2020,26112220,PRODVAL,2004,167971969
dataflow,ESTAT:DS-059358(1.0),A,EU27_2020,26112220,PRODVAL,2005,144596029
dataflow,ESTAT:DS-059358(1.0),A,EU27_2020,26112220,PRODVAL,2006,96487499
dataflow,ESTAT:DS-059358(1.0),A,EU27_2020,26112220,PRODVAL,2007,101869872
dataflow,ESTAT:DS-059358(1.0),A,EU27_2020,26112220,PRODVAL,2008,99121949
dataflow,ESTAT:DS-059358(1.0),A,EU27_2020,26112220,PRODVAL,2009,122227308
dataflow,ESTAT:DS-059358(1.0),A,EU27_2020,26112220,PRODVAL,2010,227221690
dataflow,ESTAT:DS-059358(1.0),A,EU27_2020,26112220,PRODVAL,2011,199994911
dataflow,ESTAT:DS-059358(1.0),A,EU27_2020,26112220,PRODVAL,2012,190300406
dataflow,ESTAT:DS-059358(1.0),A,EU27_2020,26112220,PRODVAL,2013,346484575
dataflow,ESTAT:DS-059358(1.0),A,EU27_2020,26112220,PRODVAL,2014,252051121
dataflow,ESTAT:DS-059358(1.0),A,EU27_2020,26112220,PRODVAL,2015,302589380
dataflow,ESTAT:DS-059358(1.0),A,EU27_2020,26112220,PRODVAL,2016,271852082
dataflow,ESTAT:DS-059358(1.0),A,EU27_2020,26112220,PRODVAL,2017,260970790
dataflow,ESTAT:DS-059358(1.0),A,EU27_2020,26112220,PRODVAL,2018,257629087
dataflow,ESTAT:DS-059358(1.0),A,EU27_2020,26112220,PRODVAL,2019,281303311
dataflow,ESTAT:DS-059358(1.0),A,EU27_2020,26112220,PRODVAL,2020,250995082
dataflow,ESTAT:DS-059358(1.0),A,EU27_2020,26112220,PRODVAL,2021,266000000
dataflow,ESTAT:DS-059358(1.0),A,EU27_2020,26112220,PRODVAL,2022,330000000
dataflow,ESTAT:DS-059358(1.0),A,EU27_2020,26112220,PRODVAL,2023,320000000
dataflow,ESTAT:DS-059358(1.0),A,EU27_2020,26112220,PRODVAL,2024,313818328
dataflow,ESTAT:DS-059358(1.0),A,EU27_2020,26112220,PVALBASE,2021,7000000
dataflow,ESTAT:DS-059358(1.0),A,EU27_2020,26112220,PVALBASE,2022,30000000
dataflow,ESTAT:DS-059358(1.0),A,EU27_2020,26112220,PVALBASE,2023,20000000
dataflow,ESTAT:DS-059358(1.0),A,EU27_2020,26112220,PVALFLAG,2003,:E
dataflow,ESTAT:DS-059358(1.0),A,EU27_2020,26112220,PVALFLAG,2010,:E
dataflow,ESTAT:DS-059358(1.0),A,EU27_2020,26112220,PVALFLAG,2014,:E
dataflow,ESTAT:DS-059358(1.0),A,EU27_2020,26112220,PVALFLAG,2021,:R
dataflow,ESTAT:DS-059358(1.0),A,EU27_2020,26112220,PVALFLAG,2022,:R
dataflow,ESTAT:DS-059358(1.0),A,EU27_2020,26112220,PVALFLAG,2023,:R
dataflow,ESTAT:DS-059358(1.0),A,EU27_2020,26112220,QNTUNIT,2003,PST
dataflow,ESTAT:DS-059358(1.0),A,EU27_2020,26112220,QNTUNIT,2004,PST
dataflow,ESTAT:DS-059358(1.0),A,EU27_2020,26112220,QNTUNIT,2005,PST
dataflow,ESTAT:DS-059358(1.0),A,EU27_2020,26112220,QNTUNIT,2006,PST
dataflow,ESTAT:DS-059358(1.0),A,EU27_2020,26112220,QNTUNIT,2007,PST
dataflow,ESTAT:DS-059358(1.0),A,EU27_2020,26112220,QNTUNIT,2008,PST
dataflow,ESTAT:DS-059358(1.0),A,EU27_2020,26112220,QNTUNIT,2009,PST
dataflow,ESTAT:DS-059358(1.0),A,EU27_2020,26112220,QNTUNIT,2010,PST
dataflow,ESTAT:DS-059358(1.0),A,EU27_2020,26112220,QNTUNIT,2011,PST
dataflow,ESTAT:DS-059358(1.0),A,EU27_2020,26112220,QNTUNIT,2012,PST
dataflow,ESTAT:DS-059358(1.0),A,EU27_2020,26112220,QNTUNIT,2013,PST
dataflow,ESTAT:DS-059358(1.0),A,EU27_2020,26112220,QNTUNIT,2014,PST
dataflow,ESTAT:DS-059358(1.0),A,EU27_2020,26112220,QNTUNIT,2015,PST
dataflow,ESTAT:DS-059358(1.0),A,EU27_2020,26112220,QNTUNIT,2016,PST
dataflow,ESTAT:DS-059358(1.0),A,EU27_2020,26112220,QNTUNIT,2017,PST
dataflow,ESTAT:DS-059358(1.0),A,EU27_2020,26112220,QNTUNIT,2018,PST
dataflow,ESTAT:DS-059358(1.0),A,EU27_2020,26112220,QNTUNIT,2019,PST
dataflow,ESTAT:DS-059358(1.0),A,EU27_2020,26112220,QNTUNIT,2020,PST
dataflow,ESTAT:DS-059358(1.0),A,EU27_2020,26112220,QNTUNIT,2021,p/st
dataflow,ESTAT:DS-059358(1.0),A,EU27_2020,26112220,QNTUNIT,2022,p/st
dataflow,ESTAT:DS-059358(1.0),A,EU27_2020,26112220,QNTUNIT,2023,p/st
dataflow,ESTAT:DS-059358(1.0),A,EU27_2020,26112220,QNTUNIT,2024,p/st
dataflow,ESTAT:DS-059358(1.0),A,EU27_2020,26112220,SCPRODQNT,2021,9000000
dataflow,ESTAT:DS-059358(1.0),A,EU27_2020,26112220,SCPRODQNT,2022,8000000
dataflow,ESTAT:DS-059358(1.0),A,EU27_2020,26112220,SCPRODQNT,2023,2400000
dataflow,ESTAT:DS-059358(1.0),A,EU27_2020,26112220,SCPRODQNT,2024,3200000
dataflow,ESTAT:DS-059358(1.0),A,EU27_2020,26112220,SCPRODVAL,2021,1500000
dataflow,ESTAT:DS-059358(1.0),A,EU27_2020,26112220,SCPRODVAL,2022,1500000
dataflow,ESTAT:DS-059358(1.0),A,EU27_2020,26112220,SCPRODVAL,2023,1150000
dataflow,ESTAT:DS-059358(1.0),A,EU27_2020,26112220,SCPRODVAL,2024,2240037
dataflow,ESTAT:DS-059358(1.0),A,EU27_2020,26112220,SCQNTBASE,2021,900000
dataflow,ESTAT:DS-059358(1.0),A,EU27_2020,26112220,SCQNTBASE,2022,2000000
dataflow,ESTAT:DS-059358(1.0),A,EU27_2020,26112220,SCQNTBASE,2023,200000
dataflow,ESTAT:DS-059358(1.0),A,EU27_2020,26112220,SCQNTBASE,2024,400000
dataflow,ESTAT:DS-059358(1.0),A,EU27_2020,26112220,SCQNTFLAG,2021,:R
dataflow,ESTAT:DS-059358(1.0),A,EU27_2020,26112220,SCQNTFLAG,2022,:R
dataflow,ESTAT:DS-059358(1.0),A,EU27_2020,26112220,SCQNTFLAG,2023,:R
dataflow,ESTAT:DS-059358(1.0),A,EU27_2020,26112220,SCQNTFLAG,2024,:R
dataflow,ESTAT:DS-059358(1.0),A,EU27_2020,26112220,SCVALBASE,2021,500000
dataflow,ESTAT:DS-059358(1.0),A,EU27_2020,26112220,SCVALBASE,2022,300000
dataflow,ESTAT:DS-059358(1.0),A,EU27_2020,26112220,SCVALBASE,2023,50000
dataflow,ESTAT:DS-059358(1.0),A,EU27_2020,26112220,SCVALFLAG,2021,:R
dataflow,ESTAT:DS-059358(1.0),A,EU27_2020,26112220,SCVALFLAG,2022,:R
dataflow,ESTAT:DS-059358(1.0),A,EU27_2020,26112220,SCVALFLAG,2023,:R
dataflow,ESTAT:DS-059358(1.0),A,EU27_2020,26112240,EXPVAL,2003,285926350
dataflow,ESTAT:DS-059358(1.0),A,EU27_2020,26112240,EXPVAL,2004,259946540
dataflow,ESTAT:DS-059358(1.0),A,EU27_2020,26112240,EXPVAL,2006,556897660
dataflow,ESTAT:DS-059358(1.0),A,EU27_2020,26112240,EXPVAL,2007,677697850
dataflow,ESTAT:DS-059358(1.0),A,EU27_2020,26112240,EXPVAL,2008,1092823000
dataflow,ESTAT:DS-059358(1.0),A,EU27_2020,26112240,EXPVAL,2009,1054906900
dataflow,ESTAT:DS-059358(1.0),A,EU27_2020,26112240,EXPVAL,2010,1138081280
dataflow,ESTAT:DS-059358(1.0),A,EU27_2020,26112240,EXPVAL,2011,1757948440
dataflow,ESTAT:DS-059358(1.0),A,EU27_2020,26112240,EXPVAL,2012,1483416590
dataflow,ESTAT:DS-059358(1.0),A,EU27_2020,26112240,EXPVAL,2013,1459910400
dataflow,ESTAT:DS-059358(1.0),A,EU27_2020,26112240,EXPVAL,2014,1506609030
dataflow,ESTAT:DS-059358(1.0),A,EU27_2020,26112240,EXPVAL,2015,2219824200
dataflow,ESTAT:DS-059358(1.0),A,EU27_2020,26112240,EXPVAL,2016,1565753250
dataflow,ESTAT:DS-059358(1.0),A,EU27_2020,26112240,EXPVAL,2017,1325396110
dataflow,ESTAT:DS-059358(1.0),A,EU27_2020,26112240,EXPVAL,2018,974213494
dataflow,ESTAT:DS-059358(1.0),A,EU27_2020,26112240,EXPVAL,2019,1027111471
dataflow,ESTAT:DS-059358(1.0),A,EU27_2020,26112240,EXPVAL,2020,1222761224
dataflow,ESTAT:DS-059358(1.0),A,EU27_2020,26112240,EXPVAL,2021,1284795943
dataflow,ESTAT:DS-059358(1.0),A,EU27_2020,26112240,EXPVAL,2022,1855206416
dataflow,ESTAT:DS-059358(1.0),A,EU27_2020,26112240,EXPVAL,2023,1955757563
dataflow,ESTAT:DS-059358(1.0),A,EU27_2020,26112240,EXPVAL,2024,1723532217
dataflow,ESTAT:DS-059358(1.0),A,EU27_2020,26112240,IMPVAL,2003,1018078460
dataflow,ESTAT:DS-059358(1.0),A,EU27_2020,26112240,IMPVAL,2004,1631314120
dataflow,ESTAT:DS-059358(1.0),A,EU27_2020,26112240,IMPVAL,2006,3387519510
dataflow,ESTAT:DS-059358(1.0),A,EU27_2020,26112240,IMPVAL,2007,5226243010
dataflow,ESTAT:DS-059358(1.0),A,EU27_2020,26112240,IMPVAL,2008,11038634090
dataflow,ESTAT:DS-059358(1.0),A,EU27_2020,26112240,IMPVAL,2009,10627570130
dataflow,ESTAT:DS-059358(1.0),A,EU27_2020,26112240,IMPVAL,2010,22962581980
dataflow,ESTAT:DS-059358(1.0),A,EU27_2020,26112240,IMPVAL,2011,19333677570
dataflow,ESTAT:DS-059358(1.0),A,EU27_2020,26112240,IMPVAL,2012,10130303090
dataflow,ESTAT:DS-059358(1.0),A,EU27_2020,26112240,IMPVAL,2013,4427082640
dataflow,ESTAT:DS-059358(1.0),A,EU27_2020,26112240,IMPVAL,2014,3758166270
dataflow,ESTAT:DS-059358(1.0),A,EU27_2020,26112240,IMPVAL,2015,3826516730
dataflow,ESTAT:DS-059358(1.0),A,EU27_2020,26112240,IMPVAL,2016,3185592590
dataflow,ESTAT:DS-059358(1.0),A,EU27_2020,26112240,IMPVAL,2017,3232364650
dataflow,ESTAT:DS-059358(1.0),A,EU27_2020,26112240,IMPVAL,2018,4205160242
dataflow,ESTAT:DS-059358(1.0),A,EU27_2020,26112240,IMPVAL,2019,6220456206
dataflow,ESTAT:DS-059358(1.0),A,EU27_2020,26112240,IMPVAL,2020,6906997481
dataflow,ESTAT:DS-059358(1.0),A,EU27_2020,26112240,IMPVAL,2021,9807307569
dataflow,ESTAT:DS-059358(1.0),A,EU27_2020,26112240,IMPVAL,2022,24009777561
dataflow,ESTAT:DS-059358(1.0),A,EU27_2020,26112240,IMPVAL,2023,20674197429
dataflow,ESTAT:DS-059358(1.0),A,EU27_2020,26112240,IMPVAL,2024,11999658254
dataflow,ESTAT:DS-059358(1.0),A,EU27_2020,26112240,OWNPRODQNT,2021,90000000
dataflow,ESTAT:DS-059358(1.0),A,EU27_2020,26112240,OWNPRODQNT,2022,87183349
dataflow,ESTAT:DS-059358(1.0),A,EU27_2020,26112240,OWNPRODQNT,2023,120000000
dataflow,ESTAT:DS-059358(1.0),A,EU27_2020,26112240,OWNPRODQNT,2024,60000000
dataflow,ESTAT:DS-059358(1.0),A,EU27_2020,26112240,OWNPRODVAL,2021,1297244015
dataflow,ESTAT:DS-059358(1.0),A,EU27_2020,26112240,OWNPRODVAL,2022,1722174978
dataflow,ESTAT:DS-059358(1.0),A,EU27_2020,26112240,OWNPRODVAL,2023,1637605164
dataflow,ESTAT:DS-059358(1.0),A,EU27_2020,26112240,OWNPRODVAL,2024,1035694425
dataflow,ESTAT:DS-059358(1.0),A,EU27_2020,26112240,OWNQNTBASE,2021,30000000
dataflow,ESTAT:DS-059358(1.0),A,EU27_2020,26112240,OWNQNTBASE,2023,30000000
dataflow,ESTAT:DS-059358(1.0),A,EU27_2020,26112240,OWNQNTBASE,2024,10000000
dataflow,ESTAT:DS-059358(1.0),A,EU27_2020,26112240,OWNQNTFLAG,2021,:R
dataflow,ESTAT:DS-059358(1.0),A,EU27_2020,26112240,OWNQNTFLAG,2022,:E
dataflow,ESTAT:DS-059358(1.0),A,EU27_2020,26112240,OWNQNTFLAG,2023,:R
dataflow,ESTAT:DS-059358(1.0),A,EU27_2020,26112240,OWNQNTFLAG,2024,:R
dataflow,ESTAT:DS-059358(1.0),A,EU27_2020,26112240,OWNVALFLAG,2022,:E
dataflow,ESTAT:DS-059358(1.0),A,EU27_2020,26112240,OWNVALFLAG,2023,:E
dataflow,ESTAT:DS-059358(1.0),A,EU27_2020,26112240,PQNTBASE,2003,400000000
dataflow,ESTAT:DS-059358(1.0),A,EU27_2020,26112240,PQNTBASE,2004,800000000
dataflow,ESTAT:DS-059358(1.0),A,EU27_2020,26112240,PQNTBASE,2005,800
dataflow,ESTAT:DS-059358(1.0),A,EU27_2020,26112240,PQNTBASE,2008,400000000
dataflow,ESTAT:DS-059358(1.0),A,EU27_2020,26112240,PQNTBASE,2009,300000000
dataflow,ESTAT:DS-059358(1.0),A,EU27_2020,26112240,PQNTBASE,2010,500000000
dataflow,ESTAT:DS-059358(1.0),A,EU27_2020,26112240,PQNTBASE,2011,500000000
dataflow,ESTAT:DS-059358(1.0),A,EU27_2020,26112240,PQNTBASE,2012,200000000
dataflow,ESTAT:DS-059358(1.0),A,EU27_2020,26112240,PQNTBASE,2013,300000000
dataflow,ESTAT:DS-059358(1.0),A,EU27_2020,26112240,PQNTBASE,2014,400000000
dataflow,ESTAT:DS-059358(1.0),A,EU27_2020,26112240,PQNTBASE,2021,30000000
dataflow,ESTAT:DS-059358(1.0),A,EU27_2020,26112240,PQNTBASE,2022,5000000
dataflow,ESTAT:DS-059358(1.0),A,EU27_2020,26112240,PQNTBASE,2023,30000000
dataflow,ESTAT:DS-059358(1.0),A,EU27_2020,26112240,PQNTBASE,2024,50000
dataflow,ESTAT:DS-059358(1.0),A,EU27_2020,26112240,PQNTFLAG,2003,:R
dataflow,ESTAT:DS-059358(1.0),A,EU27_2020,26112240,PQNTFLAG,2004,:R
dataflow,ESTAT:DS-059358(1.0),A,EU27_2020,26112240,PQNTFLAG,2005,:R
dataflow,ESTAT:DS-059358(1.0),A,EU27_2020,26112240,PQNTFLAG,2007,:E
dataflow,ESTAT:DS-059358(1.0),A,EU27_2020,26112240,PQNTFLAG,2008,:R
dataflow,ESTAT:DS-059358(1.0),A,EU27_2020,26112240,PQNTFLAG,2009,:R
dataflow,ESTAT:DS-059358(1.0),A,EU27_2020,26112240,PQNTFLAG,2010,:R
dataflow,ESTAT:DS-059358(1.0),A,EU27_2020,26112240,PQNTFLAG,2011,:R
dataflow,ESTAT:DS-059358(1.0),A,EU27_2020,26112240,PQNTFLAG,2012,:R
dataflow,ESTAT:DS-059358(1.0),A,EU27_2020,26112240,PQNTFLAG,2013,:R
dataflow,ESTAT:DS-059358(1.0),A,EU27_2020,26112240,PQNTFLAG,2014,:R
dataflow,ESTAT:DS-059358(1.0),A,EU27_2020,26112240,PQNTFLAG,2017,:E
dataflow,ESTAT:DS-059358(1.0),A,EU27_2020,26112240,PQNTFLAG,2018,:E
dataflow,ESTAT:DS-059358(1.0),A,EU27_2020,26112240,PQNTFLAG,2021,:R
dataflow,ESTAT:DS-059358(1.0),A,EU27_2020,26112240,PQNTFLAG,2022,:R
dataflow,ESTAT:DS-059358(1.0),A,EU27_2020,26112240,PQNTFLAG,2023,:R
dataflow,ESTAT:DS-059358(1.0),A,EU27_2020,26112240,PQNTFLAG,2024,:R
dataflow,ESTAT:DS-059358(1.0),A,EU27_2020,26112240,PRODQNT,2003,3600000000
dataflow,ESTAT:DS-059358(1.0),A,EU27_2020,26112240,PRODQNT,2004,4000000000
dataflow,ESTAT:DS-059358(1.0),A,EU27_2020,26112240,PRODQNT,2005,925573819
dataflow,ESTAT:DS-059358(1.0),A,EU27_2020,26112240,PRODQNT,2006,1139122612
dataflow,ESTAT:DS-059358(1.0),A,EU27_2020,26112240,PRODQNT,2007,1130479127
dataflow,ESTAT:DS-059358(1.0),A,EU27_2020,26112240,PRODQNT,2008,1198507202
dataflow,ESTAT:DS-059358(1.0),A,EU27_2020,26112240,PRODQNT,2009,598499176
dataflow,ESTAT:DS-059358(1.0),A,EU27_2020,26112240,PRODQNT,2010,1497923255
dataflow,ESTAT:DS-059358(1.0),A,EU27_2020,26112240,PRODQNT,2011,497434937
dataflow,ESTAT:DS-059358(1.0),A,EU27_2020,26112240,PRODQNT,2012,400000000
dataflow,ESTAT:DS-059358(1.0),A,EU27_2020,26112240,PRODQNT,2013,597801652
dataflow,ESTAT:DS-059358(1.0),A,EU27_2020,26112240,PRODQNT,2014,399469280
dataflow,ESTAT:DS-059358(1.0),A,EU27_2020,26112240,PRODQNT,2015,739693403
dataflow,ESTAT:DS-059358(1.0),A,EU27_2020,26112240,PRODQNT,2016,850823030
dataflow,ESTAT:DS-059358(1.0),A,EU27_2020,26112240,PRODQNT,2017,492874218
dataflow,ESTAT:DS-059358(1.0),A,EU27_2020,26112240,PRODQNT,2018,281106457
dataflow,ESTAT:DS-059358(1.0),A,EU27_2020,26112240,PRODQNT,2019,87073097
dataflow,ESTAT:DS-059358(1.0),A,EU27_2020,26112240,PRODQNT,2020,75651176
dataflow,ESTAT:DS-059358(1.0),A,EU27_2020,26112240,PRODQNT,2021,60000000
dataflow,ESTAT:DS-059358(1.0),A,EU27_2020,26112240,PRODQNT,2022,90000000
dataflow,ESTAT:DS-059358(1.0),A,EU27_2020,26112240,PRODQNT,2023,120000000
dataflow,ESTAT:DS-059358(1.0),A,EU27_2020,26112240,PRODQNT,2024,66100000
dataflow,ESTAT:DS-059358(1.0),A,EU27_2020,26112240,PRODVAL,2003,797419417
dataflow,ESTAT:DS-059358(1.0),A,EU27_2020,26112240,PRODVAL,2004,1382357892
dataflow,ESTAT:DS-059358(1.0),A,EU27_2020,26112240,PRODVAL,2005,2212447128
dataflow,ESTAT:DS-059358(1.0),A,EU27_2020,26112240,PRODVAL,2006,3149332124
dataflow,ESTAT:DS-059358(1.0),A,EU27_2020,26112240,PRODVAL,2007,4669515359
dataflow,ESTAT:DS-059358(1.0),A,EU27_2020,26112240,PRODVAL,2008,7196386532
dataflow,ESTAT:DS-059358(1.0),A,EU27_2020,26112240,PRODVAL,2009,6654165898
dataflow,ESTAT:DS-059358(1.0),A,EU27_2020,26112240,PRODVAL,2010,7862202578
dataflow,ESTAT:DS-059358(1.0),A,EU27_2020,26112240,PRODVAL,2011,6957878038
dataflow,ESTAT:DS-059358(1.0),A,EU27_2020,26112240,PRODVAL,2012,3888498058
dataflow,ESTAT:DS-059358(1.0),A,EU27_2020,26112240,PRODVAL,2013,2119316661
dataflow,ESTAT:DS-059358(1.0),A,EU27_2020,26112240,PRODVAL,2014,1627680330
dataflow,ESTAT:DS-059358(1.0),A,EU27_2020,26112240,PRODVAL,2015,1666487578
dataflow,ESTAT:DS-059358(1.0),A,EU27_2020,26112240,PRODVAL,2016,1759568280
dataflow,ESTAT:DS-059358(1.0),A,EU27_2020,26112240,PRODVAL,2017,1408890528
dataflow,ESTAT:DS-059358(1.0),A,EU27_2020,26112240,PRODVAL,2018,1038520594
dataflow,ESTAT:DS-059358(1.0),A,EU27_2020,26112240,PRODVAL,2019,940593777
dataflow,ESTAT:DS-059358(1.0),A,EU27_2020,26112240,PRODVAL,2020,700000000
dataflow,ESTAT:DS-059358(1.0),A,EU27_2020,26112240,PRODVAL,2021,1500000000
dataflow,ESTAT:DS-059358(1.0),A,EU27_2020,26112240,PRODVAL,2022,1730738978
dataflow,ESTAT:DS-059358(1.0),A,EU27_2020,26112240,PRODVAL,2023,1647232164
dataflow,ESTAT:DS-059358(1.0),A,EU27_2020,26112240,PRODVAL,2024,1046343425
dataflow,ESTAT:DS-059358(1.0),A,EU27_2020,26112240,PVALBASE,2003,20
dataflow,ESTAT:DS-059358(1.0),A,EU27_2020,26112240,PVALBASE,2004,200000
dataflow,ESTAT:DS-059358(1.0),A,EU27_2020,26112240,PVALBASE,2005,300000
dataflow,ESTAT:DS-059358(1.0),A,EU27_2020,26112240,PVALBASE,2019,500000000
dataflow,ESTAT:DS-059358(1.0),A,EU27_2020,26112240,PVALBASE,2020,700000000
dataflow,ESTAT:DS-059358(1.0),A,EU27_2020,26112240,PVALBASE,2021,500000000
dataflow,ESTAT:DS-059358(1.0),A,EU27_2020,26112240,PVALFLAG,2003,:R
dataflow,ESTAT:DS-059358(1.0),A,EU27_2020,26112240,PVALFLAG,2004,:R
dataflow,ESTAT:DS-059358(1.0),A,EU27_2020,26112240,PVALFLAG,2005,:R
dataflow,ESTAT:DS-059358(1.0),A,EU27_2020,26112240,PVALFLAG,2007,:E
dataflow,ESTAT:DS-059358(1.0),A,EU27_2020,26112240,PVALFLAG,2008,:E
dataflow,ESTAT:DS-059358(1.0),A,EU27_2020,26112240,PVALFLAG,2009,:E
dataflow,ESTAT:DS-059358(1.0),A,EU27_2020,26112240,PVALFLAG,2011,:E
dataflow,ESTAT:DS-059358(1.0),A,EU27_2020,26112240,PVALFLAG,2012,:E
dataflow,ESTAT:DS-059358(1.0),A,EU27_2020,26112240,PVALFLAG,2013,:E
dataflow,ESTAT:DS-059358(1.0),A,EU27_2020,26112240,PVALFLAG,2014,:E
dataflow,ESTAT:DS-059358(1.0),A,EU27_2020,26112240,PVALFLAG,2019,:R
dataflow,ESTAT:DS-059358(1.0),A,EU27_2020,26112240,PVALFLAG,2020,:R
dataflow,ESTAT:DS-059358(1.0),A,EU27_2020,26112240,PVALFLAG,2021,:R
dataflow,ESTAT:DS-059358(1.0),A,EU27_2020,26112240,PVALFLAG,2022,:E
dataflow,ESTAT:DS-059358(1.0),A,EU27_2020,26112240,PVALFLAG,2023,:E
dataflow,ESTAT:DS-059358(1.0),A,EU27_2020,26112240,PVALFLAG,2024,:E
dataflow,ESTAT:DS-059358(1.0),A,EU27_2020,26112240,QNTUNIT,2003,PST
dataflow,ESTAT:DS-059358(1.0),A,EU27_2020,26112240,QNTUNIT,2004,PST
dataflow,ESTAT:DS-059358(1.0),A,EU27_2020,26112240,QNTUNIT,2005,PST
dataflow,ESTAT:DS-059358(1.0),A,EU27_2020,26112240,QNTUNIT,2006,PST
dataflow,ESTAT:DS-059358(1.0),A,EU27_2020,26112240,QNTUNIT,2007,PST
dataflow,ESTAT:DS-059358(1.0),A,EU27_2020,26112240,QNTUNIT,2008,PST
dataflow,ESTAT:DS-059358(1.0),A,EU27_2020,26112240,QNTUNIT,2009,PST
dataflow,ESTAT:DS-059358(1.0),A,EU27_2020,26112240,QNTUNIT,2010,PST
dataflow,ESTAT:DS-059358(1.0),A,EU27_2020,26112240,QNTUNIT,2011,PST
dataflow,ESTAT:DS-059358(1.0),A,EU27_2020,26112240,QNTUNIT,2012,PST
dataflow,ESTAT:DS-059358(1.0),A,EU27_2020,26112240,QNTUNIT,2013,PST
dataflow,ESTAT:DS-059358(1.0),A,EU27_2020,26112240,QNTUNIT,2014,PST
dataflow,ESTAT:DS-059358(1.0),A,EU27_2020,26112240,QNTUNIT,2015,PST
dataflow,ESTAT:DS-059358(1.0),A,EU27_2020,26112240,QNTUNIT,2016,PST
dataflow,ESTAT:DS-059358(1.0),A,EU27_2020,26112240,QNTUNIT,2017,PST
dataflow,ESTAT:DS-059358(1.0),A,EU27_2020,26112240,QNTUNIT,2018,PST
dataflow,ESTAT:DS-059358(1.0),A,EU27_2020,26112240,QNTUNIT,2019,PST
dataflow,ESTAT:DS-059358(1.0),A,EU27_2020,26112240,QNTUNIT,2020,PST
dataflow,ESTAT:DS-059358(1.0),A,EU27_2020,26112240,QNTUNIT,2021,p/st
dataflow,ESTAT:DS-059358(1.0),A,EU27_2020,26112240,QNTUNIT,2022,p/st
dataflow,ESTAT:DS-059358(1.0),A,EU27_2020,26112240,QNTUNIT,2023,p/st
dataflow,ESTAT:DS-059358(1.0),A,EU27_2020,26112240,QNTUNIT,2024,p/st
dataflow,ESTAT:DS-059358(1.0),A,EU27_2020,26112240,SCPRODQNT,2021,560000
dataflow,ESTAT:DS-059358(1.0),A,EU27_2020,26112240,SCPRODQNT,2022,500000
dataflow,ESTAT:DS-059358(1.0),A,EU27_2020,26112240,SCPRODQNT,2023,455911
dataflow,ESTAT:DS-059358(1.0),A,EU27_2020,26112240,SCPRODQNT,2024,279044
dataflow,ESTAT:DS-059358(1.0),A,EU27_2020,26112240,SCPRODVAL,2021,10000000
dataflow,ESTAT:DS-059358(1.0),A,EU27_2020,26112240,SCPRODVAL,2022,8565000
dataflow,ESTAT:DS-059358(1.0),A,EU27_2020,26112240,SCPRODVAL,2023,9627000
dataflow,ESTAT:DS-059358(1.0),A,EU27_2020,26112240,SCPRODVAL,2024,10648000
dataflow,ESTAT:DS-059358(1.0),A,EU27_2020,26112240,SCQNTBASE,2021,80000
dataflow,ESTAT:DS-059358(1.0),A,EU27_2020,26112240,SCQNTBASE,2022,50000
dataflow,ESTAT:DS-059358(1.0),A,EU27_2020,26112240,SCQNTFLAG,2021,:R
dataflow,ESTAT:DS-059358(1.0),A,EU27_2020,26112240,SCQNTFLAG,2022,:R
dataflow,ESTAT:DS-059358(1.0),A,EU27_2020,26112240,SCQNTFLAG,2023,:E
dataflow,ESTAT:DS-059358(1.0),A,EU27_2020,26112240,SCQNTFLAG,2024,:E
dataflow,ESTAT:DS-059358(1.0),A,EU27_2020,26112240,SCVALBASE,2021,5000000
dataflow,ESTAT:DS-059358(1.0),A,EU27_2020,26112240,SCVALFLAG,2021,:R
dataflow,ESTAT:DS-059358(1.0),A,EU27_2020,26112240,SCVALFLAG,2023,:E
dataflow,ESTAT:DS-059358(1.0),A,EU27_2020,26112240,SCVALFLAG,2024,:E
dataflow,ESTAT:DS-059358(1.0),A,EU27_2020,26113003,EXPVAL,2008,270356010
dataflow,ESTAT:DS-059358(1.0),A,EU27_2020,26113003,EXPVAL,2009,310441670
dataflow,ESTAT:DS-059358(1.0),A,EU27_2020,26113003,EXPVAL,2010,1344919800
dataflow,ESTAT:DS-059358(1.0),A,EU27_2020,26113003,EXPVAL,2011,1149007700
dataflow,ESTAT:DS-059358(1.0),A,EU27_2020,26113003,EXPVAL,2012,1141675810
dataflow,ESTAT:DS-059358(1.0),A,EU27_2020,26113003,EXPVAL,2013,917014560
dataflow,ESTAT:DS-059358(1.0),A,EU27_2020,26113003,EXPVAL,2014,327683560
dataflow,ESTAT:DS-059358(1.0),A,EU27_2020,26113003,EXPVAL,2015,313657570
dataflow,ESTAT:DS-059358(1.0),A,EU27_2020,26113003,EXPVAL,2016,2900155680
dataflow,ESTAT:DS-059358(1.0),A,EU27_2020,26113003,EXPVAL,2017,619479320
dataflow,ESTAT:DS-059358(1.0),A,EU27_2020,26113003,EXPVAL,2018,474808693
dataflow,ESTAT:DS-059358(1.0),A,EU27_2020,26113003,EXPVAL,2019,521796297
dataflow,ESTAT:DS-059358(1.0),A,EU27_2020,26113003,EXPVAL,2020,586127063
dataflow,ESTAT:DS-059358(1.0),A,EU27_2020,26113003,EXPVAL,2021,636938533
dataflow,ESTAT:DS-059358(1.0),A,EU27_2020,26113003,EXPVAL,2022,869625767
dataflow,ESTAT:DS-059358(1.0),A,EU27_2020,26113003,EXPVAL,2023,791748729
dataflow,ESTAT:DS-059358(1.0),A,EU27_2020,26113003,EXPVAL,2024,773309205
dataflow,ESTAT:DS-059358(1.0),A,EU27_2020,26113003,IMPVAL,2008,720277000
dataflow,ESTAT:DS-059358(1.0),A,EU27_2020,26113003,IMPVAL,2009,630050670
dataflow,ESTAT:DS-059358(1.0),A,EU27_2020,26113003,IMPVAL,2010,666327410
dataflow,ESTAT:DS-059358(1.0),A,EU27_2020,26113003,IMPVAL,2011,515843620
dataflow,ESTAT:DS-059358(1.0),A,EU27_2020,26113003,IMPVAL,2012,621624460
dataflow,ESTAT:DS-059358(1.0),A,EU27_2020,26113003,IMPVAL,2013,758754830
dataflow,ESTAT:DS-059358(1.0),A,EU27_2020,26113003,IMPVAL,2014,543101990
dataflow,ESTAT:DS-059358(1.0),A,EU27_2020,26113003,IMPVAL,2015,456708890
dataflow,ESTAT:DS-059358(1.0),A,EU27_2020,26113003,IMPVAL,2016,516490280
dataflow,ESTAT:DS-059358(1.0),A,EU27_2020,26113003,IMPVAL,2017,468351630
dataflow,ESTAT:DS-059358(1.0),A,EU27_2020,26113003,IMPVAL,2018,460257149
dataflow,ESTAT:DS-059358(1.0),A,EU27_2020,26113003,IMPVAL,2019,584863212
dataflow,ESTAT:DS-059358(1.0),A,EU27_2020,26113003,IMPVAL,2020,745158982
dataflow,ESTAT:DS-059358(1.0),A,EU27_2020,26113003,IMPVAL,2021,780749023
dataflow,ESTAT:DS-059358(1.0),A,EU27_2020,26113003,IMPVAL,2022,1231298679
dataflow,ESTAT:DS-059358(1.0),A,EU27_2020,26113003,IMPVAL,2023,1178658695
dataflow,ESTAT:DS-059358(1.0),A,EU27_2020,26113003,IMPVAL,2024,1027090952
dataflow,ESTAT:DS-059358(1.0),A,EU27_2020,26113003,OWNPRODQNT,2021,14000000000
dataflow,ESTAT:DS-059358(1.0),A,EU27_2020,26113003,OWNPRODQNT,2022,9000000000
dataflow,ESTAT:DS-059358(1.0),A,EU27_2020,26113003,OWNPRODQNT,2023,15000000000
dataflow,ESTAT:DS-059358(1.0),A,EU27_2020,26113003,OWNPRODQNT,2024,8000000000
dataflow,ESTAT:DS-059358(1.0),A,EU27_2020,26113003,OWNPRODVAL,2021,3000000000
dataflow,ESTAT:DS-059358(1.0),A,EU27_2020,26113003,OWNPRODVAL,2022,3181468486
dataflow,ESTAT:DS-059358(1.0),A,EU27_2020,26113003,OWNPRODVAL,2023,4000000000
dataflow,ESTAT:DS-059358(1.0),A,EU27_2020,26113003,OWNPRODVAL,2024,2000000000
dataflow,ESTAT:DS-059358(1.0),A,EU27_2020,26113003,OWNQNTBASE,2021,7000000000
dataflow,ESTAT:DS-059358(1.0),A,EU27_2020,26113003,OWNQNTBASE,2022,9000000000
dataflow,ESTAT:DS-059358(1.0),A,EU27_2020,26113003,OWNQNTBASE,2023,5000000000
dataflow,ESTAT:DS-059358(1.0),A,EU27_2020,26113003,OWNQNTBASE,2024,4000000000
dataflow,ESTAT:DS-059358(1.0),A,EU27_2020,26113003,OWNQNTFLAG,2021,:R
dataflow,ESTAT:DS-059358(1.0),A,EU27_2020,26113003,OWNQNTFLAG,2022,:R
dataflow,ESTAT:DS-059358(1.0),A,EU27_2020,26113003,OWNQNTFLAG,2023,:R
dataflow,ESTAT:DS-059358(1.0),A,EU27_2020,26113003,OWNQNTFLAG,2024,:R
dataflow,ESTAT:DS-059358(1.0),A,EU27_2020,26113003,OWNVALBASE,2021,1000000000
dataflow,ESTAT:DS-059358(1.0),A,EU27_2020,26113003,OWNVALBASE,2023,2000000000
dataflow,ESTAT:DS-059358(1.0),A,EU27_2020,26113003,OWNVALBASE,2024,2000000000
dataflow,ESTAT:DS-059358(1.0),A,EU27_2020,26113003,OWNVALFLAG,2021,:R
dataflow,ESTAT:DS-059358(1.0),A,EU27_2020,26113003,OWNVALFLAG,2022,:E
dataflow,ESTAT:DS-059358(1.0),A,EU27_2020,26113003,OWNVALFLAG,2023,:R
dataflow,ESTAT:DS-059358(1.0),A,EU27_2020,26113003,OWNVALFLAG,2024,:R
dataflow,ESTAT:DS-059358(1.0),A,EU27_2020,26113003,PQNTBASE,2008,60000000
dataflow,ESTAT:DS-059358(1.0),A,EU27_2020,26113003,PQNTBASE,2009,500000000
dataflow,ESTAT:DS-059358(1.0),A,EU27_2020,26113003,PQNTBASE,2010,400000000
dataflow,ESTAT:DS-059358(1.0),A,EU27_2020,26113003,PQNTBASE,2011,4000000000
dataflow,ESTAT:DS-059358(1.0),A,EU27_2020,26113003,PQNTBASE,2012,4000000000
dataflow,ESTAT:DS-059358(1.0),A,EU27_2020,26113003,PQNTBASE,2013,8000000000
dataflow,ESTAT:DS-059358(1.0),A,EU27_2020,26113003,PQNTBASE,2017,3000000000
dataflow,ESTAT:DS-059358(1.0),A,EU27_2020,26113003,PQNTBASE,2018,5000000000
dataflow,ESTAT:DS-059358(1.0),A,EU27_2020,26113003,PQNTBASE,2019,5000000000
dataflow,ESTAT:DS-059358(1.0),A,EU27_2020,26113003,PQNTBASE,2020,7000000000
dataflow,ESTAT:DS-059358(1.0),A,EU27_2020,26113003,PQNTBASE,2021,8000000000
dataflow,ESTAT:DS-059358(1.0),A,EU27_2020,26113003,PQNTBASE,2022,3000000000
dataflow,ESTAT:DS-059358(1.0),A,EU27_2020,26113003,PQNTBASE,2023,5000000000
dataflow,ESTAT:DS-059358(1.0),A,EU27_2020,26113003,PQNTBASE,2024,300000000
dataflow,ESTAT:DS-059358(1.0),A,EU27_2020,26113003,PQNTFLAG,2007,:E
dataflow,ESTAT:DS-059358(1.0),A,EU27_2020,26113003,PQNTFLAG,2008,:R
dataflow,ESTAT:DS-059358(1.0),A,EU27_2020,26113003,PQNTFLAG,2009,:R
dataflow,ESTAT:DS-059358(1.0),A,EU27_2020,26113003,PQNTFLAG,2010,:R
dataflow,ESTAT:DS-059358(1.0),A,EU27_2020,26113003,PQNTFLAG,2011,:R
dataflow,ESTAT:DS-059358(1.0),A,EU27_2020,26113003,PQNTFLAG,2012,:R
dataflow,ESTAT:DS-059358(1.0),A,EU27_2020,26113003,PQNTFLAG,2013,:R
dataflow,ESTAT:DS-059358(1.0),A,EU27_2020,26113003,PQNTFLAG,2015,:E
dataflow,ESTAT:DS-059358(1.0),A,EU27_2020,26113003,PQNTFLAG,2017,:R
dataflow,ESTAT:DS-059358(1.0),A,EU27_2020,26113003,PQNTFLAG,2018,:R
dataflow,ESTAT:DS-059358(1.0),A,EU27_2020,26113003,PQNTFLAG,2019,:R
dataflow,ESTAT:DS-059358(1.0),A,EU27_2020,26113003,PQNTFLAG,2020,:R
dataflow,ESTAT:DS-059358(1.0),A,EU27_2020,26113003,PQNTFLAG,2021,:R
dataflow,ESTAT:DS-059358(1.0),A,EU27_2020,26113003,PQNTFLAG,2022,:R
dataflow,ESTAT:DS-059358(1.0),A,EU27_2020,26113003,PQNTFLAG,2023,:R
dataflow,ESTAT:DS-059358(1.0),A,EU27_2020,26113003,PQNTFLAG,2024,:R
dataflow,ESTAT:DS-059358(1.0),A,EU27_2020,26113003,PRODQNT,2007,554746864
dataflow,ESTAT:DS-059358(1.0),A,EU27_2020,26113003,PRODQNT,2008,154433947
dataflow,ESTAT:DS-059358(1.0),A,EU27_2020,26113003,PRODQNT,2009,500000000
dataflow,ESTAT:DS-059358(1.0),A,EU27_2020,26113003,PRODQNT,2010,800000000
dataflow,ESTAT:DS-059358(1.0),A,EU27_2020,26113003,PRODQNT,2011,3996847208
dataflow,ESTAT:DS-059358(1.0),A,EU27_2020,26113003,PRODQNT,2012,3999366940
dataflow,ESTAT:DS-059358(1.0),A,EU27_2020,26113003,PRODQNT,2013,15999167379
dataflow,ESTAT:DS-059358(1.0),A,EU27_2020,26113003,PRODQNT,2014,13977588130
dataflow,ESTAT:DS-059358(1.0),A,EU27_2020,26113003,PRODQNT,2015,15801439545
dataflow,ESTAT:DS-059358(1.0),A,EU27_2020,26113003,PRODQNT,2016,16835584516
dataflow,ESTAT:DS-059358(1.0),A,EU27_2020,26113003,PRODQNT,2017,5999352057
dataflow,ESTAT:DS-059358(1.0),A,EU27_2020,26113003,PRODQNT,2018,9999278557
dataflow,ESTAT:DS-059358(1.0),A,EU27_2020,26113003,PRODQNT,2019,4999369469
dataflow,ESTAT:DS-059358(1.0),A,EU27_2020,26113003,PRODQNT,2020,7000000000
dataflow,ESTAT:DS-059358(1.0),A,EU27_2020,26113003,PRODQNT,2021,16000000000
dataflow,ESTAT:DS-059358(1.0),A,EU27_2020,26113003,PRODQNT,2022,15000000000
dataflow,ESTAT:DS-059358(1.0),A,EU27_2020,26113003,PRODQNT,2023,15000000000
dataflow,ESTAT:DS-059358(1.0),A,EU27_2020,26113003,PRODQNT,2024,9900000000
dataflow,ESTAT:DS-059358(1.0),A,EU27_2020,26113003,PRODVAL,2007,600000000
dataflow,ESTAT:DS-059358(1.0),A,EU27_2020,26113003,PRODVAL,2008,782580248
dataflow,ESTAT:DS-059358(1.0),A,EU27_2020,26113003,PRODVAL,2009,1344516782
dataflow,ESTAT:DS-059358(1.0),A,EU27_2020,26113003,PRODVAL,2010,1335608473
dataflow,ESTAT:DS-059358(1.0),A,EU27_2020,26113003,PRODVAL,2011,2088128192
dataflow,ESTAT:DS-059358(1.0),A,EU27_2020,26113003,PRODVAL,2012,2054379653
dataflow,ESTAT:DS-059358(1.0),A,EU27_2020,26113003,PRODVAL,2013,2595890243
dataflow,ESTAT:DS-059358(1.0),A,EU27_2020,26113003,PRODVAL,2014,2719721766
dataflow,ESTAT:DS-059358(1.0),A,EU27_2020,26113003,PRODVAL,2015,3170491754
dataflow,ESTAT:DS-059358(1.0),A,EU27_2020,26113003,PRODVAL,2016,2677510732
dataflow,ESTAT:DS-059358(1.0),A,EU27_2020,26113003,PRODVAL,2017,3048761408
dataflow,ESTAT:DS-059358(1.0),A,EU27_2020,26113003,PRODVAL,2018,3078369983
dataflow,ESTAT:DS-059358(1.0),A,EU27_2020,26113003,PRODVAL,2019,2674019044
dataflow,ESTAT:DS-059358(1.0),A,EU27_2020,26113003,PRODVAL,2020,2541114663
dataflow,ESTAT:DS-059358(1.0),A,EU27_2020,26113003,PRODVAL,2021,2792950537
dataflow,ESTAT:DS-059358(1.0),A,EU27_2020,26113003,PRODVAL,2022,3263367223
dataflow,ESTAT:DS-059358(1.0),A,EU27_2020,26113003,PRODVAL,2023,4000000000
dataflow,ESTAT:DS-059358(1.0),A,EU27_2020,26113003,PRODVAL,2024,2970000000
dataflow,ESTAT:DS-059358(1.0),A,EU27_2020,26113003,PVALBASE,2007,300000000
dataflow,ESTAT:DS-059358(1.0),A,EU27_2020,26113003,PVALBASE,2008,300000000
dataflow,ESTAT:DS-059358(1.0),A,EU27_2020,26113003,PVALBASE,2023,2000000000
dataflow,ESTAT:DS-059358(1.0),A,EU27_2020,26113003,PVALBASE,2024,90000000
dataflow,ESTAT:DS-059358(1.0),A,EU27_2020,26113003,PVALFLAG,2007,:R
dataflow,ESTAT:DS-059358(1.0),A,EU27_2020,26113003,PVALFLAG,2008,:R
dataflow,ESTAT:DS-059358(1.0),A,EU27_2020,26113003,PVALFLAG,2011,:E
dataflow,ESTAT:DS-059358(1.0),A,EU27_2020,26113003,PVALFLAG,2021,:E
dataflow,ESTAT:DS-059358(1.0),A,EU27_2020,26113003,PVALFLAG,2022,:E
dataflow,ESTAT:DS-059358(1.0),A,EU27_2020,26113003,PVALFLAG,2023,:R
dataflow,ESTAT:DS-059358(1.0),A,EU27_2020,26113003,PVALFLAG,2024,:R
dataflow,ESTAT:DS-059358(1.0),A,EU27_2020,26113003,QNTUNIT,2007,PST
dataflow,ESTAT:DS-059358(1.0),A,EU27_2020,26113003,QNTUNIT,2008,PST
dataflow,ESTAT:DS-059358(1.0),A,EU27_2020,26113003,QNTUNIT,2009,PST
dataflow,ESTAT:DS-059358(1.0),A,EU27_2020,26113003,QNTUNIT,2010,PST
dataflow,ESTAT:DS-059358(1.0),A,EU27_2020,26113003,QNTUNIT,2011,PST
dataflow,ESTAT:DS-059358(1.0),A,EU27_2020,26113003,QNTUNIT,2012,PST
dataflow,ESTAT:DS-059358(1.0),A,EU27_2020,26113003,QNTUNIT,2013,PST
dataflow,ESTAT:DS-059358(1.0),A,EU27_2020,26113003,QNTUNIT,2014,PST
dataflow,ESTAT:DS-059358(1.0),A,EU27_2020,26113003,QNTUNIT,2015,PST
dataflow,ESTAT:DS-059358(1.0),A,EU27_2020,26113003,QNTUNIT,2016,PST
dataflow,ESTAT:DS-059358(1.0),A,EU27_2020,26113003,QNTUNIT,2017,PST
dataflow,ESTAT:DS-059358(1.0),A,EU27_2020,26113003,QNTUNIT,2018,PST
dataflow,ESTAT:DS-059358(1.0),A,EU27_2020,26113003,QNTUNIT,2019,PST
dataflow,ESTAT:DS-059358(1.0),A,EU27_2020,26113003,QNTUNIT,2020,PST
dataflow,ESTAT:DS-059358(1.0),A,EU27_2020,26113003,QNTUNIT,2021,p/st
dataflow,ESTAT:DS-059358(1.0),A,EU27_2020,26113003,QNTUNIT,2022,p/st
dataflow,ESTAT:DS-059358(1.0),A,EU27_2020,26113003,QNTUNIT,2023,p/st
dataflow,ESTAT:DS-059358(1.0),A,EU27_2020,26113003,QNTUNIT,2024,p/st
dataflow,ESTAT:DS-059358(1.0),A,EU27_2020,26113003,SCPRODQNT,2021,250000000
dataflow,ESTAT:DS-059358(1.0),A,EU27_2020,26113003,SCPRODQNT,2022,70590489
dataflow,ESTAT:DS-059358(1.0),A,EU27_2020,26113003,SCPRODQNT,2023,8000000
dataflow,ESTAT:DS-059358(1.0),A,EU27_2020,26113003,SCPRODQNT,2024,8657889
dataflow,ESTAT:DS-059358(1.0),A,EU27_2020,26113003,SCPRODVAL,2021,210000000
dataflow,ESTAT:DS-059358(1.0),A,EU27_2020,26113003,SCPRODVAL,2022,81898737
dataflow,ESTAT:DS-059358(1.0),A,EU27_2020,26113003,SCPRODVAL,2023,5399217
dataflow,ESTAT:DS-059358(1.0),A,EU27_2020,26113003,SCPRODVAL,2024,10083276
dataflow,ESTAT:DS-059358(1.0),A,EU27_2020,26113003,SCQNTBASE,2021,50000000
dataflow,ESTAT:DS-059358(1.0),A,EU27_2020,26113003,SCQNTBASE,2023,4000000
dataflow,ESTAT:DS-059358(1.0),A,EU27_2020,26113003,SCQNTFLAG,2021,:R
dataflow,ESTAT:DS-059358(1.0),A,EU27_2020,26113003,SCQNTFLAG,2023,:R
dataflow,ESTAT:DS-059358(1.0),A,EU27_2020,26113003,SCVALBASE,2021,70000000
dataflow,ESTAT:DS-059358(1.0),A,EU27_2020,26113003,SCVALFLAG,2021,:R
dataflow,ESTAT:DS-059358(1.0),A,EU27_2020,26113003,SCVALFLAG,2023,:E
dataflow,ESTAT:DS-059358(1.0),A,EU27_2020,26113006,EXPVAL,2007,8035937530
dataflow,ESTAT:DS-059358(1.0),A,EU27_2020,26113006,EXPVAL,2008,6796682990
dataflow,ESTAT:DS-059358(1.0),A,EU27_2020,26113006,EXPVAL,2009,5214236050
dataflow,ESTAT:DS-059358(1.0),A,EU27_2020,26113006,EXPVAL,2010,5020369570
dataflow,ESTAT:DS-059358(1.0),A,EU27_2020,26113006,EXPVAL,2011,4414626360
dataflow,ESTAT:DS-059358(1.0),A,EU27_2020,26113006,EXPVAL,2012,5306466790
dataflow,ESTAT:DS-059358(1.0),A,EU27_2020,26113006,EXPVAL,2013,5361434540
dataflow,ESTAT:DS-059358(1.0),A,EU27_2020,26113006,EXPVAL,2014,6153807100
dataflow,ESTAT:DS-059358(1.0),A,EU27_2020,26113006,EXPVAL,2015,6837237340
dataflow,ESTAT:DS-059358(1.0),A,EU27_2020,26113006,EXPVAL,2016,8992566680
dataflow,ESTAT:DS-059358(1.0),A,EU27_2020,26113006,EXPVAL,2017,11997505180
dataflow,ESTAT:DS-059358(1.0),A,EU27_2020,26113006,EXPVAL,2018,11191022914
dataflow,ESTAT:DS-059358(1.0),A,EU27_2020,26113006,EXPVAL,2019,14360453108
dataflow,ESTAT:DS-059358(1.0),A,EU27_2020,26113006,EXPVAL,2020,14695867471
dataflow,ESTAT:DS-059358(1.0),A,EU27_2020,26113006,EXPVAL,2021,17056590737
dataflow,ESTAT:DS-059358(1.0),A,EU27_2020,26113006,EXPVAL,2022,20710085937
dataflow,ESTAT:DS-059358(1.0),A,EU27_2020,26113006,EXPVAL,2023,15696216300
dataflow,ESTAT:DS-059358(1.0),A,EU27_2020,26113006,EXPVAL,2024,15983212480
dataflow,ESTAT:DS-059358(1.0),A,EU27_2020,26113006,IMPVAL,2007,6681426680
dataflow,ESTAT:DS-059358(1.0),A,EU27_2020,26113006,IMPVAL,2008,5354255710
dataflow,ESTAT:DS-059358(1.0),A,EU27_2020,26113006,IMPVAL,2009,4634615660
dataflow,ESTAT:DS-059358(1.0),A,EU27_2020,26113006,IMPVAL,2010,5994766020
dataflow,ESTAT:DS-059358(1.0),A,EU27_2020,26113006,IMPVAL,2011,5633608570
dataflow,ESTAT:DS-059358(1.0),A,EU27_2020,26113006,IMPVAL,2012,5437403720
dataflow,ESTAT:DS-059358(1.0),A,EU27_2020,26113006,IMPVAL,2013,5409019020
dataflow,ESTAT:DS-059358(1.0),A,EU27_2020,26113006,IMPVAL,2014,5756292070
dataflow,ESTAT:DS-059358(1.0),A,EU27_2020,26113006,IMPVAL,2015,7201844520
dataflow,ESTAT:DS-059358(1.0),A,EU27_2020,26113006,IMPVAL,2016,8273179750
dataflow,ESTAT:DS-059358(1.0),A,EU27_2020,26113006,IMPVAL,2017,10269059290
dataflow,ESTAT:DS-059358(1.0),A,EU27_2020,26113006,IMPVAL,2018,10430121032
dataflow,ESTAT:DS-059358(1.0),A,EU27_2020,26113006,IMPVAL,2019,14185053719
dataflow,ESTAT:DS-059358(1.0),A,EU27_2020,26113006,IMPVAL,2020,15171103301
dataflow,ESTAT:DS-059358(1.0),A,EU27_2020,26113006,IMPVAL,2021,19644791938
dataflow,ESTAT:DS-059358(1.0),A,EU27_2020,26113006,IMPVAL,2022,26279768014
dataflow,ESTAT:DS-059358(1.0),A,EU27_2020,26113006,IMPVAL,2023,23942250135
dataflow,ESTAT:DS-059358(1.0),A,EU27_2020,26113006,IMPVAL,2024,20202930891
dataflow,ESTAT:DS-059358(1.0),A,EU27_2020,26113006,OWNPRODQNT,2021,5000000000
dataflow,ESTAT:DS-059358(1.0),A,EU27_2020,26113006,OWNPRODQNT,2022,4000000000
dataflow,ESTAT:DS-059358(1.0),A,EU27_2020,26113006,OWNPRODQNT,2023,3546128314
dataflow,ESTAT:DS-059358(1.0),A,EU27_2020,26113006,OWNPRODQNT,2024,3022352627
dataflow,ESTAT:DS-059358(1.0),A,EU27_2020,26113006,OWNPRODVAL,2021,8000000000
dataflow,ESTAT:DS-059358(1.0),A,EU27_2020,26113006,OWNPRODVAL,2022,9000000000
dataflow,ESTAT:DS-059358(1.0),A,EU27_2020,26113006,OWNPRODVAL,2023,5513191250
dataflow,ESTAT:DS-059358(1.0),A,EU27_2020,26113006,OWNPRODVAL,2024,8330248162
dataflow,ESTAT:DS-059358(1.0),A,EU27_2020,26113006,OWNQNTBASE,2021,500000000
dataflow,ESTAT:DS-059358(1.0),A,EU27_2020,26113006,OWNQNTBASE,2022,4000000000
dataflow,ESTAT:DS-059358(1.0),A,EU27_2020,26113006,OWNQNTFLAG,2021,:R
dataflow,ESTAT:DS-059358(1.0),A,EU27_2020,26113006,OWNQNTFLAG,2022,:R
dataflow,ESTAT:DS-059358(1.0),A,EU27_2020,26113006,OWNVALBASE,2021,4000000000
dataflow,ESTAT:DS-059358(1.0),A,EU27_2020,26113006,OWNVALBASE,2022,3000000000
dataflow,ESTAT:DS-059358(1.0),A,EU27_2020,26113006,OWNVALFLAG,2021,:R
dataflow,ESTAT:DS-059358(1.0),A,EU27_2020,26113006,OWNVALFLAG,2022,:R
dataflow,ESTAT:DS-059358(1.0),A,EU27_2020,26113006,PQNTBASE,2008,10000000
dataflow,ESTAT:DS-059358(1.0),A,EU27_2020,26113006,PQNTBASE,2009,6000000
dataflow,ESTAT:DS-059358(1.0),A,EU27_2020,26113006,PQNTBASE,2010,10000000
dataflow,ESTAT:DS-059358(1.0),A,EU27_2020,26113006,PQNTBASE,2011,90000000
dataflow,ESTAT:DS-059358(1.0),A,EU27_2020,26113006,PQNTBASE,2012,90000000
dataflow,ESTAT:DS-059358(1.0),A,EU27_2020,26113006,PQNTBASE,2013,300000000
dataflow,ESTAT:DS-059358(1.0),A,EU27_2020,26113006,PQNTBASE,2014,90000000
dataflow,ESTAT:DS-059358(1.0),A,EU27_2020,26113006,PQNTBASE,2016,90000000
dataflow,ESTAT:DS-059358(1.0),A,EU27_2020,26113006,PQNTBASE,2017,300000000
dataflow,ESTAT:DS-059358(1.0),A,EU27_2020,26113006,PQNTBASE,2018,400000000
dataflow,ESTAT:DS-059358(1.0),A,EU27_2020,26113006,PQNTBASE,2019,900000000
dataflow,ESTAT:DS-059358(1.0),A,EU27_2020,26113006,PQNTBASE,2020,600000000
dataflow,ESTAT:DS-059358(1.0),A,EU27_2020,26113006,PQNTBASE,2022,4000000000
dataflow,ESTAT:DS-059358(1.0),A,EU27_2020,26113006,PQNTBASE,2023,800000000
dataflow,ESTAT:DS-059358(1.0),A,EU27_2020,26113006,PQNTBASE,2024,700000000
dataflow,ESTAT:DS-059358(1.0),A,EU27_2020,26113006,PQNTFLAG,2007,:E
dataflow,ESTAT:DS-059358(1.0),A,EU27_2020,26113006,PQNTFLAG,2008,:R
dataflow,ESTAT:DS-059358(1.0),A,EU27_2020,26113006,PQNTFLAG,2009,:R
dataflow,ESTAT:DS-059358(1.0),A,EU27_2020,26113006,PQNTFLAG,2010,:R
dataflow,ESTAT:DS-059358(1.0),A,EU27_2020,26113006,PQNTFLAG,2011,:R
dataflow,ESTAT:DS-059358(1.0),A,EU27_2020,26113006,PQNTFLAG,2012,:R
dataflow,ESTAT:DS-059358(1.0),A,EU27_2020,26113006,PQNTFLAG,2013,:R
dataflow,ESTAT:DS-059358(1.0),A,EU27_2020,26113006,PQNTFLAG,2014,:R
dataflow,ESTAT:DS-059358(1.0),A,EU27_2020,26113006,PQNTFLAG,2015,:E
dataflow,ESTAT:DS-059358(1.0),A,EU27_2020,26113006,PQNTFLAG,2016,:R
dataflow,ESTAT:DS-059358(1.0),A,EU27_2020,26113006,PQNTFLAG,2017,:R
dataflow,ESTAT:DS-059358(1.0),A,EU27_2020,26113006,PQNTFLAG,2018,:R
dataflow,ESTAT:DS-059358(1.0),A,EU27_2020,26113006,PQNTFLAG,2019,:R
dataflow,ESTAT:DS-059358(1.0),A,EU27_2020,26113006,PQNTFLAG,2020,:R
dataflow,ESTAT:DS-059358(1.0),A,EU27_2020,26113006,PQNTFLAG,2021,:E
dataflow,ESTAT:DS-059358(1.0),A,EU27_2020,26113006,PQNTFLAG,2022,:R
dataflow,ESTAT:DS-059358(1.0),A,EU27_2020,26113006,PQNTFLAG,2023,:R
dataflow,ESTAT:DS-059358(1.0),A,EU27_2020,26113006,PQNTFLAG,2024,:R
dataflow,ESTAT:DS-059358(1.0),A,EU27_2020,26113006,PRODQNT,2007,4243502406
dataflow,ESTAT:DS-059358(1.0),A,EU27_2020,26113006,PRODQNT,2008,5838257059
dataflow,ESTAT:DS-059358(1.0),A,EU27_2020,26113006,PRODQNT,2009,3778603091
dataflow,ESTAT:DS-059358(1.0),A,EU27_2020,26113006,PRODQNT,2010,6567909639
dataflow,ESTAT:DS-059358(1.0),A,EU27_2020,26113006,PRODQNT,2011,7877524515
dataflow,ESTAT:DS-059358(1.0),A,EU27_2020,26113006,PRODQNT,2012,7414172829
dataflow,ESTAT:DS-059358(1.0),A,EU27_2020,26113006,PRODQNT,2013,6654819249
dataflow,ESTAT:DS-059358(1.0),A,EU27_2020,26113006,PRODQNT,2014,6341550653
dataflow,ESTAT:DS-059358(1.0),A,EU27_2020,26113006,PRODQNT,2015,3738039589
dataflow,ESTAT:DS-059358(1.0),A,EU27_2020,26113006,PRODQNT,2016,3748657233
dataflow,ESTAT:DS-059358(1.0),A,EU27_2020,26113006,PRODQNT,2017,3900000000
dataflow,ESTAT:DS-059358(1.0),A,EU27_2020,26113006,PRODQNT,2018,4000000000
dataflow,ESTAT:DS-059358(1.0),A,EU27_2020,26113006,PRODQNT,2019,3556593804
dataflow,ESTAT:DS-059358(1.0),A,EU27_2020,26113006,PRODQNT,2020,3600000000
dataflow,ESTAT:DS-059358(1.0),A,EU27_2020,26113006,PRODQNT,2021,5209850688
dataflow,ESTAT:DS-059358(1.0),A,EU27_2020,26113006,PRODQNT,2022,8000000000
dataflow,ESTAT:DS-059358(1.0),A,EU27_2020,26113006,PRODQNT,2023,3200000000
dataflow,ESTAT:DS-059358(1.0),A,EU27_2020,26113006,PRODQNT,2024,2800000000
dataflow,ESTAT:DS-059358(1.0),A,EU27_2020,26113006,PRODVAL,2007,6512107737
dataflow,ESTAT:DS-059358(1.0),A,EU27_2020,26113006,PRODVAL,2008,5777698348
dataflow,ESTAT:DS-059358(1.0),A,EU27_2020,26113006,PRODVAL,2009,5879439693
dataflow,ESTAT:DS-059358(1.0),A,EU27_2020,26113006,PRODVAL,2010,3863283363
dataflow,ESTAT:DS-059358(1.0),A,EU27_2020,26113006,PRODVAL,2011,3878238927
dataflow,ESTAT:DS-059358(1.0),A,EU27_2020,26113006,PRODVAL,2012,5892963114
dataflow,ESTAT:DS-059358(1.0),A,EU27_2020,26113006,PRODVAL,2013,5874360031
dataflow,ESTAT:DS-059358(1.0),A,EU27_2020,26113006,PRODVAL,2014,3816904119
dataflow,ESTAT:DS-059358(1.0),A,EU27_2020,26113006,PRODVAL,2015,5594151948
dataflow,ESTAT:DS-059358(1.0),A,EU27_2020,26113006,PRODVAL,2016,6994280785
dataflow,ESTAT:DS-059358(1.0),A,EU27_2020,26113006,PRODVAL,2017,5904343710
dataflow,ESTAT:DS-059358(1.0),A,EU27_2020,26113006,PRODVAL,2018,5887436561
dataflow,ESTAT:DS-059358(1.0),A,EU27_2020,26113006,PRODVAL,2019,7876529159
dataflow,ESTAT:DS-059358(1.0),A,EU27_2020,26113006,PRODVAL,2020,4000000000
dataflow,ESTAT:DS-059358(1.0),A,EU27_2020,26113006,PRODVAL,2021,4000000000
dataflow,ESTAT:DS-059358(1.0),A,EU27_2020,26113006,PRODVAL,2022,9558213219
dataflow,ESTAT:DS-059358(1.0),A,EU27_2020,26113006,PRODVAL,2023,5592348097
dataflow,ESTAT:DS-059358(1.0),A,EU27_2020,26113006,PRODVAL,2024,8419059965
dataflow,ESTAT:DS-059358(1.0),A,EU27_2020,26113006,PVALBASE,2009,3000000000
dataflow,ESTAT:DS-059358(1.0),A,EU27_2020,26113006,PVALBASE,2010,4000000000
dataflow,ESTAT:DS-059358(1.0),A,EU27_2020,26113006,PVALBASE,2011,2000000000
dataflow,ESTAT:DS-059358(1.0),A,EU27_2020,26113006,PVALBASE,2012,2000000000
dataflow,ESTAT:DS-059358(1.0),A,EU27_2020,26113006,PVALBASE,2013,2000000000
dataflow,ESTAT:DS-059358(1.0),A,EU27_2020,26113006,PVALBASE,2017,3000000000
dataflow,ESTAT:DS-059358(1.0),A,EU27_2020,26113006,PVALBASE,2018,2000000000
dataflow,ESTAT:DS-059358(1.0),A,EU27_2020,26113006,PVALBASE,2019,2000000000
dataflow,ESTAT:DS-059358(1.0),A,EU27_2020,26113006,PVALBASE,2020,4000000000
dataflow,ESTAT:DS-059358(1.0),A,EU27_2020,26113006,PVALBASE,2021,4000000000
dataflow,ESTAT:DS-059358(1.0),A,EU27_2020,26113006,PVALFLAG,2008,:E
dataflow,ESTAT:DS-059358(1.0),A,EU27_2020,26113006,PVALFLAG,2009,:R
dataflow,ESTAT:DS-059358(1.0),A,EU27_2020,26113006,PVALFLAG,2010,:R
dataflow,ESTAT:DS-059358(1.0),A,EU27_2020,26113006,PVALFLAG,2011,:R
dataflow,ESTAT:DS-059358(1.0),A,EU27_2020,26113006,PVALFLAG,2012,:R
dataflow,ESTAT:DS-059358(1.0),A,EU27_2020,26113006,PVALFLAG,2013,:R
dataflow,ESTAT:DS-059358(1.0),A,EU27_2020,26113006,PVALFLAG,2014,:E
dataflow,ESTAT:DS-059358(1.0),A,EU27_2020,26113006,PVALFLAG,2015,:E
dataflow,ESTAT:DS-059358(1.0),A,EU27_2020,26113006,PVALFLAG,2016,:E
dataflow,ESTAT:DS-059358(1.0),A,EU27_2020,26113006,PVALFLAG,2017,:R
dataflow,ESTAT:DS-059358(1.0),A,EU27_2020,26113006,PVALFLAG,2018,:R
dataflow,ESTAT:DS-059358(1.0),A,EU27_2020,26113006,PVALFLAG,2019,:R
dataflow,ESTAT:DS-059358(1.0),A,EU27_2020,26113006,PVALFLAG,2020,:R
dataflow,ESTAT:DS-059358(1.0),A,EU27_2020,26113006,PVALFLAG,2021,:R
dataflow,ESTAT:DS-059358(1.0),A,EU27_2020,26113006,PVALFLAG,2022,:E
dataflow,ESTAT:DS-059358(1.0),A,EU27_2020,26113006,PVALFLAG,2024,:E
dataflow,ESTAT:DS-059358(1.0),A,EU27_2020,26113006,QNTUNIT,2007,PST
dataflow,ESTAT:DS-059358(1.0),A,EU27_2020,26113006,QNTUNIT,2008,PST
dataflow,ESTAT:DS-059358(1.0),A,EU27_2020,26113006,QNTUNIT,2009,PST
dataflow,ESTAT:DS-059358(1.0),A,EU27_2020,26113006,QNTUNIT,2010,PST
dataflow,ESTAT:DS-059358(1.0),A,EU27_2020,26113006,QNTUNIT,2011,PST
dataflow,ESTAT:DS-059358(1.0),A,EU27_2020,26113006,QNTUNIT,2012,PST
dataflow,ESTAT:DS-059358(1.0),A,EU27_2020,26113006,QNTUNIT,2013,PST
dataflow,ESTAT:DS-059358(1.0),A,EU27_2020,26113006,QNTUNIT,2014,PST
dataflow,ESTAT:DS-059358(1.0),A,EU27_2020,26113006,QNTUNIT,2015,PST
dataflow,ESTAT:DS-059358(1.0),A,EU27_2020,26113006,QNTUNIT,2016,PST
dataflow,ESTAT:DS-059358(1.0),A,EU27_2020,26113006,QNTUNIT,2017,PST
dataflow,ESTAT:DS-059358(1.0),A,EU27_2020,26113006,QNTUNIT,2018,PST
dataflow,ESTAT:DS-059358(1.0),A,EU27_2020,26113006,QNTUNIT,2019,PST
dataflow,ESTAT:DS-059358(1.0),A,EU27_2020,26113006,QNTUNIT,2020,PST
dataflow,ESTAT:DS-059358(1.0),A,EU27_2020,26113006,QNTUNIT,2021,p/st
dataflow,ESTAT:DS-059358(1.0),A,EU27_2020,26113006,QNTUNIT,2022,p/st
dataflow,ESTAT:DS-059358(1.0),A,EU27_2020,26113006,QNTUNIT,2023,p/st
dataflow,ESTAT:DS-059358(1.0),A,EU27_2020,26113006,QNTUNIT,2024,p/st
dataflow,ESTAT:DS-059358(1.0),A,EU27_2020,26113006,SCPRODQNT,2021,600000000
dataflow,ESTAT:DS-059358(1.0),A,EU27_2020,26113006,SCPRODQNT,2022,70491021
dataflow,ESTAT:DS-059358(1.0),A,EU27_2020,26113006,SCPRODQNT,2023,80000000
dataflow,ESTAT:DS-059358(1.0),A,EU27_2020,26113006,SCPRODQNT,2024,100000000
dataflow,ESTAT:DS-059358(1.0),A,EU27_2020,26113006,SCPRODVAL,2021,180589833
dataflow,ESTAT:DS-059358(1.0),A,EU27_2020,26113006,SCPRODVAL,2022,1800000000
dataflow,ESTAT:DS-059358(1.0),A,EU27_2020,26113006,SCPRODVAL,2023,79156847
dataflow,ESTAT:DS-059358(1.0),A,EU27_2020,26113006,SCPRODVAL,2024,88812804
dataflow,ESTAT:DS-059358(1.0),A,EU27_2020,26113006,SCQNTBASE,2021,300000000
dataflow,ESTAT:DS-059358(1.0),A,EU27_2020,26113006,SCQNTBASE,2023,20000000
dataflow,ESTAT:DS-059358(1.0),A,EU27_2020,26113006,SCQNTBASE,2024,50000000
dataflow,ESTAT:DS-059358(1.0),A,EU27_2020,26113006,SCQNTFLAG,2021,:R
dataflow,ESTAT:DS-059358(1.0),A,EU27_2020,26113006,SCQNTFLAG,2022,:E
dataflow,ESTAT:DS-059358(1.0),A,EU27_2020,26113006,SCQNTFLAG,2023,:R
dataflow,ESTAT:DS-059358(1.0),A,EU27_2020,26113006,SCQNTFLAG,2024,:R
dataflow,ESTAT:DS-059358(1.0),A,EU27_2020,26113006,SCVALBASE,2022,600000000
dataflow,ESTAT:DS-059358(1.0),A,EU27_2020,26113006,SCVALFLAG,2022,:R
dataflow,ESTAT:DS-059358(1.0),A,EU27_2020,26113006,SCVALFLAG,2024,:E
dataflow,ESTAT:DS-059358(1.0),A,EU27_2020,26113023,EXPVAL,2007,62041260
dataflow,ESTAT:DS-059358(1.0),A,EU27_2020,26113023,EXPVAL,2008,53646000
dataflow,ESTAT:DS-059358(1.0),A,EU27_2020,26113023,EXPVAL,2009,28517010
dataflow,ESTAT:DS-059358(1.0),A,EU27_2020,26113023,EXPVAL,2010,25305780
dataflow,ESTAT:DS-059358(1.0),A,EU27_2020,26113023,EXPVAL,2011,16217440
dataflow,ESTAT:DS-059358(1.0),A,EU27_2020,26113023,EXPVAL,2012,23614420
dataflow,ESTAT:DS-059358(1.0),A,EU27_2020,26113023,EXPVAL,2013,26121080
dataflow,ESTAT:DS-059358(1.0),A,EU27_2020,26113023,EXPVAL,2014,28165760
dataflow,ESTAT:DS-059358(1.0),A,EU27_2020,26113023,EXPVAL,2015,33839890
dataflow,ESTAT:DS-059358(1.0),A,EU27_2020,26113023,EXPVAL,2016,28254180
dataflow,ESTAT:DS-059358(1.0),A,EU27_2020,26113023,EXPVAL,2017,23330170
dataflow,ESTAT:DS-059358(1.0),A,EU27_2020,26113023,EXPVAL,2018,24337689
dataflow,ESTAT:DS-059358(1.0),A,EU27_2020,26113023,EXPVAL,2019,24033015
dataflow,ESTAT:DS-059358(1.0),A,EU27_2020,26113023,EXPVAL,2020,25421690
dataflow,ESTAT:DS-059358(1.0),A,EU27_2020,26113023,EXPVAL,2021,84884729
dataflow,ESTAT:DS-059358(1.0),A,EU27_2020,26113023,EXPVAL,2022,61497530
dataflow,ESTAT:DS-059358(1.0),A,EU27_2020,26113023,EXPVAL,2023,53254034
dataflow,ESTAT:DS-059358(1.0),A,EU27_2020,26113023,EXPVAL,2024,45336741
dataflow,ESTAT:DS-059358(1.0),A,EU27_2020,26113023,IMPVAL,2007,295895180
dataflow,ESTAT:DS-059358(1.0),A,EU27_2020,26113023,IMPVAL,2008,156450110
dataflow,ESTAT:DS-059358(1.0),A,EU27_2020,26113023,IMPVAL,2009,79906040
dataflow,ESTAT:DS-059358(1.0),A,EU27_2020,26113023,IMPVAL,2010,102432860
dataflow,ESTAT:DS-059358(1.0),A,EU27_2020,26113023,IMPVAL,2011,77958280
dataflow,ESTAT:DS-059358(1.0),A,EU27_2020,26113023,IMPVAL,2012,71322560
dataflow,ESTAT:DS-059358(1.0),A,EU27_2020,26113023,IMPVAL,2013,139758710
dataflow,ESTAT:DS-059358(1.0),A,EU27_2020,26113023,IMPVAL,2014,166035100
dataflow,ESTAT:DS-059358(1.0),A,EU27_2020,26113023,IMPVAL,2015,174680160
dataflow,ESTAT:DS-059358(1.0),A,EU27_2020,26113023,IMPVAL,2016,149019950
dataflow,ESTAT:DS-059358(1.0),A,EU27_2020,26113023,IMPVAL,2017,112798760
dataflow,ESTAT:DS-059358(1.0),A,EU27_2020,26113023,IMPVAL,2018,114391274
dataflow,ESTAT:DS-059358(1.0),A,EU27_2020,26113023,IMPVAL,2019,120621693
dataflow,ESTAT:DS-059358(1.0),A,EU27_2020,26113023,IMPVAL,2020,119217686
dataflow,ESTAT:DS-059358(1.0),A,EU27_2020,26113023,IMPVAL,2021,144365478
dataflow,ESTAT:DS-059358(1.0),A,EU27_2020,26113023,IMPVAL,2022,178845357
dataflow,ESTAT:DS-059358(1.0),A,EU27_2020,26113023,IMPVAL,2023,105205006
dataflow,ESTAT:DS-059358(1.0),A,EU27_2020,26113023,IMPVAL,2024,100277654
dataflow,ESTAT:DS-059358(1.0),A,EU27_2020,26113023,OWNPRODQNT,2021,22000000
dataflow,ESTAT:DS-059358(1.0),A,EU27_2020,26113023,OWNPRODQNT,2022,22000000
dataflow,ESTAT:DS-059358(1.0),A,EU27_2020,26113023,OWNPRODQNT,2023,19965587
dataflow,ESTAT:DS-059358(1.0),A,EU27_2020,26113023,OWNPRODQNT,2024,19451627
dataflow,ESTAT:DS-059358(1.0),A,EU27_2020,26113023,OWNPRODVAL,2021,150000000
dataflow,ESTAT:DS-059358(1.0),A,EU27_2020,26113023,OWNPRODVAL,2022,188700550
dataflow,ESTAT:DS-059358(1.0),A,EU27_2020,26113023,OWNPRODVAL,2023,346296328
dataflow,ESTAT:DS-059358(1.0),A,EU27_2020,26113023,OWNPRODVAL,2024,237964228
dataflow,ESTAT:DS-059358(1.0),A,EU27_2020,26113023,OWNQNTBASE,2021,2000000
dataflow,ESTAT:DS-059358(1.0),A,EU27_2020,26113023,OWNQNTBASE,2022,2000000
dataflow,ESTAT:DS-059358(1.0),A,EU27_2020,26113023,OWNQNTFLAG,2021,:R
dataflow,ESTAT:DS-059358(1.0),A,EU27_2020,26113023,OWNQNTFLAG,2022,:R
dataflow,ESTAT:DS-059358(1.0),A,EU27_2020,26113023,OWNVALBASE,2021,30000000
dataflow,ESTAT:DS-059358(1.0),A,EU27_2020,26113023,OWNVALFLAG,2021,:R
dataflow,ESTAT:DS-059358(1.0),A,EU27_2020,26113023,PQNTBASE,2008,400
dataflow,ESTAT:DS-059358(1.0),A,EU27_2020,26113023,PQNTBASE,2011,30000
dataflow,ESTAT:DS-059358(1.0),A,EU27_2020,26113023,PQNTBASE,2012,800000
dataflow,ESTAT:DS-059358(1.0),A,EU27_2020,26113023,PQNTBASE,2013,100000
dataflow,ESTAT:DS-059358(1.0),A,EU27_2020,26113023,PQNTBASE,2014,30000
dataflow,ESTAT:DS-059358(1.0),A,EU27_2020,26113023,PQNTBASE,2015,4000
dataflow,ESTAT:DS-059358(1.0),A,EU27_2020,26113023,PQNTBASE,2021,900000
dataflow,ESTAT:DS-059358(1.0),A,EU27_2020,26113023,PQNTBASE,2022,2000000
dataflow,ESTAT:DS-059358(1.0),A,EU27_2020,26113023,PQNTBASE,2023,3000000
dataflow,ESTAT:DS-059358(1.0),A,EU27_2020,26113023,PQNTBASE,2024,3000000
dataflow,ESTAT:DS-059358(1.0),A,EU27_2020,26113023,PQNTFLAG,2007,:E
dataflow,ESTAT:DS-059358(1.0),A,EU27_2020,26113023,PQNTFLAG,2008,:R
dataflow,ESTAT:DS-059358(1.0),A,EU27_2020,26113023,PQNTFLAG,2009,:E
dataflow,ESTAT:DS-059358(1.0),A,EU27_2020,26113023,PQNTFLAG,2011,:R
dataflow,ESTAT:DS-059358(1.0),A,EU27_2020,26113023,PQNTFLAG,2012,:R
dataflow,ESTAT:DS-059358(1.0),A,EU27_2020,26113023,PQNTFLAG,2013,:R
dataflow,ESTAT:DS-059358(1.0),A,EU27_2020,26113023,PQNTFLAG,2014,:R
dataflow,ESTAT:DS-059358(1.0),A,EU27_2020,26113023,PQNTFLAG,2015,:R
dataflow,ESTAT:DS-059358(1.0),A,EU27_2020,26113023,PQNTFLAG,2016,:E
dataflow,ESTAT:DS-059358(1.0),A,EU27_2020,26113023,PQNTFLAG,2021,:R
dataflow,ESTAT:DS-059358(1.0),A,EU27_2020,26113023,PQNTFLAG,2022,:R
dataflow,ESTAT:DS-059358(1.0),A,EU27_2020,26113023,PQNTFLAG,2023,:R
dataflow,ESTAT:DS-059358(1.0),A,EU27_2020,26113023,PQNTFLAG,2024,:R
dataflow,ESTAT:DS-059358(1.0),A,EU27_2020,26113023,PRODQNT,2007,56474634
dataflow,ESTAT:DS-059358(1.0),A,EU27_2020,26113023,PRODQNT,2008,15841108
dataflow,ESTAT:DS-059358(1.0),A,EU27_2020,26113023,PRODQNT,2009,7941571
dataflow,ESTAT:DS-059358(1.0),A,EU27_2020,26113023,PRODQNT,2010,8125546
dataflow,ESTAT:DS-059358(1.0),A,EU27_2020,26113023,PRODQNT,2011,9951396
dataflow,ESTAT:DS-059358(1.0),A,EU27_2020,26113023,PRODQNT,2012,6802605
dataflow,ESTAT:DS-059358(1.0),A,EU27_2020,26113023,PRODQNT,2013,8070031
dataflow,ESTAT:DS-059358(1.0),A,EU27_2020,26113023,PRODQNT,2014,9538935
dataflow,ESTAT:DS-059358(1.0),A,EU27_2020,26113023,PRODQNT,2015,9637599
dataflow,ESTAT:DS-059358(1.0),A,EU27_2020,26113023,PRODQNT,2016,11749552
dataflow,ESTAT:DS-059358(1.0),A,EU27_2020,26113023,PRODQNT,2017,14094370
dataflow,ESTAT:DS-059358(1.0),A,EU27_2020,26113023,PRODQNT,2018,14676644
dataflow,ESTAT:DS-059358(1.0),A,EU27_2020,26113023,PRODQNT,2019,18479073
dataflow,ESTAT:DS-059358(1.0),A,EU27_2020,26113023,PRODQNT,2020,16610664
dataflow,ESTAT:DS-059358(1.0),A,EU27_2020,26113023,PRODQNT,2021,21600000
dataflow,ESTAT:DS-059358(1.0),A,EU27_2020,26113023,PRODQNT,2022,24000000
dataflow,ESTAT:DS-059358(1.0),A,EU27_2020,26113023,PRODQNT,2023,21000000
dataflow,ESTAT:DS-059358(1.0),A,EU27_2020,26113023,PRODQNT,2024,18000000
dataflow,ESTAT:DS-059358(1.0),A,EU27_2020,26113023,PRODVAL,2007,286817204
dataflow,ESTAT:DS-059358(1.0),A,EU27_2020,26113023,PRODVAL,2008,88118210
dataflow,ESTAT:DS-059358(1.0),A,EU27_2020,26113023,PRODVAL,2009,43318008
dataflow,ESTAT:DS-059358(1.0),A,EU27_2020,26113023,PRODVAL,2010,66942996
dataflow,ESTAT:DS-059358(1.0),A,EU27_2020,26113023,PRODVAL,2011,86382977
dataflow,ESTAT:DS-059358(1.0),A,EU27_2020,26113023,PRODVAL,2012,71022043
dataflow,ESTAT:DS-059358(1.0),A,EU27_2020,26113023,PRODVAL,2013,83656428
dataflow,ESTAT:DS-059358(1.0),A,EU27_2020,26113023,PRODVAL,2014,101725958
dataflow,ESTAT:DS-059358(1.0),A,EU27_2020,26113023,PRODVAL,2015,107343647
dataflow,ESTAT:DS-059358(1.0),A,EU27_2020,26113023,PRODVAL,2016,138462939
dataflow,ESTAT:DS-059358(1.0),A,EU27_2020,26113023,PRODVAL,2017,168940537
dataflow,ESTAT:DS-059358(1.0),A,EU27_2020,26113023,PRODVAL,2018,152861149
dataflow,ESTAT:DS-059358(1.0),A,EU27_2020,26113023,PRODVAL,2019,162454091
dataflow,ESTAT:DS-059358(1.0),A,EU27_2020,26113023,PRODVAL,2020,171826513
dataflow,ESTAT:DS-059358(1.0),A,EU27_2020,26113023,PRODVAL,2021,120000000
dataflow,ESTAT:DS-059358(1.0),A,EU27_2020,26113023,PRODVAL,2022,210000000
dataflow,ESTAT:DS-059358(1.0),A,EU27_2020,26113023,PRODVAL,2023,320000000
dataflow,ESTAT:DS-059358(1.0),A,EU27_2020,26113023,PRODVAL,2024,280000000
dataflow,ESTAT:DS-059358(1.0),A,EU27_2020,26113023,PVALBASE,2008,900000
dataflow,ESTAT:DS-059358(1.0),A,EU27_2020,26113023,PVALBASE,2012,2000000
dataflow,ESTAT:DS-059358(1.0),A,EU27_2020,26113023,PVALBASE,2013,3000000
dataflow,ESTAT:DS-059358(1.0),A,EU27_2020,26113023,PVALBASE,2015,9000
dataflow,ESTAT:DS-059358(1.0),A,EU27_2020,26113023,PVALBASE,2021,30000000
dataflow,ESTAT:DS-059358(1.0),A,EU27_2020,26113023,PVALBASE,2022,70000000
dataflow,ESTAT:DS-059358(1.0),A,EU27_2020,26113023,PVALBASE,2023,80000000
dataflow,ESTAT:DS-059358(1.0),A,EU27_2020,26113023,PVALBASE,2024,70000000
dataflow,ESTAT:DS-059358(1.0),A,EU27_2020,26113023,PVALFLAG,2008,:R
dataflow,ESTAT:DS-059358(1.0),A,EU27_2020,26113023,PVALFLAG,2012,:R
dataflow,ESTAT:DS-059358(1.0),A,EU27_2020,26113023,PVALFLAG,2013,:R
dataflow,ESTAT:DS-059358(1.0),A,EU27_2020,26113023,PVALFLAG,2015,:R
dataflow,ESTAT:DS-059358(1.0),A,EU27_2020,26113023,PVALFLAG,2021,:R
dataflow,ESTAT:DS-059358(1.0),A,EU27_2020,26113023,PVALFLAG,2022,:R
dataflow,ESTAT:DS-059358(1.0),A,EU27_2020,26113023,PVALFLAG,2023,:R
dataflow,ESTAT:DS-059358(1.0),A,EU27_2020,26113023,PVALFLAG,2024,:R
dataflow,ESTAT:DS-059358(1.0),A,EU27_2020,26113023,QNTUNIT,2007,PST
dataflow,ESTAT:DS-059358(1.0),A,EU27_2020,26113023,QNTUNIT,2008,PST
dataflow,ESTAT:DS-059358(1.0),A,EU27_2020,26113023,QNTUNIT,2009,PST
dataflow,ESTAT:DS-059358(1.0),A,EU27_2020,26113023,QNTUNIT,2010,PST
dataflow,ESTAT:DS-059358(1.0),A,EU27_2020,26113023,QNTUNIT,2011,PST
dataflow,ESTAT:DS-059358(1.0),A,EU27_2020,26113023,QNTUNIT,2012,PST
dataflow,ESTAT:DS-059358(1.0),A,EU27_2020,26113023,QNTUNIT,2013,PST
dataflow,ESTAT:DS-059358(1.0),A,EU27_2020,26113023,QNTUNIT,2014,PST
dataflow,ESTAT:DS-059358(1.0),A,EU27_2020,26113023,QNTUNIT,2015,PST
dataflow,ESTAT:DS-059358(1.0),A,EU27_2020,26113023,QNTUNIT,2016,PST
dataflow,ESTAT:DS-059358(1.0),A,EU27_2020,26113023,QNTUNIT,2017,PST
dataflow,ESTAT:DS-059358(1.0),A,EU27_2020,26113023,QNTUNIT,2018,PST
dataflow,ESTAT:DS-059358(1.0),A,EU27_2020,26113023,QNTUNIT,2019,PST
dataflow,ESTAT:DS-059358(1.0),A,EU27_2020,26113023,QNTUNIT,2020,PST
dataflow,ESTAT:DS-059358(1.0),A,EU27_2020,26113023,QNTUNIT,2021,p/st
dataflow,ESTAT:DS-059358(1.0),A,EU27_2020,26113023,QNTUNIT,2022,p/st
dataflow,ESTAT:DS-059358(1.0),A,EU27_2020,26113023,QNTUNIT,2023,p/st
dataflow,ESTAT:DS-059358(1.0),A,EU27_2020,26113023,QNTUNIT,2024,p/st
dataflow,ESTAT:DS-059358(1.0),A,EU27_2020,26113023,SCPRODQNT,2021,100
dataflow,ESTAT:DS-059358(1.0),A,EU27_2020,26113023,SCPRODQNT,2022,1200
dataflow,ESTAT:DS-059358(1.0),A,EU27_2020,26113023,SCPRODQNT,2024,5
dataflow,ESTAT:DS-059358(1.0),A,EU27_2020,26113023,SCPRODVAL,2021,150
dataflow,ESTAT:DS-059358(1.0),A,EU27_2020,26113023,SCPRODVAL,2022,2100
dataflow,ESTAT:DS-059358(1.0),A,EU27_2020,26113023,SCPRODVAL,2024,45
dataflow,ESTAT:DS-059358(1.0),A,EU27_2020,26113023,SCQNTBASE,2021,20
dataflow,ESTAT:DS-059358(1.0),A,EU27_2020,26113023,SCQNTBASE,2022,600
dataflow,ESTAT:DS-059358(1.0),A,EU27_2020,26113023,SCQNTBASE,2024,5
dataflow,ESTAT:DS-059358(1.0),A,EU27_2020,26113023,SCQNTFLAG,2021,:R
dataflow,ESTAT:DS-059358(1.0),A,EU27_2020,26113023,SCQNTFLAG,2022,:R
dataflow,ESTAT:DS-059358(1.0),A,EU27_2020,26113023,SCQNTFLAG,2023,:U
dataflow,ESTAT:DS-059358(1.0),A,EU27_2020,26113023,SCQNTFLAG,2024,:R
dataflow,ESTAT:DS-059358(1.0),A,EU27_2020,26113023,SCVALBASE,2021,50
dataflow,ESTAT:DS-059358(1.0),A,EU27_2020,26113023,SCVALBASE,2022,300
dataflow,ESTAT:DS-059358(1.0),A,EU27_2020,26113023,SCVALBASE,2024,9
dataflow,ESTAT:DS-059358(1.0),A,EU27_2020,26113023,SCVALFLAG,2021,:R
dataflow,ESTAT:DS-059358(1.0),A,EU27_2020,26113023,SCVALFLAG,2022,:R
dataflow,ESTAT:DS-059358(1.0),A,EU27_2020,26113023,SCVALFLAG,2023,:U
dataflow,ESTAT:DS-059358(1.0),A,EU27_2020,26113023,SCVALFLAG,2024,:R
dataflow,ESTAT:DS-059358(1.0),A,EU27_2020,26113027,EXPQNT,2003,287327364
dataflow,ESTAT:DS-059358(1.0),A,EU27_2020,26113027,EXPQNT,2004,311725807
dataflow,ESTAT:DS-059358(1.0),A,EU27_2020,26113027,EXPQNT,2006,539104715
dataflow,ESTAT:DS-059358(1.0),A,EU27_2020,26113027,EXPQNT,2007,879354543
dataflow,ESTAT:DS-059358(1.0),A,EU27_2020,26113027,EXPQNT,2008,243834914
dataflow,ESTAT:DS-059358(1.0),A,EU27_2020,26113027,EXPQNT,2009,156996598
dataflow,ESTAT:DS-059358(1.0),A,EU27_2020,26113027,EXPQNT,2010,62588321
dataflow,ESTAT:DS-059358(1.0),A,EU27_2020,26113027,EXPQNT,2011,48149354
dataflow,ESTAT:DS-059358(1.0),A,EU27_2020,26113027,EXPQNT,2012,42429417
dataflow,ESTAT:DS-059358(1.0),A,EU27_2020,26113027,EXPQNT,2013,42973626
dataflow,ESTAT:DS-059358(1.0),A,EU27_2020,26113027,EXPQNT,2014,64168244
dataflow,ESTAT:DS-059358(1.0),A,EU27_2020,26113027,EXPQNT,2015,54848236
dataflow,ESTAT:DS-059358(1.0),A,EU27_2020,26113027,EXPQNT,2016,63626697
dataflow,ESTAT:DS-059358(1.0),A,EU27_2020,26113027,EXPQNT,2017,57309232
dataflow,ESTAT:DS-059358(1.0),A,EU27_2020,26113027,EXPQNT,2018,77587481
dataflow,ESTAT:DS-059358(1.0),A,EU27_2020,26113027,EXPQNT,2019,80187196
dataflow,ESTAT:DS-059358(1.0),A,EU27_2020,26113027,EXPQNT,2020,48493698
dataflow,ESTAT:DS-059358(1.0),A,EU27_2020,26113027,EXPQNT,2021,59770375
dataflow,ESTAT:DS-059358(1.0),A,EU27_2020,26113027,EXPQNT,2022,68570972
dataflow,ESTAT:DS-059358(1.0),A,EU27_2020,26113027,EXPQNT,2023,63754750
dataflow,ESTAT:DS-059358(1.0),A,EU27_2020,26113027,EXPQNT,2024,62574464
dataflow,ESTAT:DS-059358(1.0),A,EU27_2020,26113027,EXPVAL,2003,1143063090
dataflow,ESTAT:DS-059358(1.0),A,EU27_2020,26113027,EXPVAL,2004,1054278850
dataflow,ESTAT:DS-059358(1.0),A,EU27_2020,26113027,EXPVAL,2006,1645624150
dataflow,ESTAT:DS-059358(1.0),A,EU27_2020,26113027,EXPVAL,2007,1898175650
dataflow,ESTAT:DS-059358(1.0),A,EU27_2020,26113027,EXPVAL,2008,1508864040
dataflow,ESTAT:DS-059358(1.0),A,EU27_2020,26113027,EXPVAL,2009,183417630
dataflow,ESTAT:DS-059358(1.0),A,EU27_2020,26113027,EXPVAL,2010,127889020
dataflow,ESTAT:DS-059358(1.0),A,EU27_2020,26113027,EXPVAL,2011,103856920
dataflow,ESTAT:DS-059358(1.0),A,EU27_2020,26113027,EXPVAL,2012,121990350
dataflow,ESTAT:DS-059358(1.0),A,EU27_2020,26113027,EXPVAL,2013,115405310
dataflow,ESTAT:DS-059358(1.0),A,EU27_2020,26113027,EXPVAL,2014,140612180
dataflow,ESTAT:DS-059358(1.0),A,EU27_2020,26113027,EXPVAL,2015,149859600
dataflow,ESTAT:DS-059358(1.0),A,EU27_2020,26113027,EXPVAL,2016,145219880
dataflow,ESTAT:DS-059358(1.0),A,EU27_2020,26113027,EXPVAL,2017,199327820
dataflow,ESTAT:DS-059358(1.0),A,EU27_2020,26113027,EXPVAL,2018,219342183
dataflow,ESTAT:DS-059358(1.0),A,EU27_2020,26113027,EXPVAL,2019,265007359
dataflow,ESTAT:DS-059358(1.0),A,EU27_2020,26113027,EXPVAL,2020,266338803
dataflow,ESTAT:DS-059358(1.0),A,EU27_2020,26113027,EXPVAL,2021,348455592
dataflow,ESTAT:DS-059358(1.0),A,EU27_2020,26113027,EXPVAL,2022,370426815
dataflow,ESTAT:DS-059358(1.0),A,EU27_2020,26113027,EXPVAL,2023,296900594
dataflow,ESTAT:DS-059358(1.0),A,EU27_2020,26113027,EXPVAL,2024,288284733
dataflow,ESTAT:DS-059358(1.0),A,EU27_2020,26113027,IMPQNT,2003,258377458
dataflow,ESTAT:DS-059358(1.0),A,EU27_2020,26113027,IMPQNT,2004,346382729
dataflow,ESTAT:DS-059358(1.0),A,EU27_2020,26113027,IMPQNT,2006,553536888
dataflow,ESTAT:DS-059358(1.0),A,EU27_2020,26113027,IMPQNT,2007,518578140
dataflow,ESTAT:DS-059358(1.0),A,EU27_2020,26113027,IMPQNT,2008,276014424
dataflow,ESTAT:DS-059358(1.0),A,EU27_2020,26113027,IMPQNT,2009,295452873
dataflow,ESTAT:DS-059358(1.0),A,EU27_2020,26113027,IMPQNT,2010,309441179
dataflow,ESTAT:DS-059358(1.0),A,EU27_2020,26113027,IMPQNT,2011,329145900
dataflow,ESTAT:DS-059358(1.0),A,EU27_2020,26113027,IMPQNT,2012,382924763
dataflow,ESTAT:DS-059358(1.0),A,EU27_2020,26113027,IMPQNT,2013,380562265
dataflow,ESTAT:DS-059358(1.0),A,EU27_2020,26113027,IMPQNT,2014,386261455
dataflow,ESTAT:DS-059358(1.0),A,EU27_2020,26113027,IMPQNT,2015,309523729
dataflow,ESTAT:DS-059358(1.0),A,EU27_2020,26113027,IMPQNT,2016,305934392
dataflow,ESTAT:DS-059358(1.0),A,EU27_2020,26113027,IMPQNT,2017,301955005
dataflow,ESTAT:DS-059358(1.0),A,EU27_2020,26113027,IMPQNT,2018,279978241
dataflow,ESTAT:DS-059358(1.0),A,EU27_2020,26113027,IMPQNT,2019,272332312
dataflow,ESTAT:DS-059358(1.0),A,EU27_2020,26113027,IMPQNT,2020,285374356
dataflow,ESTAT:DS-059358(1.0),A,EU27_2020,26113027,IMPQNT,2021,250295594
dataflow,ESTAT:DS-059358(1.0),A,EU27_2020,26113027,IMPQNT,2022,244610424
dataflow,ESTAT:DS-059358(1.0),A,EU27_2020,26113027,IMPQNT,2023,191780943
dataflow,ESTAT:DS-059358(1.0),A,EU27_2020,26113027,IMPQNT,2024,343293816
dataflow,ESTAT:DS-059358(1.0),A,EU27_2020,26113027,IMPVAL,2003,1085276280
dataflow,ESTAT:DS-059358(1.0),A,EU27_2020,26113027,IMPVAL,2004,962825530
dataflow,ESTAT:DS-059358(1.0),A,EU27_2020,26113027,IMPVAL,2006,1072626480
dataflow,ESTAT:DS-059358(1.0),A,EU27_2020,26113027,IMPVAL,2007,1726270160
dataflow,ESTAT:DS-059358(1.0),A,EU27_2020,26113027,IMPVAL,2008,1285693530
dataflow,ESTAT:DS-059358(1.0),A,EU27_2020,26113027,IMPVAL,2009,554531910
dataflow,ESTAT:DS-059358(1.0),A,EU27_2020,26113027,IMPVAL,2010,830006560
dataflow,ESTAT:DS-059358(1.0),A,EU27_2020,26113027,IMPVAL,2011,872506240
dataflow,ESTAT:DS-059358(1.0),A,EU27_2020,26113027,IMPVAL,2012,853021010
dataflow,ESTAT:DS-059358(1.0),A,EU27_2020,26113027,IMPVAL,2013,903576430
dataflow,ESTAT:DS-059358(1.0),A,EU27_2020,26113027,IMPVAL,2014,917284420
dataflow,ESTAT:DS-059358(1.0),A,EU27_2020,26113027,IMPVAL,2015,1076224380
dataflow,ESTAT:DS-059358(1.0),A,EU27_2020,26113027,IMPVAL,2016,940613030
dataflow,ESTAT:DS-059358(1.0),A,EU27_2020,26113027,IMPVAL,2017,1258937410
dataflow,ESTAT:DS-059358(1.0),A,EU27_2020,26113027,IMPVAL,2018,1455966812
dataflow,ESTAT:DS-059358(1.0),A,EU27_2020,26113027,IMPVAL,2019,1110682143
dataflow,ESTAT:DS-059358(1.0),A,EU27_2020,26113027,IMPVAL,2020,1095723483
dataflow,ESTAT:DS-059358(1.0),A,EU27_2020,26113027,IMPVAL,2021,928249076
dataflow,ESTAT:DS-059358(1.0),A,EU27_2020,26113027,IMPVAL,2022,1099758070
dataflow,ESTAT:DS-059358(1.0),A,EU27_2020,26113027,IMPVAL,2023,895664797
dataflow,ESTAT:DS-059358(1.0),A,EU27_2020,26113027,IMPVAL,2024,1023131484
dataflow,ESTAT:DS-059358(1.0),A,EU27_2020,26113027,OWNPRODQNT,2021,14000000
dataflow,ESTAT:DS-059358(1.0),A,EU27_2020,26113027,OWNPRODQNT,2022,12000000
dataflow,ESTAT:DS-059358(1.0),A,EU27_2020,26113027,OWNPRODQNT,2023,21000000
dataflow,ESTAT:DS-059358(1.0),A,EU27_2020,26113027,OWNPRODQNT,2024,20000000
dataflow,ESTAT:DS-059358(1.0),A,EU27_2020,26113027,OWNPRODVAL,2021,9336063
dataflow,ESTAT:DS-059358(1.0),A,EU27_2020,26113027,OWNPRODVAL,2022,35926144
dataflow,ESTAT:DS-059358(1.0),A,EU27_2020,26113027,OWNPRODVAL,2023,93260423
dataflow,ESTAT:DS-059358(1.0),A,EU27_2020,26113027,OWNPRODVAL,2024,15000000
dataflow,ESTAT:DS-059358(1.0),A,EU27_2020,26113027,OWNQNTBASE,2021,7000000
dataflow,ESTAT:DS-059358(1.0),A,EU27_2020,26113027,OWNQNTBASE,2022,3000000
dataflow,ESTAT:DS-059358(1.0),A,EU27_2020,26113027,OWNQNTBASE,2023,7000000
dataflow,ESTAT:DS-059358(1.0),A,EU27_2020,26113027,OWNQNTBASE,2024,20000000
dataflow,ESTAT:DS-059358(1.0),A,EU27_2020,26113027,OWNQNTFLAG,2021,:R
dataflow,ESTAT:DS-059358(1.0),A,EU27_2020,26113027,OWNQNTFLAG,2022,:R
dataflow,ESTAT:DS-059358(1.0),A,EU27_2020,26113027,OWNQNTFLAG,2023,:R
dataflow,ESTAT:DS-059358(1.0),A,EU27_2020,26113027,OWNQNTFLAG,2024,:R
dataflow,ESTAT:DS-059358(1.0),A,EU27_2020,26113027,OWNVALBASE,2024,5000000
dataflow,ESTAT:DS-059358(1.0),A,EU27_2020,26113027,OWNVALFLAG,2024,:R
dataflow,ESTAT:DS-059358(1.0),A,EU27_2020,26113027,PQNTBASE,2003,4000000
dataflow,ESTAT:DS-059358(1.0),A,EU27_2020,26113027,PQNTBASE,2004,30
dataflow,ESTAT:DS-059358(1.0),A,EU27_2020,26113027,PQNTBASE,2005,20000000
dataflow,ESTAT:DS-059358(1.0),A,EU27_2020,26113027,PQNTBASE,2006,30000
dataflow,ESTAT:DS-059358(1.0),A,EU27_2020,26113027,PQNTBASE,2007,30000000
dataflow,ESTAT:DS-059358(1.0),A,EU27_2020,26113027,PQNTBASE,2013,3000000
dataflow,ESTAT:DS-059358(1.0),A,EU27_2020,26113027,PQNTBASE,2014,2000000
dataflow,ESTAT:DS-059358(1.0),A,EU27_2020,26113027,PQNTBASE,2015,4000000
dataflow,ESTAT:DS-059358(1.0),A,EU27_2020,26113027,PQNTBASE,2019,2000000
dataflow,ESTAT:DS-059358(1.0),A,EU27_2020,26113027,PQNTBASE,2020,6000000
dataflow,ESTAT:DS-059358(1.0),A,EU27_2020,26113027,PQNTBASE,2021,3000000
dataflow,ESTAT:DS-059358(1.0),A,EU27_2020,26113027,PQNTBASE,2022,8000000
dataflow,ESTAT:DS-059358(1.0),A,EU27_2020,26113027,PQNTBASE,2023,20000000
dataflow,ESTAT:DS-059358(1.0),A,EU27_2020,26113027,PQNTBASE,2024,20000000
dataflow,ESTAT:DS-059358(1.0),A,EU27_2020,26113027,PQNTFLAG,2003,:R
dataflow,ESTAT:DS-059358(1.0),A,EU27_2020,26113027,PQNTFLAG,2004,:R
dataflow,ESTAT:DS-059358(1.0),A,EU27_2020,26113027,PQNTFLAG,2005,:R
dataflow,ESTAT:DS-059358(1.0),A,EU27_2020,26113027,PQNTFLAG,2006,:R
dataflow,ESTAT:DS-059358(1.0),A,EU27_2020,26113027,PQNTFLAG,2007,:R
dataflow,ESTAT:DS-059358(1.0),A,EU27_2020,26113027,PQNTFLAG,2008,:E
dataflow,ESTAT:DS-059358(1.0),A,EU27_2020,26113027,PQNTFLAG,2013,:R
dataflow,ESTAT:DS-059358(1.0),A,EU27_2020,26113027,PQNTFLAG,2014,:R
dataflow,ESTAT:DS-059358(1.0),A,EU27_2020,26113027,PQNTFLAG,2015,:R
dataflow,ESTAT:DS-059358(1.0),A,EU27_2020,26113027,PQNTFLAG,2019,:R
dataflow,ESTAT:DS-059358(1.0),A,EU27_2020,26113027,PQNTFLAG,2020,:R
dataflow,ESTAT:DS-059358(1.0),A,EU27_2020,26113027,PQNTFLAG,2021,:R
dataflow,ESTAT:DS-059358(1.0),A,EU27_2020,26113027,PQNTFLAG,2022,:R
dataflow,ESTAT:DS-059358(1.0),A,EU27_2020,26113027,PQNTFLAG,2023,:R
dataflow,ESTAT:DS-059358(1.0),A,EU27_2020,26113027,PQNTFLAG,2024,:R
dataflow,ESTAT:DS-059358(1.0),A,EU27_2020,26113027,PRODQNT,2003,1180030000
dataflow,ESTAT:DS-059358(1.0),A,EU27_2020,26113027,PRODQNT,2004,1412736450
dataflow,ESTAT:DS-059358(1.0),A,EU27_2020,26113027,PRODQNT,2005,1000000140
dataflow,ESTAT:DS-059358(1.0),A,EU27_2020,26113027,PRODQNT,2006,1034718693
dataflow,ESTAT:DS-059358(1.0),A,EU27_2020,26113027,PRODQNT,2007,1140000000
dataflow,ESTAT:DS-059358(1.0),A,EU27_2020,26113027,PRODQNT,2008,1022517136
dataflow,ESTAT:DS-059358(1.0),A,EU27_2020,26113027,PRODQNT,2009,358115263
dataflow,ESTAT:DS-059358(1.0),A,EU27_2020,26113027,PRODQNT,2010,10539494
dataflow,ESTAT:DS-059358(1.0),A,EU27_2020,26113027,PRODQNT,2011,3569854
dataflow,ESTAT:DS-059358(1.0),A,EU27_2020,26113027,PRODQNT,2012,3922000
dataflow,ESTAT:DS-059358(1.0),A,EU27_2020,26113027,PRODQNT,2013,3000000
dataflow,ESTAT:DS-059358(1.0),A,EU27_2020,26113027,PRODQNT,2014,2000000
dataflow,ESTAT:DS-059358(1.0),A,EU27_2020,26113027,PRODQNT,2015,4000000
dataflow,ESTAT:DS-059358(1.0),A,EU27_2020,26113027,PRODQNT,2016,6733971
dataflow,ESTAT:DS-059358(1.0),A,EU27_2020,26113027,PRODQNT,2017,9005024
dataflow,ESTAT:DS-059358(1.0),A,EU27_2020,26113027,PRODQNT,2018,8446793
dataflow,ESTAT:DS-059358(1.0),A,EU27_2020,26113027,PRODQNT,2019,2000000
dataflow,ESTAT:DS-059358(1.0),A,EU27_2020,26113027,PRODQNT,2020,6000000
dataflow,ESTAT:DS-059358(1.0),A,EU27_2020,26113027,PRODQNT,2021,9000000
dataflow,ESTAT:DS-059358(1.0),A,EU27_2020,26113027,PRODQNT,2022,8000000
dataflow,ESTAT:DS-059358(1.0),A,EU27_2020,26113027,PRODQNT,2023,20000000
dataflow,ESTAT:DS-059358(1.0),A,EU27_2020,26113027,PRODQNT,2024,40000000
dataflow,ESTAT:DS-059358(1.0),A,EU27_2020,26113027,PRODVAL,2003,2490010000
dataflow,ESTAT:DS-059358(1.0),A,EU27_2020,26113027,PRODVAL,2004,2563098818
dataflow,ESTAT:DS-059358(1.0),A,EU27_2020,26113027,PRODVAL,2005,1280010000
dataflow,ESTAT:DS-059358(1.0),A,EU27_2020,26113027,PRODVAL,2006,1680100000
dataflow,ESTAT:DS-059358(1.0),A,EU27_2020,26113027,PRODVAL,2007,2121000000
dataflow,ESTAT:DS-059358(1.0),A,EU27_2020,26113027,PRODVAL,2008,1600000000
dataflow,ESTAT:DS-059358(1.0),A,EU27_2020,26113027,PRODVAL,2009,444312385
dataflow,ESTAT:DS-059358(1.0),A,EU27_2020,26113027,PRODVAL,2010,8174382
dataflow,ESTAT:DS-059358(1.0),A,EU27_2020,26113027,PRODVAL,2011,10593680
dataflow,ESTAT:DS-059358(1.0),A,EU27_2020,26113027,PRODVAL,2012,12097862
dataflow,ESTAT:DS-059358(1.0),A,EU27_2020,26113027,PRODVAL,2013,12000000
dataflow,ESTAT:DS-059358(1.0),A,EU27_2020,26113027,PRODVAL,2014,15000000
dataflow,ESTAT:DS-059358(1.0),A,EU27_2020,26113027,PRODVAL,2015,14634860
dataflow,ESTAT:DS-059358(1.0),A,EU27_2020,26113027,PRODVAL,2016,21603603
dataflow,ESTAT:DS-059358(1.0),A,EU27_2020,26113027,PRODVAL,2017,25533770
dataflow,ESTAT:DS-059358(1.0),A,EU27_2020,26113027,PRODVAL,2018,12000000
dataflow,ESTAT:DS-059358(1.0),A,EU27_2020,26113027,PRODVAL,2019,14651341
dataflow,ESTAT:DS-059358(1.0),A,EU27_2020,26113027,PRODVAL,2020,9361625
dataflow,ESTAT:DS-059358(1.0),A,EU27_2020,26113027,PRODVAL,2021,9336063
dataflow,ESTAT:DS-059358(1.0),A,EU27_2020,26113027,PRODVAL,2022,40000000
dataflow,ESTAT:DS-059358(1.0),A,EU27_2020,26113027,PRODVAL,2023,80000000
dataflow,ESTAT:DS-059358(1.0),A,EU27_2020,26113027,PRODVAL,2024,15000000
dataflow,ESTAT:DS-059358(1.0),A,EU27_2020,26113027,PVALBASE,2003,30000000
dataflow,ESTAT:DS-059358(1.0),A,EU27_2020,26113027,PVALBASE,2005,80000000
dataflow,ESTAT:DS-059358(1.0),A,EU27_2020,26113027,PVALBASE,2006,40000000
dataflow,ESTAT:DS-059358(1.0),A,EU27_2020,26113027,PVALBASE,2007,7000000
dataflow,ESTAT:DS-059358(1.0),A,EU27_2020,26113027,PVALBASE,2008,400000000
dataflow,ESTAT:DS-059358(1.0),A,EU27_2020,26113027,PVALBASE,2013,4000000
dataflow,ESTAT:DS-059358(1.0),A,EU27_2020,26113027,PVALBASE,2014,5000000
dataflow,ESTAT:DS-059358(1.0),A,EU27_2020,26113027,PVALBASE,2018,3000000
dataflow,ESTAT:DS-059358(1.0),A,EU27_2020,26113027,PVALBASE,2022,5000000
dataflow,ESTAT:DS-059358(1.0),A,EU27_2020,26113027,PVALBASE,2023,40000000
dataflow,ESTAT:DS-059358(1.0),A,EU27_2020,26113027,PVALBASE,2024,5000000
dataflow,ESTAT:DS-059358(1.0),A,EU27_2020,26113027,PVALFLAG,2003,:R
dataflow,ESTAT:DS-059358(1.0),A,EU27_2020,26113027,PVALFLAG,2004,:E
dataflow,ESTAT:DS-059358(1.0),A,EU27_2020,26113027,PVALFLAG,2005,:R
dataflow,ESTAT:DS-059358(1.0),A,EU27_2020,26113027,PVALFLAG,2006,:R
dataflow,ESTAT:DS-059358(1.0),A,EU27_2020,26113027,PVALFLAG,2007,:R
dataflow,ESTAT:DS-059358(1.0),A,EU27_2020,26113027,PVALFLAG,2008,:R
dataflow,ESTAT:DS-059358(1.0),A,EU27_2020,26113027,PVALFLAG,2013,:R
dataflow,ESTAT:DS-059358(1.0),A,EU27_2020,26113027,PVALFLAG,2014,:R
dataflow,ESTAT:DS-059358(1.0),A,EU27_2020,26113027,PVALFLAG,2016,:E
dataflow,ESTAT:DS-059358(1.0),A,EU27_2020,26113027,PVALFLAG,2018,:R
dataflow,ESTAT:DS-059358(1.0),A,EU27_2020,26113027,PVALFLAG,2022,:R
dataflow,ESTAT:DS-059358(1.0),A,EU27_2020,26113027,PVALFLAG,2023,:R
dataflow,ESTAT:DS-059358(1.0),A,EU27_2020,26113027,PVALFLAG,2024,:R
dataflow,ESTAT:DS-059358(1.0),A,EU27_2020,26113027,QNTUNIT,2003,PST
dataflow,ESTAT:DS-059358(1.0),A,EU27_2020,26113027,QNTUNIT,2004,PST
dataflow,ESTAT:DS-059358(1.0),A,EU27_2020,26113027,QNTUNIT,2005,PST
dataflow,ESTAT:DS-059358(1.0),A,EU27_2020,26113027,QNTUNIT,2006,PST
dataflow,ESTAT:DS-059358(1.0),A,EU27_2020,26113027,QNTUNIT,2007,PST
dataflow,ESTAT:DS-059358(1.0),A,EU27_2020,26113027,QNTUNIT,2008,PST
dataflow,ESTAT:DS-059358(1.0),A,EU27_2020,26113027,QNTUNIT,2009,PST
dataflow,ESTAT:DS-059358(1.0),A,EU27_2020,26113027,QNTUNIT,2010,PST
dataflow,ESTAT:DS-059358(1.0),A,EU27_2020,26113027,QNTUNIT,2011,PST
dataflow,ESTAT:DS-059358(1.0),A,EU27_2020,26113027,QNTUNIT,2012,PST
dataflow,ESTAT:DS-059358(1.0),A,EU27_2020,26113027,QNTUNIT,2013,PST
dataflow,ESTAT:DS-059358(1.0),A,EU27_2020,26113027,QNTUNIT,2014,PST
dataflow,ESTAT:DS-059358(1.0),A,EU27_2020,26113027,QNTUNIT,2015,PST
dataflow,ESTAT:DS-059358(1.0),A,EU27_2020,26113027,QNTUNIT,2016,PST
dataflow,ESTAT:DS-059358(1.0),A,EU27_2020,26113027,QNTUNIT,2017,PST
dataflow,ESTAT:DS-059358(1.0),A,EU27_2020,26113027,QNTUNIT,2018,PST
dataflow,ESTAT:DS-059358(1.0),A,EU27_2020,26113027,QNTUNIT,2019,PST
dataflow,ESTAT:DS-059358(1.0),A,EU27_2020,26113027,QNTUNIT,2020,PST
dataflow,ESTAT:DS-059358(1.0),A,EU27_2020,26113027,QNTUNIT,2021,p/st
dataflow,ESTAT:DS-059358(1.0),A,EU27_2020,26113027,QNTUNIT,2022,p/st
dataflow,ESTAT:DS-059358(1.0),A,EU27_2020,26113027,QNTUNIT,2023,p/st
dataflow,ESTAT:DS-059358(1.0),A,EU27_2020,26113027,QNTUNIT,2024,p/st
dataflow,ESTAT:DS-059358(1.0),A,EU27_2020,26113027,SCPRODQNT,2021,0
dataflow,ESTAT:DS-059358(1.0),A,EU27_2020,26113027,SCPRODQNT,2022,4000
dataflow,ESTAT:DS-059358(1.0),A,EU27_2020,26113027,SCPRODQNT,2023,0
dataflow,ESTAT:DS-059358(1.0),A,EU27_2020,26113027,SCPRODQNT,2024,0
dataflow,ESTAT:DS-059358(1.0),A,EU27_2020,26113027,SCPRODVAL,2021,0
dataflow,ESTAT:DS-059358(1.0),A,EU27_2020,26113027,SCPRODVAL,2022,400000
dataflow,ESTAT:DS-059358(1.0),A,EU27_2020,26113027,SCPRODVAL,2023,0
dataflow,ESTAT:DS-059358(1.0),A,EU27_2020,26113027,SCPRODVAL,2024,0
dataflow,ESTAT:DS-059358(1.0),A,EU27_2020,26113027,SCQNTBASE,2022,4000
dataflow,ESTAT:DS-059358(1.0),A,EU27_2020,26113027,SCQNTBASE,2023,0
dataflow,ESTAT:DS-059358(1.0),A,EU27_2020,26113027,SCQNTBASE,2024,0
dataflow,ESTAT:DS-059358(1.0),A,EU27_2020,26113027,SCQNTFLAG,2022,:R
dataflow,ESTAT:DS-059358(1.0),A,EU27_2020,26113027,SCQNTFLAG,2023,:R
dataflow,ESTAT:DS-059358(1.0),A,EU27_2020,26113027,SCQNTFLAG,2024,:R
dataflow,ESTAT:DS-059358(1.0),A,EU27_2020,26113027,SCVALBASE,2022,400000
dataflow,ESTAT:DS-059358(1.0),A,EU27_2020,26113027,SCVALBASE,2023,0
dataflow,ESTAT:DS-059358(1.0),A,EU27_2020,26113027,SCVALBASE,2024,0
dataflow,ESTAT:DS-059358(1.0),A,EU27_2020,26113027,SCVALFLAG,2022,:R
dataflow,ESTAT:DS-059358(1.0),A,EU27_2020,26113027,SCVALFLAG,2023,:R
dataflow,ESTAT:DS-059358(1.0),A,EU27_2020,26113027,SCVALFLAG,2024,:R
dataflow,ESTAT:DS-059358(1.0),A,EU27_2020,26113034,EXPQNT,2003,81393196
dataflow,ESTAT:DS-059358(1.0),A,EU27_2020,26113034,EXPQNT,2004,59270366
dataflow,ESTAT:DS-059358(1.0),A,EU27_2020,26113034,EXPQNT,2006,53645072
dataflow,ESTAT:DS-059358(1.0),A,EU27_2020,26113034,EXPQNT,2007,37448659
dataflow,ESTAT:DS-059358(1.0),A,EU27_2020,26113034,EXPQNT,2008,16050268
dataflow,ESTAT:DS-059358(1.0),A,EU27_2020,26113034,EXPQNT,2009,11193697
dataflow,ESTAT:DS-059358(1.0),A,EU27_2020,26113034,EXPQNT,2010,14166715
dataflow,ESTAT:DS-059358(1.0),A,EU27_2020,26113034,EXPQNT,2011,11872982
dataflow,ESTAT:DS-059358(1.0),A,EU27_2020,26113034,EXPQNT,2012,9664177
dataflow,ESTAT:DS-059358(1.0),A,EU27_2020,26113034,EXPQNT,2013,8664080
dataflow,ESTAT:DS-059358(1.0),A,EU27_2020,26113034,EXPQNT,2014,9430171
dataflow,ESTAT:DS-059358(1.0),A,EU27_2020,26113034,EXPQNT,2015,9775173
dataflow,ESTAT:DS-059358(1.0),A,EU27_2020,26113034,EXPQNT,2016,9443831
dataflow,ESTAT:DS-059358(1.0),A,EU27_2020,26113034,EXPQNT,2017,11564469
dataflow,ESTAT:DS-059358(1.0),A,EU27_2020,26113034,EXPQNT,2018,11869828
dataflow,ESTAT:DS-059358(1.0),A,EU27_2020,26113034,EXPQNT,2019,10636748
dataflow,ESTAT:DS-059358(1.0),A,EU27_2020,26113034,EXPQNT,2020,7968850
dataflow,ESTAT:DS-059358(1.0),A,EU27_2020,26113034,EXPQNT,2021,8919830
dataflow,ESTAT:DS-059358(1.0),A,EU27_2020,26113034,EXPQNT,2022,9745889
dataflow,ESTAT:DS-059358(1.0),A,EU27_2020,26113034,EXPQNT,2023,6563476
dataflow,ESTAT:DS-059358(1.0),A,EU27_2020,26113034,EXPQNT,2024,5292144
dataflow,ESTAT:DS-059358(1.0),A,EU27_2020,26113034,EXPVAL,2003,94618980
dataflow,ESTAT:DS-059358(1.0),A,EU27_2020,26113034,EXPVAL,2004,106471000
dataflow,ESTAT:DS-059358(1.0),A,EU27_2020,26113034,EXPVAL,2006,102125280
dataflow,ESTAT:DS-059358(1.0),A,EU27_2020,26113034,EXPVAL,2007,58181180
dataflow,ESTAT:DS-059358(1.0),A,EU27_2020,26113034,EXPVAL,2008,38667020
dataflow,ESTAT:DS-059358(1.0),A,EU27_2020,26113034,EXPVAL,2009,27293420
dataflow,ESTAT:DS-059358(1.0),A,EU27_2020,26113034,EXPVAL,2010,41356590
dataflow,ESTAT:DS-059358(1.0),A,EU27_2020,26113034,EXPVAL,2011,38996880
dataflow,ESTAT:DS-059358(1.0),A,EU27_2020,26113034,EXPVAL,2012,33875420
dataflow,ESTAT:DS-059358(1.0),A,EU27_2020,26113034,EXPVAL,2013,32340070
dataflow,ESTAT:DS-059358(1.0),A,EU27_2020,26113034,EXPVAL,2014,29985880
dataflow,ESTAT:DS-059358(1.0),A,EU27_2020,26113034,EXPVAL,2015,29913750
dataflow,ESTAT:DS-059358(1.0),A,EU27_2020,26113034,EXPVAL,2016,34719570
dataflow,ESTAT:DS-059358(1.0),A,EU27_2020,26113034,EXPVAL,2017,32850020
dataflow,ESTAT:DS-059358(1.0),A,EU27_2020,26113034,EXPVAL,2018,34573632
dataflow,ESTAT:DS-059358(1.0),A,EU27_2020,26113034,EXPVAL,2019,30931990
dataflow,ESTAT:DS-059358(1.0),A,EU27_2020,26113034,EXPVAL,2020,21405445
dataflow,ESTAT:DS-059358(1.0),A,EU27_2020,26113034,EXPVAL,2021,29804179
dataflow,ESTAT:DS-059358(1.0),A,EU27_2020,26113034,EXPVAL,2022,37881767
dataflow,ESTAT:DS-059358(1.0),A,EU27_2020,26113034,EXPVAL,2023,27643856
dataflow,ESTAT:DS-059358(1.0),A,EU27_2020,26113034,EXPVAL,2024,23370712
dataflow,ESTAT:DS-059358(1.0),A,EU27_2020,26113034,IMPQNT,2003,240226851
dataflow,ESTAT:DS-059358(1.0),A,EU27_2020,26113034,IMPQNT,2004,230988038
dataflow,ESTAT:DS-059358(1.0),A,EU27_2020,26113034,IMPQNT,2006,157110545
dataflow,ESTAT:DS-059358(1.0),A,EU27_2020,26113034,IMPQNT,2007,148606883
dataflow,ESTAT:DS-059358(1.0),A,EU27_2020,26113034,IMPQNT,2008,112275213
dataflow,ESTAT:DS-059358(1.0),A,EU27_2020,26113034,IMPQNT,2009,50174737
dataflow,ESTAT:DS-059358(1.0),A,EU27_2020,26113034,IMPQNT,2010,68854139
dataflow,ESTAT:DS-059358(1.0),A,EU27_2020,26113034,IMPQNT,2011,55417689
dataflow,ESTAT:DS-059358(1.0),A,EU27_2020,26113034,IMPQNT,2012,52632604
dataflow,ESTAT:DS-059358(1.0),A,EU27_2020,26113034,IMPQNT,2013,55858548
dataflow,ESTAT:DS-059358(1.0),A,EU27_2020,26113034,IMPQNT,2014,54639563
dataflow,ESTAT:DS-059358(1.0),A,EU27_2020,26113034,IMPQNT,2015,62299324
dataflow,ESTAT:DS-059358(1.0),A,EU27_2020,26113034,IMPQNT,2016,61972338
dataflow,ESTAT:DS-059358(1.0),A,EU27_2020,26113034,IMPQNT,2017,73172994
dataflow,ESTAT:DS-059358(1.0),A,EU27_2020,26113034,IMPQNT,2018,68725494
dataflow,ESTAT:DS-059358(1.0),A,EU27_2020,26113034,IMPQNT,2019,62056379
dataflow,ESTAT:DS-059358(1.0),A,EU27_2020,26113034,IMPQNT,2020,82816646
dataflow,ESTAT:DS-059358(1.0),A,EU27_2020,26113034,IMPQNT,2021,85751236
dataflow,ESTAT:DS-059358(1.0),A,EU27_2020,26113034,IMPQNT,2022,89728716
dataflow,ESTAT:DS-059358(1.0),A,EU27_2020,26113034,IMPQNT,2023,57365706
dataflow,ESTAT:DS-059358(1.0),A,EU27_2020,26113034,IMPQNT,2024,43560204
dataflow,ESTAT:DS-059358(1.0),A,EU27_2020,26113034,IMPVAL,2003,454278730
dataflow,ESTAT:DS-059358(1.0),A,EU27_2020,26113034,IMPVAL,2004,460145100
dataflow,ESTAT:DS-059358(1.0),A,EU27_2020,26113034,IMPVAL,2006,266903930
dataflow,ESTAT:DS-059358(1.0),A,EU27_2020,26113034,IMPVAL,2007,230749970
dataflow,ESTAT:DS-059358(1.0),A,EU27_2020,26113034,IMPVAL,2008,178561510
dataflow,ESTAT:DS-059358(1.0),A,EU27_2020,26113034,IMPVAL,2009,93882730
dataflow,ESTAT:DS-059358(1.0),A,EU27_2020,26113034,IMPVAL,2010,140396010
dataflow,ESTAT:DS-059358(1.0),A,EU27_2020,26113034,IMPVAL,2011,119088070
dataflow,ESTAT:DS-059358(1.0),A,EU27_2020,26113034,IMPVAL,2012,102080750
dataflow,ESTAT:DS-059358(1.0),A,EU27_2020,26113034,IMPVAL,2013,105395940
dataflow,ESTAT:DS-059358(1.0),A,EU27_2020,26113034,IMPVAL,2014,103816100
dataflow,ESTAT:DS-059358(1.0),A,EU27_2020,26113034,IMPVAL,2015,136782560
dataflow,ESTAT:DS-059358(1.0),A,EU27_2020,26113034,IMPVAL,2016,138572170
dataflow,ESTAT:DS-059358(1.0),A,EU27_2020,26113034,IMPVAL,2017,151074400
dataflow,ESTAT:DS-059358(1.0),A,EU27_2020,26113034,IMPVAL,2018,129471301
dataflow,ESTAT:DS-059358(1.0),A,EU27_2020,26113034,IMPVAL,2019,131775750
dataflow,ESTAT:DS-059358(1.0),A,EU27_2020,26113034,IMPVAL,2020,141341987
dataflow,ESTAT:DS-059358(1.0),A,EU27_2020,26113034,IMPVAL,2021,181740065
dataflow,ESTAT:DS-059358(1.0),A,EU27_2020,26113034,IMPVAL,2022,221194218
dataflow,ESTAT:DS-059358(1.0),A,EU27_2020,26113034,IMPVAL,2023,164341080
dataflow,ESTAT:DS-059358(1.0),A,EU27_2020,26113034,IMPVAL,2024,138044805
dataflow,ESTAT:DS-059358(1.0),A,EU27_2020,26113034,OWNPRODQNT,2021,2100
dataflow,ESTAT:DS-059358(1.0),A,EU27_2020,26113034,OWNPRODQNT,2022,1200
dataflow,ESTAT:DS-059358(1.0),A,EU27_2020,26113034,OWNPRODQNT,2023,1600
dataflow,ESTAT:DS-059358(1.0),A,EU27_2020,26113034,OWNPRODQNT,2024,800
dataflow,ESTAT:DS-059358(1.0),A,EU27_2020,26113034,OWNPRODVAL,2021,50000
dataflow,ESTAT:DS-059358(1.0),A,EU27_2020,26113034,OWNPRODVAL,2022,50000
dataflow,ESTAT:DS-059358(1.0),A,EU27_2020,26113034,OWNPRODVAL,2023,80000
dataflow,ESTAT:DS-059358(1.0),A,EU27_2020,26113034,OWNPRODVAL,2024,40000
dataflow,ESTAT:DS-059358(1.0),A,EU27_2020,26113034,OWNQNTBASE,2021,700
dataflow,ESTAT:DS-059358(1.0),A,EU27_2020,26113034,OWNQNTBASE,2022,300
dataflow,ESTAT:DS-059358(1.0),A,EU27_2020,26113034,OWNQNTBASE,2023,400
dataflow,ESTAT:DS-059358(1.0),A,EU27_2020,26113034,OWNQNTBASE,2024,800
dataflow,ESTAT:DS-059358(1.0),A,EU27_2020,26113034,OWNQNTFLAG,2021,:R
dataflow,ESTAT:DS-059358(1.0),A,EU27_2020,26113034,OWNQNTFLAG,2022,:R
dataflow,ESTAT:DS-059358(1.0),A,EU27_2020,26113034,OWNQNTFLAG,2023,:R
dataflow,ESTAT:DS-059358(1.0),A,EU27_2020,26113034,OWNQNTFLAG,2024,:R
dataflow,ESTAT:DS-059358(1.0),A,EU27_2020,26113034,OWNVALBASE,2021,50000
dataflow,ESTAT:DS-059358(1.0),A,EU27_2020,26113034,OWNVALBASE,2022,50000
dataflow,ESTAT:DS-059358(1.0),A,EU27_2020,26113034,OWNVALBASE,2023,40000
dataflow,ESTAT:DS-059358(1.0),A,EU27_2020,26113034,OWNVALBASE,2024,20000
dataflow,ESTAT:DS-059358(1.0),A,EU27_2020,26113034,OWNVALFLAG,2021,:R
dataflow,ESTAT:DS-059358(1.0),A,EU27_2020,26113034,OWNVALFLAG,2022,:R
dataflow,ESTAT:DS-059358(1.0),A,EU27_2020,26113034,OWNVALFLAG,2023,:R
dataflow,ESTAT:DS-059358(1.0),A,EU27_2020,26113034,OWNVALFLAG,2024,:R
dataflow,ESTAT:DS-059358(1.0),A,EU27_2020,26113034,PQNTBASE,2003,4000000
dataflow,ESTAT:DS-059358(1.0),A,EU27_2020,26113034,PQNTBASE,2004,5000000
dataflow,ESTAT:DS-059358(1.0),A,EU27_2020,26113034,PQNTBASE,2005,7000000
dataflow,ESTAT:DS-059358(1.0),A,EU27_2020,26113034,PQNTBASE,2006,7000000
dataflow,ESTAT:DS-059358(1.0),A,EU27_2020,26113034,PQNTBASE,2007,4000000
dataflow,ESTAT:DS-059358(1.0),A,EU27_2020,26113034,PQNTBASE,2008,600000
dataflow,ESTAT:DS-059358(1.0),A,EU27_2020,26113034,PQNTBASE,2010,20
dataflow,ESTAT:DS-059358(1.0),A,EU27_2020,26113034,PQNTBASE,2011,50000
dataflow,ESTAT:DS-059358(1.0),A,EU27_2020,26113034,PQNTBASE,2012,200
dataflow,ESTAT:DS-059358(1.0),A,EU27_2020,26113034,PQNTBASE,2014,20000
dataflow,ESTAT:DS-059358(1.0),A,EU27_2020,26113034,PQNTBASE,2015,20000
dataflow,ESTAT:DS-059358(1.0),A,EU27_2020,26113034,PQNTBASE,2016,5
dataflow,ESTAT:DS-059358(1.0),A,EU27_2020,26113034,PQNTBASE,2017,20000
dataflow,ESTAT:DS-059358(1.0),A,EU27_2020,26113034,PQNTBASE,2018,3000
dataflow,ESTAT:DS-059358(1.0),A,EU27_2020,26113034,PQNTBASE,2019,7000
dataflow,ESTAT:DS-059358(1.0),A,EU27_2020,26113034,PQNTBASE,2020,600
dataflow,ESTAT:DS-059358(1.0),A,EU27_2020,26113034,PQNTBASE,2021,300
dataflow,ESTAT:DS-059358(1.0),A,EU27_2020,26113034,PQNTBASE,2022,500
dataflow,ESTAT:DS-059358(1.0),A,EU27_2020,26113034,PQNTBASE,2023,400
dataflow,ESTAT:DS-059358(1.0),A,EU27_2020,26113034,PQNTBASE,2024,500
dataflow,ESTAT:DS-059358(1.0),A,EU27_2020,26113034,PQNTFLAG,2003,:R
dataflow,ESTAT:DS-059358(1.0),A,EU27_2020,26113034,PQNTFLAG,2004,:R
dataflow,ESTAT:DS-059358(1.0),A,EU27_2020,26113034,PQNTFLAG,2005,:R
dataflow,ESTAT:DS-059358(1.0),A,EU27_2020,26113034,PQNTFLAG,2006,:R
dataflow,ESTAT:DS-059358(1.0),A,EU27_2020,26113034,PQNTFLAG,2007,:R
dataflow,ESTAT:DS-059358(1.0),A,EU27_2020,26113034,PQNTFLAG,2008,:R
dataflow,ESTAT:DS-059358(1.0),A,EU27_2020,26113034,PQNTFLAG,2010,:R
dataflow,ESTAT:DS-059358(1.0),A,EU27_2020,26113034,PQNTFLAG,2011,:R
dataflow,ESTAT:DS-059358(1.0),A,EU27_2020,26113034,PQNTFLAG,2012,:R
dataflow,ESTAT:DS-059358(1.0),A,EU27_2020,26113034,PQNTFLAG,2014,:R
dataflow,ESTAT:DS-059358(1.0),A,EU27_2020,26113034,PQNTFLAG,2015,:R
dataflow,ESTAT:DS-059358(1.0),A,EU27_2020,26113034,PQNTFLAG,2016,:R
dataflow,ESTAT:DS-059358(1.0),A,EU27_2020,26113034,PQNTFLAG,2017,:R
dataflow,ESTAT:DS-059358(1.0),A,EU27_2020,26113034,PQNTFLAG,2018,:R
dataflow,ESTAT:DS-059358(1.0),A,EU27_2020,26113034,PQNTFLAG,2019,:R
dataflow,ESTAT:DS-059358(1.0),A,EU27_2020,26113034,PQNTFLAG,2020,:R
dataflow,ESTAT:DS-059358(1.0),A,EU27_2020,26113034,PQNTFLAG,2021,:R
dataflow,ESTAT:DS-059358(1.0),A,EU27_2020,26113034,PQNTFLAG,2022,:R
dataflow,ESTAT:DS-059358(1.0),A,EU27_2020,26113034,PQNTFLAG,2023,:R
dataflow,ESTAT:DS-059358(1.0),A,EU27_2020,26113034,PQNTFLAG,2024,:R
dataflow,ESTAT:DS-059358(1.0),A,EU27_2020,26113034,PRODQNT,2003,16000000
dataflow,ESTAT:DS-059358(1.0),A,EU27_2020,26113034,PRODQNT,2004,35000000
dataflow,ESTAT:DS-059358(1.0),A,EU27_2020,26113034,PRODQNT,2005,21000000
dataflow,ESTAT:DS-059358(1.0),A,EU27_2020,26113034,PRODQNT,2006,21000000
dataflow,ESTAT:DS-059358(1.0),A,EU27_2020,26113034,PRODQNT,2007,8000000
dataflow,ESTAT:DS-059358(1.0),A,EU27_2020,26113034,PRODQNT,2008,2400000
dataflow,ESTAT:DS-059358(1.0),A,EU27_2020,26113034,PRODQNT,2009,6855
dataflow,ESTAT:DS-059358(1.0),A,EU27_2020,26113034,PRODQNT,2010,2580
dataflow,ESTAT:DS-059358(1.0),A,EU27_2020,26113034,PRODQNT,2011,50000
dataflow,ESTAT:DS-059358(1.0),A,EU27_2020,26113034,PRODQNT,2012,1200
dataflow,ESTAT:DS-059358(1.0),A,EU27_2020,26113034,PRODQNT,2013,0
dataflow,ESTAT:DS-059358(1.0),A,EU27_2020,26113034,PRODQNT,2014,40000
dataflow,ESTAT:DS-059358(1.0),A,EU27_2020,26113034,PRODQNT,2015,60000
dataflow,ESTAT:DS-059358(1.0),A,EU27_2020,26113034,PRODQNT,2016,15026
dataflow,ESTAT:DS-059358(1.0),A,EU27_2020,26113034,PRODQNT,2017,20000
dataflow,ESTAT:DS-059358(1.0),A,EU27_2020,26113034,PRODQNT,2018,30000
dataflow,ESTAT:DS-059358(1.0),A,EU27_2020,26113034,PRODQNT,2019,21000
dataflow,ESTAT:DS-059358(1.0),A,EU27_2020,26113034,PRODQNT,2020,600
dataflow,ESTAT:DS-059358(1.0),A,EU27_2020,26113034,PRODQNT,2021,1500
dataflow,ESTAT:DS-059358(1.0),A,EU27_2020,26113034,PRODQNT,2022,1000
dataflow,ESTAT:DS-059358(1.0),A,EU27_2020,26113034,PRODQNT,2023,1600
dataflow,ESTAT:DS-059358(1.0),A,EU27_2020,26113034,PRODQNT,2024,1500
dataflow,ESTAT:DS-059358(1.0),A,EU27_2020,26113034,PRODVAL,2003,76000000
dataflow,ESTAT:DS-059358(1.0),A,EU27_2020,26113034,PRODVAL,2004,80000000
dataflow,ESTAT:DS-059358(1.0),A,EU27_2020,26113034,PRODVAL,2005,15507106
dataflow,ESTAT:DS-059358(1.0),A,EU27_2020,26113034,PRODVAL,2006,15000000
dataflow,ESTAT:DS-059358(1.0),A,EU27_2020,26113034,PRODVAL,2007,20000000
dataflow,ESTAT:DS-059358(1.0),A,EU27_2020,26113034,PRODVAL,2008,8291360
dataflow,ESTAT:DS-059358(1.0),A,EU27_2020,26113034,PRODVAL,2009,9159224
dataflow,ESTAT:DS-059358(1.0),A,EU27_2020,26113034,PRODVAL,2010,10110000
dataflow,ESTAT:DS-059358(1.0),A,EU27_2020,26113034,PRODVAL,2011,10200000
dataflow,ESTAT:DS-059358(1.0),A,EU27_2020,26113034,PRODVAL,2012,7970000
dataflow,ESTAT:DS-059358(1.0),A,EU27_2020,26113034,PRODVAL,2013,0
dataflow,ESTAT:DS-059358(1.0),A,EU27_2020,26113034,PRODVAL,2014,2000000
dataflow,ESTAT:DS-059358(1.0),A,EU27_2020,26113034,PRODVAL,2015,6000000
dataflow,ESTAT:DS-059358(1.0),A,EU27_2020,26113034,PRODVAL,2016,2000000
dataflow,ESTAT:DS-059358(1.0),A,EU27_2020,26113034,PRODVAL,2017,3000000
dataflow,ESTAT:DS-059358(1.0),A,EU27_2020,26113034,PRODVAL,2018,2910000
dataflow,ESTAT:DS-059358(1.0),A,EU27_2020,26113034,PRODVAL,2019,900000
dataflow,ESTAT:DS-059358(1.0),A,EU27_2020,26113034,PRODVAL,2020,40000
dataflow,ESTAT:DS-059358(1.0),A,EU27_2020,26113034,PRODVAL,2021,50000
dataflow,ESTAT:DS-059358(1.0),A,EU27_2020,26113034,PRODVAL,2022,100000
dataflow,ESTAT:DS-059358(1.0),A,EU27_2020,26113034,PRODVAL,2023,40000
dataflow,ESTAT:DS-059358(1.0),A,EU27_2020,26113034,PRODVAL,2024,36000
dataflow,ESTAT:DS-059358(1.0),A,EU27_2020,26113034,PVALBASE,2003,4000000
dataflow,ESTAT:DS-059358(1.0),A,EU27_2020,26113034,PVALBASE,2004,40000000
dataflow,ESTAT:DS-059358(1.0),A,EU27_2020,26113034,PVALBASE,2006,5000000
dataflow,ESTAT:DS-059358(1.0),A,EU27_2020,26113034,PVALBASE,2007,4000000
dataflow,ESTAT:DS-059358(1.0),A,EU27_2020,26113034,PVALBASE,2008,50000
dataflow,ESTAT:DS-059358(1.0),A,EU27_2020,26113034,PVALBASE,2010,2000
dataflow,ESTAT:DS-059358(1.0),A,EU27_2020,26113034,PVALBASE,2011,30000
dataflow,ESTAT:DS-059358(1.0),A,EU27_2020,26113034,PVALBASE,2012,5000
dataflow,ESTAT:DS-059358(1.0),A,EU27_2020,26113034,PVALBASE,2014,2000000
dataflow,ESTAT:DS-059358(1.0),A,EU27_2020,26113034,PVALBASE,2015,2000000
dataflow,ESTAT:DS-059358(1.0),A,EU27_2020,26113034,PVALBASE,2016,1000000
dataflow,ESTAT:DS-059358(1.0),A,EU27_2020,26113034,PVALBASE,2017,3000000
dataflow,ESTAT:DS-059358(1.0),A,EU27_2020,26113034,PVALBASE,2018,30000
dataflow,ESTAT:DS-059358(1.0),A,EU27_2020,26113034,PVALBASE,2019,300000
dataflow,ESTAT:DS-059358(1.0),A,EU27_2020,26113034,PVALBASE,2020,40000
dataflow,ESTAT:DS-059358(1.0),A,EU27_2020,26113034,PVALBASE,2021,50000
dataflow,ESTAT:DS-059358(1.0),A,EU27_2020,26113034,PVALBASE,2022,50000
dataflow,ESTAT:DS-059358(1.0),A,EU27_2020,26113034,PVALBASE,2023,40000
dataflow,ESTAT:DS-059358(1.0),A,EU27_2020,26113034,PVALBASE,2024,9000
dataflow,ESTAT:DS-059358(1.0),A,EU27_2020,26113034,PVALFLAG,2003,:R
dataflow,ESTAT:DS-059358(1.0),A,EU27_2020,26113034,PVALFLAG,2004,:R
dataflow,ESTAT:DS-059358(1.0),A,EU27_2020,26113034,PVALFLAG,2006,:R
dataflow,ESTAT:DS-059358(1.0),A,EU27_2020,26113034,PVALFLAG,2007,:R
dataflow,ESTAT:DS-059358(1.0),A,EU27_2020,26113034,PVALFLAG,2008,:R
dataflow,ESTAT:DS-059358(1.0),A,EU27_2020,26113034,PVALFLAG,2010,:R
dataflow,ESTAT:DS-059358(1.0),A,EU27_2020,26113034,PVALFLAG,2011,:R
dataflow,ESTAT:DS-059358(1.0),A,EU27_2020,26113034,PVALFLAG,2012,:R
dataflow,ESTAT:DS-059358(1.0),A,EU27_2020,26113034,PVALFLAG,2014,:R
dataflow,ESTAT:DS-059358(1.0),A,EU27_2020,26113034,PVALFLAG,2015,:R
dataflow,ESTAT:DS-059358(1.0),A,EU27_2020,26113034,PVALFLAG,2016,:R
dataflow,ESTAT:DS-059358(1.0),A,EU27_2020,26113034,PVALFLAG,2017,:R
dataflow,ESTAT:DS-059358(1.0),A,EU27_2020,26113034,PVALFLAG,2018,:R
dataflow,ESTAT:DS-059358(1.0),A,EU27_2020,26113034,PVALFLAG,2019,:R
dataflow,ESTAT:DS-059358(1.0),A,EU27_2020,26113034,PVALFLAG,2020,:R
dataflow,ESTAT:DS-059358(1.0),A,EU27_2020,26113034,PVALFLAG,2021,:R
dataflow,ESTAT:DS-059358(1.0),A,EU27_2020,26113034,PVALFLAG,2022,:R
dataflow,ESTAT:DS-059358(1.0),A,EU27_2020,26113034,PVALFLAG,2023,:R
dataflow,ESTAT:DS-059358(1.0),A,EU27_2020,26113034,PVALFLAG,2024,:R
dataflow,ESTAT:DS-059358(1.0),A,EU27_2020,26113034,QNTUNIT,2003,PST
dataflow,ESTAT:DS-059358(1.0),A,EU27_2020,26113034,QNTUNIT,2004,PST
dataflow,ESTAT:DS-059358(1.0),A,EU27_2020,26113034,QNTUNIT,2005,PST
dataflow,ESTAT:DS-059358(1.0),A,EU27_2020,26113034,QNTUNIT,2006,PST
dataflow,ESTAT:DS-059358(1.0),A,EU27_2020,26113034,QNTUNIT,2007,PST
dataflow,ESTAT:DS-059358(1.0),A,EU27_2020,26113034,QNTUNIT,2008,PST
dataflow,ESTAT:DS-059358(1.0),A,EU27_2020,26113034,QNTUNIT,2009,PST
dataflow,ESTAT:DS-059358(1.0),A,EU27_2020,26113034,QNTUNIT,2010,PST
dataflow,ESTAT:DS-059358(1.0),A,EU27_2020,26113034,QNTUNIT,2011,PST
dataflow,ESTAT:DS-059358(1.0),A,EU27_2020,26113034,QNTUNIT,2012,PST
dataflow,ESTAT:DS-059358(1.0),A,EU27_2020,26113034,QNTUNIT,2013,PST
dataflow,ESTAT:DS-059358(1.0),A,EU27_2020,26113034,QNTUNIT,2014,PST
dataflow,ESTAT:DS-059358(1.0),A,EU27_2020,26113034,QNTUNIT,2015,PST
dataflow,ESTAT:DS-059358(1.0),A,EU27_2020,26113034,QNTUNIT,2016,PST
dataflow,ESTAT:DS-059358(1.0),A,EU27_2020,26113034,QNTUNIT,2017,PST
dataflow,ESTAT:DS-059358(1.0),A,EU27_2020,26113034,QNTUNIT,2018,PST
dataflow,ESTAT:DS-059358(1.0),A,EU27_2020,26113034,QNTUNIT,2019,PST
dataflow,ESTAT:DS-059358(1.0),A,EU27_2020,26113034,QNTUNIT,2020,PST
dataflow,ESTAT:DS-059358(1.0),A,EU27_2020,26113034,QNTUNIT,2021,p/st
dataflow,ESTAT:DS-059358(1.0),A,EU27_2020,26113034,QNTUNIT,2022,p/st
dataflow,ESTAT:DS-059358(1.0),A,EU27_2020,26113034,QNTUNIT,2023,p/st
dataflow,ESTAT:DS-059358(1.0),A,EU27_2020,26113034,QNTUNIT,2024,p/st
dataflow,ESTAT:DS-059358(1.0),A,EU27_2020,26113034,SCPRODQNT,2021,0
dataflow,ESTAT:DS-059358(1.0),A,EU27_2020,26113034,SCPRODQNT,2022,0
dataflow,ESTAT:DS-059358(1.0),A,EU27_2020,26113034,SCPRODQNT,2023,0
dataflow,ESTAT:DS-059358(1.0),A,EU27_2020,26113034,SCPRODQNT,2024,0
dataflow,ESTAT:DS-059358(1.0),A,EU27_2020,26113034,SCPRODVAL,2021,0
dataflow,ESTAT:DS-059358(1.0),A,EU27_2020,26113034,SCPRODVAL,2022,0
dataflow,ESTAT:DS-059358(1.0),A,EU27_2020,26113034,SCPRODVAL,2023,0
dataflow,ESTAT:DS-059358(1.0),A,EU27_2020,26113034,SCPRODVAL,2024,0
dataflow,ESTAT:DS-059358(1.0),A,EU27_2020,26113054,EXPQNT,2003,6144849
dataflow,ESTAT:DS-059358(1.0),A,EU27_2020,26113054,EXPQNT,2004,10504437
dataflow,ESTAT:DS-059358(1.0),A,EU27_2020,26113054,EXPQNT,2006,9928164
dataflow,ESTAT:DS-059358(1.0),A,EU27_2020,26113054,EXPQNT,2007,56995919
dataflow,ESTAT:DS-059358(1.0),A,EU27_2020,26113054,EXPQNT,2008,7605401
dataflow,ESTAT:DS-059358(1.0),A,EU27_2020,26113054,EXPQNT,2009,5849348
dataflow,ESTAT:DS-059358(1.0),A,EU27_2020,26113054,EXPQNT,2010,10582805
dataflow,ESTAT:DS-059358(1.0),A,EU27_2020,26113054,EXPQNT,2011,6420770
dataflow,ESTAT:DS-059358(1.0),A,EU27_2020,26113054,EXPQNT,2012,8287556
dataflow,ESTAT:DS-059358(1.0),A,EU27_2020,26113054,EXPQNT,2013,4027631
dataflow,ESTAT:DS-059358(1.0),A,EU27_2020,26113054,EXPQNT,2014,3648940
dataflow,ESTAT:DS-059358(1.0),A,EU27_2020,26113054,EXPQNT,2015,507572
dataflow,ESTAT:DS-059358(1.0),A,EU27_2020,26113054,EXPQNT,2016,644978
dataflow,ESTAT:DS-059358(1.0),A,EU27_2020,26113054,EXPQNT,2017,1675890
dataflow,ESTAT:DS-059358(1.0),A,EU27_2020,26113054,EXPQNT,2018,1422524
dataflow,ESTAT:DS-059358(1.0),A,EU27_2020,26113054,EXPQNT,2019,1037407
dataflow,ESTAT:DS-059358(1.0),A,EU27_2020,26113054,EXPQNT,2020,405294
dataflow,ESTAT:DS-059358(1.0),A,EU27_2020,26113054,EXPQNT,2021,416607
dataflow,ESTAT:DS-059358(1.0),A,EU27_2020,26113054,EXPQNT,2022,881956
dataflow,ESTAT:DS-059358(1.0),A,EU27_2020,26113054,EXPQNT,2023,1115760
dataflow,ESTAT:DS-059358(1.0),A,EU27_2020,26113054,EXPQNT,2024,386032
dataflow,ESTAT:DS-059358(1.0),A,EU27_2020,26113054,EXPVAL,2003,22609640
dataflow,ESTAT:DS-059358(1.0),A,EU27_2020,26113054,EXPVAL,2004,20293360
dataflow,ESTAT:DS-059358(1.0),A,EU27_2020,26113054,EXPVAL,2006,19830100
dataflow,ESTAT:DS-059358(1.0),A,EU27_2020,26113054,EXPVAL,2007,17626960
dataflow,ESTAT:DS-059358(1.0),A,EU27_2020,26113054,EXPVAL,2008,9103640
dataflow,ESTAT:DS-059358(1.0),A,EU27_2020,26113054,EXPVAL,2009,6507220
dataflow,ESTAT:DS-059358(1.0),A,EU27_2020,26113054,EXPVAL,2010,11450640
dataflow,ESTAT:DS-059358(1.0),A,EU27_2020,26113054,EXPVAL,2011,11612260
dataflow,ESTAT:DS-059358(1.0),A,EU27_2020,26113054,EXPVAL,2012,8050850
dataflow,ESTAT:DS-059358(1.0),A,EU27_2020,26113054,EXPVAL,2013,5404120
dataflow,ESTAT:DS-059358(1.0),A,EU27_2020,26113054,EXPVAL,2014,5151840
dataflow,ESTAT:DS-059358(1.0),A,EU27_2020,26113054,EXPVAL,2015,4042780
dataflow,ESTAT:DS-059358(1.0),A,EU27_2020,26113054,EXPVAL,2016,3612970
dataflow,ESTAT:DS-059358(1.0),A,EU27_2020,26113054,EXPVAL,2017,4444830
dataflow,ESTAT:DS-059358(1.0),A,EU27_2020,26113054,EXPVAL,2018,5047411
dataflow,ESTAT:DS-059358(1.0),A,EU27_2020,26113054,EXPVAL,2019,3808914
dataflow,ESTAT:DS-059358(1.0),A,EU27_2020,26113054,EXPVAL,2020,3112505
dataflow,ESTAT:DS-059358(1.0),A,EU27_2020,26113054,EXPVAL,2021,2408408
dataflow,ESTAT:DS-059358(1.0),A,EU27_2020,26113054,EXPVAL,2022,4272470
dataflow,ESTAT:DS-059358(1.0),A,EU27_2020,26113054,EXPVAL,2023,2843273
dataflow,ESTAT:DS-059358(1.0),A,EU27_2020,26113054,EXPVAL,2024,3348867
dataflow,ESTAT:DS-059358(1.0),A,EU27_2020,26113054,IMPQNT,2003,52128898
dataflow,ESTAT:DS-059358(1.0),A,EU27_2020,26113054,IMPQNT,2004,51582753
dataflow,ESTAT:DS-059358(1.0),A,EU27_2020,26113054,IMPQNT,2006,53669995
dataflow,ESTAT:DS-059358(1.0),A,EU27_2020,26113054,IMPQNT,2007,23189135
dataflow,ESTAT:DS-059358(1.0),A,EU27_2020,26113054,IMPQNT,2008,18786135
dataflow,ESTAT:DS-059358(1.0),A,EU27_2020,26113054,IMPQNT,2009,14929988
dataflow,ESTAT:DS-059358(1.0),A,EU27_2020,26113054,IMPQNT,2010,17607237
dataflow,ESTAT:DS-059358(1.0),A,EU27_2020,26113054,IMPQNT,2011,17891887
dataflow,ESTAT:DS-059358(1.0),A,EU27_2020,26113054,IMPQNT,2012,10629965
dataflow,ESTAT:DS-059358(1.0),A,EU27_2020,26113054,IMPQNT,2013,6020546
dataflow,ESTAT:DS-059358(1.0),A,EU27_2020,26113054,IMPQNT,2014,5682438
dataflow,ESTAT:DS-059358(1.0),A,EU27_2020,26113054,IMPQNT,2015,5506157
dataflow,ESTAT:DS-059358(1.0),A,EU27_2020,26113054,IMPQNT,2016,12815010
dataflow,ESTAT:DS-059358(1.0),A,EU27_2020,26113054,IMPQNT,2017,12598436
dataflow,ESTAT:DS-059358(1.0),A,EU27_2020,26113054,IMPQNT,2018,20534936
dataflow,ESTAT:DS-059358(1.0),A,EU27_2020,26113054,IMPQNT,2019,16519394
dataflow,ESTAT:DS-059358(1.0),A,EU27_2020,26113054,IMPQNT,2020,11431277
dataflow,ESTAT:DS-059358(1.0),A,EU27_2020,26113054,IMPQNT,2021,9470901
dataflow,ESTAT:DS-059358(1.0),A,EU27_2020,26113054,IMPQNT,2022,4040742
dataflow,ESTAT:DS-059358(1.0),A,EU27_2020,26113054,IMPQNT,2023,4068197
dataflow,ESTAT:DS-059358(1.0),A,EU27_2020,26113054,IMPQNT,2024,1384738
dataflow,ESTAT:DS-059358(1.0),A,EU27_2020,26113054,IMPVAL,2003,56773610
dataflow,ESTAT:DS-059358(1.0),A,EU27_2020,26113054,IMPVAL,2004,64803600
dataflow,ESTAT:DS-059358(1.0),A,EU27_2020,26113054,IMPVAL,2006,47017420
dataflow,ESTAT:DS-059358(1.0),A,EU27_2020,26113054,IMPVAL,2007,27791870
dataflow,ESTAT:DS-059358(1.0),A,EU27_2020,26113054,IMPVAL,2008,19624310
dataflow,ESTAT:DS-059358(1.0),A,EU27_2020,26113054,IMPVAL,2009,20293450
dataflow,ESTAT:DS-059358(1.0),A,EU27_2020,26113054,IMPVAL,2010,17430570
dataflow,ESTAT:DS-059358(1.0),A,EU27_2020,26113054,IMPVAL,2011,16174260
dataflow,ESTAT:DS-059358(1.0),A,EU27_2020,26113054,IMPVAL,2012,12798900
dataflow,ESTAT:DS-059358(1.0),A,EU27_2020,26113054,IMPVAL,2013,8735090
dataflow,ESTAT:DS-059358(1.0),A,EU27_2020,26113054,IMPVAL,2014,8794420
dataflow,ESTAT:DS-059358(1.0),A,EU27_2020,26113054,IMPVAL,2015,11203680
dataflow,ESTAT:DS-059358(1.0),A,EU27_2020,26113054,IMPVAL,2016,17406120
dataflow,ESTAT:DS-059358(1.0),A,EU27_2020,26113054,IMPVAL,2017,14903050
dataflow,ESTAT:DS-059358(1.0),A,EU27_2020,26113054,IMPVAL,2018,11762911
dataflow,ESTAT:DS-059358(1.0),A,EU27_2020,26113054,IMPVAL,2019,12204470
dataflow,ESTAT:DS-059358(1.0),A,EU27_2020,26113054,IMPVAL,2020,9700311
dataflow,ESTAT:DS-059358(1.0),A,EU27_2020,26113054,IMPVAL,2021,9317896
dataflow,ESTAT:DS-059358(1.0),A,EU27_2020,26113054,IMPVAL,2022,8617496
dataflow,ESTAT:DS-059358(1.0),A,EU27_2020,26113054,IMPVAL,2023,7349009
dataflow,ESTAT:DS-059358(1.0),A,EU27_2020,26113054,IMPVAL,2024,4752256
dataflow,ESTAT:DS-059358(1.0),A,EU27_2020,26113054,OWNPRODQNT,2021,2100000
dataflow,ESTAT:DS-059358(1.0),A,EU27_2020,26113054,OWNPRODQNT,2022,1000000
dataflow,ESTAT:DS-059358(1.0),A,EU27_2020,26113054,OWNPRODQNT,2023,1200000
dataflow,ESTAT:DS-059358(1.0),A,EU27_2020,26113054,OWNPRODQNT,2024,1000000
dataflow,ESTAT:DS-059358(1.0),A,EU27_2020,26113054,OWNPRODVAL,2021,25000000
dataflow,ESTAT:DS-059358(1.0),A,EU27_2020,26113054,OWNPRODVAL,2022,36300000
dataflow,ESTAT:DS-059358(1.0),A,EU27_2020,26113054,OWNPRODVAL,2023,37400000
dataflow,ESTAT:DS-059358(1.0),A,EU27_2020,26113054,OWNPRODVAL,2024,44908040
dataflow,ESTAT:DS-059358(1.0),A,EU27_2020,26113054,OWNQNTBASE,2021,700000
dataflow,ESTAT:DS-059358(1.0),A,EU27_2020,26113054,OWNQNTBASE,2022,500000
dataflow,ESTAT:DS-059358(1.0),A,EU27_2020,26113054,OWNQNTBASE,2023,200000
dataflow,ESTAT:DS-059358(1.0),A,EU27_2020,26113054,OWNQNTBASE,2024,500000
dataflow,ESTAT:DS-059358(1.0),A,EU27_2020,26113054,OWNQNTFLAG,2021,:R
dataflow,ESTAT:DS-059358(1.0),A,EU27_2020,26113054,OWNQNTFLAG,2022,:R
dataflow,ESTAT:DS-059358(1.0),A,EU27_2020,26113054,OWNQNTFLAG,2023,:R
dataflow,ESTAT:DS-059358(1.0),A,EU27_2020,26113054,OWNQNTFLAG,2024,:R
dataflow,ESTAT:DS-059358(1.0),A,EU27_2020,26113054,OWNVALBASE,2021,5000000
dataflow,ESTAT:DS-059358(1.0),A,EU27_2020,26113054,OWNVALFLAG,2021,:R
dataflow,ESTAT:DS-059358(1.0),A,EU27_2020,26113054,PQNTBASE,2004,500
dataflow,ESTAT:DS-059358(1.0),A,EU27_2020,26113054,PQNTBASE,2005,4000000
dataflow,ESTAT:DS-059358(1.0),A,EU27_2020,26113054,PQNTBASE,2007,70000
dataflow,ESTAT:DS-059358(1.0),A,EU27_2020,26113054,PQNTBASE,2008,300000
dataflow,ESTAT:DS-059358(1.0),A,EU27_2020,26113054,PQNTBASE,2009,3000
dataflow,ESTAT:DS-059358(1.0),A,EU27_2020,26113054,PQNTBASE,2010,90000
dataflow,ESTAT:DS-059358(1.0),A,EU27_2020,26113054,PQNTBASE,2011,50000
dataflow,ESTAT:DS-059358(1.0),A,EU27_2020,26113054,PQNTBASE,2012,2000000
dataflow,ESTAT:DS-059358(1.0),A,EU27_2020,26113054,PQNTBASE,2013,900
dataflow,ESTAT:DS-059358(1.0),A,EU27_2020,26113054,PQNTBASE,2014,1000000
dataflow,ESTAT:DS-059358(1.0),A,EU27_2020,26113054,PQNTBASE,2015,400
dataflow,ESTAT:DS-059358(1.0),A,EU27_2020,26113054,PQNTBASE,2016,2000000
dataflow,ESTAT:DS-059358(1.0),A,EU27_2020,26113054,PQNTBASE,2017,600000
dataflow,ESTAT:DS-059358(1.0),A,EU27_2020,26113054,PQNTBASE,2018,600000
dataflow,ESTAT:DS-059358(1.0),A,EU27_2020,26113054,PQNTBASE,2021,700000
dataflow,ESTAT:DS-059358(1.0),A,EU27_2020,26113054,PQNTBASE,2022,500000
dataflow,ESTAT:DS-059358(1.0),A,EU27_2020,26113054,PQNTBASE,2023,700000
dataflow,ESTAT:DS-059358(1.0),A,EU27_2020,26113054,PQNTBASE,2024,500000
dataflow,ESTAT:DS-059358(1.0),A,EU27_2020,26113054,PQNTFLAG,2003,:E
dataflow,ESTAT:DS-059358(1.0),A,EU27_2020,26113054,PQNTFLAG,2004,:R
dataflow,ESTAT:DS-059358(1.0),A,EU27_2020,26113054,PQNTFLAG,2005,:R
dataflow,ESTAT:DS-059358(1.0),A,EU27_2020,26113054,PQNTFLAG,2006,:E
dataflow,ESTAT:DS-059358(1.0),A,EU27_2020,26113054,PQNTFLAG,2007,:R
dataflow,ESTAT:DS-059358(1.0),A,EU27_2020,26113054,PQNTFLAG,2008,:R
dataflow,ESTAT:DS-059358(1.0),A,EU27_2020,26113054,PQNTFLAG,2009,:R
dataflow,ESTAT:DS-059358(1.0),A,EU27_2020,26113054,PQNTFLAG,2010,:R
dataflow,ESTAT:DS-059358(1.0),A,EU27_2020,26113054,PQNTFLAG,2011,:R
dataflow,ESTAT:DS-059358(1.0),A,EU27_2020,26113054,PQNTFLAG,2012,:R
dataflow,ESTAT:DS-059358(1.0),A,EU27_2020,26113054,PQNTFLAG,2013,:R
dataflow,ESTAT:DS-059358(1.0),A,EU27_2020,26113054,PQNTFLAG,2014,:R
dataflow,ESTAT:DS-059358(1.0),A,EU27_2020,26113054,PQNTFLAG,2015,:R
dataflow,ESTAT:DS-059358(1.0),A,EU27_2020,26113054,PQNTFLAG,2016,:R
dataflow,ESTAT:DS-059358(1.0),A,EU27_2020,26113054,PQNTFLAG,2017,:R
dataflow,ESTAT:DS-059358(1.0),A,EU27_2020,26113054,PQNTFLAG,2018,:R
dataflow,ESTAT:DS-059358(1.0),A,EU27_2020,26113054,PQNTFLAG,2019,:E
dataflow,ESTAT:DS-059358(1.0),A,EU27_2020,26113054,PQNTFLAG,2021,:R
dataflow,ESTAT:DS-059358(1.0),A,EU27_2020,26113054,PQNTFLAG,2022,:R
dataflow,ESTAT:DS-059358(1.0),A,EU27_2020,26113054,PQNTFLAG,2023,:R
dataflow,ESTAT:DS-059358(1.0),A,EU27_2020,26113054,PQNTFLAG,2024,:R
dataflow,ESTAT:DS-059358(1.0),A,EU27_2020,26113054,PRODQNT,2003,59839539
dataflow,ESTAT:DS-059358(1.0),A,EU27_2020,26113054,PRODQNT,2004,43457000
dataflow,ESTAT:DS-059358(1.0),A,EU27_2020,26113054,PRODQNT,2005,8000000
dataflow,ESTAT:DS-059358(1.0),A,EU27_2020,26113054,PRODQNT,2006,5678725
dataflow,ESTAT:DS-059358(1.0),A,EU27_2020,26113054,PRODQNT,2007,280000
dataflow,ESTAT:DS-059358(1.0),A,EU27_2020,26113054,PRODQNT,2008,4200000
dataflow,ESTAT:DS-059358(1.0),A,EU27_2020,26113054,PRODQNT,2009,3750253
dataflow,ESTAT:DS-059358(1.0),A,EU27_2020,26113054,PRODQNT,2010,6030000
dataflow,ESTAT:DS-059358(1.0),A,EU27_2020,26113054,PRODQNT,2011,6950000
dataflow,ESTAT:DS-059358(1.0),A,EU27_2020,26113054,PRODQNT,2012,2000000
dataflow,ESTAT:DS-059358(1.0),A,EU27_2020,26113054,PRODQNT,2013,4509900
dataflow,ESTAT:DS-059358(1.0),A,EU27_2020,26113054,PRODQNT,2014,4000000
dataflow,ESTAT:DS-059358(1.0),A,EU27_2020,26113054,PRODQNT,2015,4386800
dataflow,ESTAT:DS-059358(1.0),A,EU27_2020,26113054,PRODQNT,2016,4000000
dataflow,ESTAT:DS-059358(1.0),A,EU27_2020,26113054,PRODQNT,2017,4200000
dataflow,ESTAT:DS-059358(1.0),A,EU27_2020,26113054,PRODQNT,2018,1200000
dataflow,ESTAT:DS-059358(1.0),A,EU27_2020,26113054,PRODQNT,2019,1811217
dataflow,ESTAT:DS-059358(1.0),A,EU27_2020,26113054,PRODQNT,2020,1415469
dataflow,ESTAT:DS-059358(1.0),A,EU27_2020,26113054,PRODQNT,2021,1400000
dataflow,ESTAT:DS-059358(1.0),A,EU27_2020,26113054,PRODQNT,2022,1000000
dataflow,ESTAT:DS-059358(1.0),A,EU27_2020,26113054,PRODQNT,2023,1400000
dataflow,ESTAT:DS-059358(1.0),A,EU27_2020,26113054,PRODQNT,2024,1500000
dataflow,ESTAT:DS-059358(1.0),A,EU27_2020,26113054,PRODVAL,2003,93600000
dataflow,ESTAT:DS-059358(1.0),A,EU27_2020,26113054,PRODVAL,2004,72065063
dataflow,ESTAT:DS-059358(1.0),A,EU27_2020,26113054,PRODVAL,2005,20000000
dataflow,ESTAT:DS-059358(1.0),A,EU27_2020,26113054,PRODVAL,2006,17439965
dataflow,ESTAT:DS-059358(1.0),A,EU27_2020,26113054,PRODVAL,2007,2000000
dataflow,ESTAT:DS-059358(1.0),A,EU27_2020,26113054,PRODVAL,2008,21987721
dataflow,ESTAT:DS-059358(1.0),A,EU27_2020,26113054,PRODVAL,2009,21000000
dataflow,ESTAT:DS-059358(1.0),A,EU27_2020,26113054,PRODVAL,2010,40000000
dataflow,ESTAT:DS-059358(1.0),A,EU27_2020,26113054,PRODVAL,2011,44000000
dataflow,ESTAT:DS-059358(1.0),A,EU27_2020,26113054,PRODVAL,2012,38480868
dataflow,ESTAT:DS-059358(1.0),A,EU27_2020,26113054,PRODVAL,2013,45000000
dataflow,ESTAT:DS-059358(1.0),A,EU27_2020,26113054,PRODVAL,2014,41303830
dataflow,ESTAT:DS-059358(1.0),A,EU27_2020,26113054,PRODVAL,2015,36000000
dataflow,ESTAT:DS-059358(1.0),A,EU27_2020,26113054,PRODVAL,2016,30390266
dataflow,ESTAT:DS-059358(1.0),A,EU27_2020,26113054,PRODVAL,2017,45000000
dataflow,ESTAT:DS-059358(1.0),A,EU27_2020,26113054,PRODVAL,2018,20000000
dataflow,ESTAT:DS-059358(1.0),A,EU27_2020,26113054,PRODVAL,2019,28673417
dataflow,ESTAT:DS-059358(1.0),A,EU27_2020,26113054,PRODVAL,2020,26851305
dataflow,ESTAT:DS-059358(1.0),A,EU27_2020,26113054,PRODVAL,2021,24000000
dataflow,ESTAT:DS-059358(1.0),A,EU27_2020,26113054,PRODVAL,2022,36300000
dataflow,ESTAT:DS-059358(1.0),A,EU27_2020,26113054,PRODVAL,2023,37400000
dataflow,ESTAT:DS-059358(1.0),A,EU27_2020,26113054,PRODVAL,2024,44908040
dataflow,ESTAT:DS-059358(1.0),A,EU27_2020,26113054,PVALBASE,2003,200000
dataflow,ESTAT:DS-059358(1.0),A,EU27_2020,26113054,PVALBASE,2005,20000000
dataflow,ESTAT:DS-059358(1.0),A,EU27_2020,26113054,PVALBASE,2007,2000000
dataflow,ESTAT:DS-059358(1.0),A,EU27_2020,26113054,PVALBASE,2008,30000
dataflow,ESTAT:DS-059358(1.0),A,EU27_2020,26113054,PVALBASE,2009,3000000
dataflow,ESTAT:DS-059358(1.0),A,EU27_2020,26113054,PVALBASE,2010,5000000
dataflow,ESTAT:DS-059358(1.0),A,EU27_2020,26113054,PVALBASE,2011,4000000
dataflow,ESTAT:DS-059358(1.0),A,EU27_2020,26113054,PVALBASE,2013,3000000
dataflow,ESTAT:DS-059358(1.0),A,EU27_2020,26113054,PVALBASE,2015,9000000
dataflow,ESTAT:DS-059358(1.0),A,EU27_2020,26113054,PVALBASE,2017,9000000
dataflow,ESTAT:DS-059358(1.0),A,EU27_2020,26113054,PVALBASE,2018,20000000
dataflow,ESTAT:DS-059358(1.0),A,EU27_2020,26113054,PVALBASE,2021,8000000
dataflow,ESTAT:DS-059358(1.0),A,EU27_2020,26113054,PVALFLAG,2003,:R
dataflow,ESTAT:DS-059358(1.0),A,EU27_2020,26113054,PVALFLAG,2005,:R
dataflow,ESTAT:DS-059358(1.0),A,EU27_2020,26113054,PVALFLAG,2007,:R
dataflow,ESTAT:DS-059358(1.0),A,EU27_2020,26113054,PVALFLAG,2008,:R
dataflow,ESTAT:DS-059358(1.0),A,EU27_2020,26113054,PVALFLAG,2009,:R
dataflow,ESTAT:DS-059358(1.0),A,EU27_2020,26113054,PVALFLAG,2010,:R
dataflow,ESTAT:DS-059358(1.0),A,EU27_2020,26113054,PVALFLAG,2011,:R
dataflow,ESTAT:DS-059358(1.0),A,EU27_2020,26113054,PVALFLAG,2013,:R
dataflow,ESTAT:DS-059358(1.0),A,EU27_2020,26113054,PVALFLAG,2015,:R
dataflow,ESTAT:DS-059358(1.0),A,EU27_2020,26113054,PVALFLAG,2017,:R
dataflow,ESTAT:DS-059358(1.0),A,EU27_2020,26113054,PVALFLAG,2018,:R
dataflow,ESTAT:DS-059358(1.0),A,EU27_2020,26113054,PVALFLAG,2019,:E
dataflow,ESTAT:DS-059358(1.0),A,EU27_2020,26113054,PVALFLAG,2021,:R
dataflow,ESTAT:DS-059358(1.0),A,EU27_2020,26113054,QNTUNIT,2003,PST
dataflow,ESTAT:DS-059358(1.0),A,EU27_2020,26113054,QNTUNIT,2004,PST
dataflow,ESTAT:DS-059358(1.0),A,EU27_2020,26113054,QNTUNIT,2005,PST
dataflow,ESTAT:DS-059358(1.0),A,EU27_2020,26113054,QNTUNIT,2006,PST
dataflow,ESTAT:DS-059358(1.0),A,EU27_2020,26113054,QNTUNIT,2007,PST
dataflow,ESTAT:DS-059358(1.0),A,EU27_2020,26113054,QNTUNIT,2008,PST
dataflow,ESTAT:DS-059358(1.0),A,EU27_2020,26113054,QNTUNIT,2009,PST
dataflow,ESTAT:DS-059358(1.0),A,EU27_2020,26113054,QNTUNIT,2010,PST
dataflow,ESTAT:DS-059358(1.0),A,EU27_2020,26113054,QNTUNIT,2011,PST
dataflow,ESTAT:DS-059358(1.0),A,EU27_2020,26113054,QNTUNIT,2012,PST
dataflow,ESTAT:DS-059358(1.0),A,EU27_2020,26113054,QNTUNIT,2013,PST
dataflow,ESTAT:DS-059358(1.0),A,EU27_2020,26113054,QNTUNIT,2014,PST
dataflow,ESTAT:DS-059358(1.0),A,EU27_2020,26113054,QNTUNIT,2015,PST
dataflow,ESTAT:DS-059358(1.0),A,EU27_2020,26113054,QNTUNIT,2016,PST
dataflow,ESTAT:DS-059358(1.0),A,EU27_2020,26113054,QNTUNIT,2017,PST
dataflow,ESTAT:DS-059358(1.0),A,EU27_2020,26113054,QNTUNIT,2018,PST
dataflow,ESTAT:DS-059358(1.0),A,EU27_2020,26113054,QNTUNIT,2019,PST
dataflow,ESTAT:DS-059358(1.0),A,EU27_2020,26113054,QNTUNIT,2020,PST
dataflow,ESTAT:DS-059358(1.0),A,EU27_2020,26113054,QNTUNIT,2021,p/st
dataflow,ESTAT:DS-059358(1.0),A,EU27_2020,26113054,QNTUNIT,2022,p/st
dataflow,ESTAT:DS-059358(1.0),A,EU27_2020,26113054,QNTUNIT,2023,p/st
dataflow,ESTAT:DS-059358(1.0),A,EU27_2020,26113054,QNTUNIT,2024,p/st
dataflow,ESTAT:DS-059358(1.0),A,EU27_2020,26113054,SCPRODQNT,2021,0
dataflow,ESTAT:DS-059358(1.0),A,EU27_2020,26113054,SCPRODQNT,2022,0
dataflow,ESTAT:DS-059358(1.0),A,EU27_2020,26113054,SCPRODQNT,2023,0
dataflow,ESTAT:DS-059358(1.0),A,EU27_2020,26113054,SCPRODQNT,2024,0
dataflow,ESTAT:DS-059358(1.0),A,EU27_2020,26113054,SCPRODVAL,2021,0
dataflow,ESTAT:DS-059358(1.0),A,EU27_2020,26113054,SCPRODVAL,2022,0
dataflow,ESTAT:DS-059358(1.0),A,EU27_2020,26113054,SCPRODVAL,2023,0
dataflow,ESTAT:DS-059358(1.0),A,EU27_2020,26113054,SCPRODVAL,2024,0
dataflow,ESTAT:DS-059358(1.0),A,EU27_2020,26113065,EXPQNT,2003,389380566
dataflow,ESTAT:DS-059358(1.0),A,EU27_2020,26113065,EXPQNT,2004,696848259
dataflow,ESTAT:DS-059358(1.0),A,EU27_2020,26113065,EXPQNT,2006,318111638
dataflow,ESTAT:DS-059358(1.0),A,EU27_2020,26113065,EXPQNT,2007,766995687
dataflow,ESTAT:DS-059358(1.0),A,EU27_2020,26113065,EXPQNT,2008,545690678
dataflow,ESTAT:DS-059358(1.0),A,EU27_2020,26113065,EXPQNT,2009,544775197
dataflow,ESTAT:DS-059358(1.0),A,EU27_2020,26113065,EXPQNT,2010,316769805
dataflow,ESTAT:DS-059358(1.0),A,EU27_2020,26113065,EXPQNT,2011,611061974
dataflow,ESTAT:DS-059358(1.0),A,EU27_2020,26113065,EXPQNT,2012,557925661
dataflow,ESTAT:DS-059358(1.0),A,EU27_2020,26113065,EXPQNT,2013,481655792
dataflow,ESTAT:DS-059358(1.0),A,EU27_2020,26113065,EXPQNT,2014,513266185
dataflow,ESTAT:DS-059358(1.0),A,EU27_2020,26113065,EXPQNT,2015,481860312
dataflow,ESTAT:DS-059358(1.0),A,EU27_2020,26113065,EXPQNT,2016,405025386
dataflow,ESTAT:DS-059358(1.0),A,EU27_2020,26113065,EXPQNT,2017,422648281
dataflow,ESTAT:DS-059358(1.0),A,EU27_2020,26113065,EXPQNT,2018,510138459
dataflow,ESTAT:DS-059358(1.0),A,EU27_2020,26113065,EXPQNT,2019,414584486
dataflow,ESTAT:DS-059358(1.0),A,EU27_2020,26113065,EXPQNT,2020,417607958
dataflow,ESTAT:DS-059358(1.0),A,EU27_2020,26113065,EXPQNT,2021,391783471
dataflow,ESTAT:DS-059358(1.0),A,EU27_2020,26113065,EXPQNT,2022,517521314
dataflow,ESTAT:DS-059358(1.0),A,EU27_2020,26113065,EXPQNT,2023,377151572
dataflow,ESTAT:DS-059358(1.0),A,EU27_2020,26113065,EXPQNT,2024,819093938
dataflow,ESTAT:DS-059358(1.0),A,EU27_2020,26113065,EXPVAL,2003,334742850
dataflow,ESTAT:DS-059358(1.0),A,EU27_2020,26113065,EXPVAL,2004,579584220
dataflow,ESTAT:DS-059358(1.0),A,EU27_2020,26113065,EXPVAL,2006,548556560
dataflow,ESTAT:DS-059358(1.0),A,EU27_2020,26113065,EXPVAL,2007,673352500
dataflow,ESTAT:DS-059358(1.0),A,EU27_2020,26113065,EXPVAL,2008,600451510
dataflow,ESTAT:DS-059358(1.0),A,EU27_2020,26113065,EXPVAL,2009,338707910
dataflow,ESTAT:DS-059358(1.0),A,EU27_2020,26113065,EXPVAL,2010,290619040
dataflow,ESTAT:DS-059358(1.0),A,EU27_2020,26113065,EXPVAL,2011,210526410
dataflow,ESTAT:DS-059358(1.0),A,EU27_2020,26113065,EXPVAL,2012,180415420
dataflow,ESTAT:DS-059358(1.0),A,EU27_2020,26113065,EXPVAL,2013,179340590
dataflow,ESTAT:DS-059358(1.0),A,EU27_2020,26113065,EXPVAL,2014,173945550
dataflow,ESTAT:DS-059358(1.0),A,EU27_2020,26113065,EXPVAL,2015,183932060
dataflow,ESTAT:DS-059358(1.0),A,EU27_2020,26113065,EXPVAL,2016,201247510
dataflow,ESTAT:DS-059358(1.0),A,EU27_2020,26113065,EXPVAL,2017,229001630
dataflow,ESTAT:DS-059358(1.0),A,EU27_2020,26113065,EXPVAL,2018,249378136
dataflow,ESTAT:DS-059358(1.0),A,EU27_2020,26113065,EXPVAL,2019,227194868
dataflow,ESTAT:DS-059358(1.0),A,EU27_2020,26113065,EXPVAL,2020,181414705
dataflow,ESTAT:DS-059358(1.0),A,EU27_2020,26113065,EXPVAL,2021,239406599
dataflow,ESTAT:DS-059358(1.0),A,EU27_2020,26113065,EXPVAL,2022,321352487
dataflow,ESTAT:DS-059358(1.0),A,EU27_2020,26113065,EXPVAL,2023,281983818
dataflow,ESTAT:DS-059358(1.0),A,EU27_2020,26113065,EXPVAL,2024,245731813
dataflow,ESTAT:DS-059358(1.0),A,EU27_2020,26113065,IMPQNT,2003,744592542
dataflow,ESTAT:DS-059358(1.0),A,EU27_2020,26113065,IMPQNT,2004,926462157
dataflow,ESTAT:DS-059358(1.0),A,EU27_2020,26113065,IMPQNT,2006,1018044214
dataflow,ESTAT:DS-059358(1.0),A,EU27_2020,26113065,IMPQNT,2007,1098052637
dataflow,ESTAT:DS-059358(1.0),A,EU27_2020,26113065,IMPQNT,2008,604295828
dataflow,ESTAT:DS-059358(1.0),A,EU27_2020,26113065,IMPQNT,2009,792274411
dataflow,ESTAT:DS-059358(1.0),A,EU27_2020,26113065,IMPQNT,2010,1070952953
dataflow,ESTAT:DS-059358(1.0),A,EU27_2020,26113065,IMPQNT,2011,1076705462
dataflow,ESTAT:DS-059358(1.0),A,EU27_2020,26113065,IMPQNT,2012,954021099
dataflow,ESTAT:DS-059358(1.0),A,EU27_2020,26113065,IMPQNT,2013,908738865
dataflow,ESTAT:DS-059358(1.0),A,EU27_2020,26113065,IMPQNT,2014,990851484
dataflow,ESTAT:DS-059358(1.0),A,EU27_2020,26113065,IMPQNT,2015,1036223439
dataflow,ESTAT:DS-059358(1.0),A,EU27_2020,26113065,IMPQNT,2016,1142923396
dataflow,ESTAT:DS-059358(1.0),A,EU27_2020,26113065,IMPQNT,2017,1295717364
dataflow,ESTAT:DS-059358(1.0),A,EU27_2020,26113065,IMPQNT,2018,1372589640
dataflow,ESTAT:DS-059358(1.0),A,EU27_2020,26113065,IMPQNT,2019,1075518322
dataflow,ESTAT:DS-059358(1.0),A,EU27_2020,26113065,IMPQNT,2020,1428920191
dataflow,ESTAT:DS-059358(1.0),A,EU27_2020,26113065,IMPQNT,2021,2005822903
dataflow,ESTAT:DS-059358(1.0),A,EU27_2020,26113065,IMPQNT,2022,2645954105
dataflow,ESTAT:DS-059358(1.0),A,EU27_2020,26113065,IMPQNT,2023,2996129197
dataflow,ESTAT:DS-059358(1.0),A,EU27_2020,26113065,IMPQNT,2024,1778204452
dataflow,ESTAT:DS-059358(1.0),A,EU27_2020,26113065,IMPVAL,2003,1328371210
dataflow,ESTAT:DS-059358(1.0),A,EU27_2020,26113065,IMPVAL,2004,1590385360
dataflow,ESTAT:DS-059358(1.0),A,EU27_2020,26113065,IMPVAL,2006,1548503630
dataflow,ESTAT:DS-059358(1.0),A,EU27_2020,26113065,IMPVAL,2007,1245794870
dataflow,ESTAT:DS-059358(1.0),A,EU27_2020,26113065,IMPVAL,2008,871703160
dataflow,ESTAT:DS-059358(1.0),A,EU27_2020,26113065,IMPVAL,2009,655604330
dataflow,ESTAT:DS-059358(1.0),A,EU27_2020,26113065,IMPVAL,2010,654115330
dataflow,ESTAT:DS-059358(1.0),A,EU27_2020,26113065,IMPVAL,2011,502351400
dataflow,ESTAT:DS-059358(1.0),A,EU27_2020,26113065,IMPVAL,2012,421563170
dataflow,ESTAT:DS-059358(1.0),A,EU27_2020,26113065,IMPVAL,2013,417124350
dataflow,ESTAT:DS-059358(1.0),A,EU27_2020,26113065,IMPVAL,2014,439685640
dataflow,ESTAT:DS-059358(1.0),A,EU27_2020,26113065,IMPVAL,2015,510863610
dataflow,ESTAT:DS-059358(1.0),A,EU27_2020,26113065,IMPVAL,2016,548444850
dataflow,ESTAT:DS-059358(1.0),A,EU27_2020,26113065,IMPVAL,2017,867608750
dataflow,ESTAT:DS-059358(1.0),A,EU27_2020,26113065,IMPVAL,2018,805121889
dataflow,ESTAT:DS-059358(1.0),A,EU27_2020,26113065,IMPVAL,2019,579475040
dataflow,ESTAT:DS-059358(1.0),A,EU27_2020,26113065,IMPVAL,2020,552794770
dataflow,ESTAT:DS-059358(1.0),A,EU27_2020,26113065,IMPVAL,2021,688787132
dataflow,ESTAT:DS-059358(1.0),A,EU27_2020,26113065,IMPVAL,2022,865092809
dataflow,ESTAT:DS-059358(1.0),A,EU27_2020,26113065,IMPVAL,2023,624347623
dataflow,ESTAT:DS-059358(1.0),A,EU27_2020,26113065,IMPVAL,2024,501406658
dataflow,ESTAT:DS-059358(1.0),A,EU27_2020,26113065,OWNPRODQNT,2022,100000000
dataflow,ESTAT:DS-059358(1.0),A,EU27_2020,26113065,OWNPRODQNT,2023,200000000
dataflow,ESTAT:DS-059358(1.0),A,EU27_2020,26113065,OWNPRODQNT,2024,120000000
dataflow,ESTAT:DS-059358(1.0),A,EU27_2020,26113065,OWNPRODVAL,2022,155498202
dataflow,ESTAT:DS-059358(1.0),A,EU27_2020,26113065,OWNPRODVAL,2023,149356796
dataflow,ESTAT:DS-059358(1.0),A,EU27_2020,26113065,OWNPRODVAL,2024,134635529
dataflow,ESTAT:DS-059358(1.0),A,EU27_2020,26113065,OWNQNTBASE,2022,50000000
dataflow,ESTAT:DS-059358(1.0),A,EU27_2020,26113065,OWNQNTBASE,2023,200000000
dataflow,ESTAT:DS-059358(1.0),A,EU27_2020,26113065,OWNQNTBASE,2024,30000000
dataflow,ESTAT:DS-059358(1.0),A,EU27_2020,26113065,OWNQNTFLAG,2021,:U
dataflow,ESTAT:DS-059358(1.0),A,EU27_2020,26113065,OWNQNTFLAG,2022,:R
dataflow,ESTAT:DS-059358(1.0),A,EU27_2020,26113065,OWNQNTFLAG,2023,:R
dataflow,ESTAT:DS-059358(1.0),A,EU27_2020,26113065,OWNQNTFLAG,2024,:R
dataflow,ESTAT:DS-059358(1.0),A,EU27_2020,26113065,OWNVALFLAG,2021,:U
dataflow,ESTAT:DS-059358(1.0),A,EU27_2020,26113065,OWNVALFLAG,2022,:E
dataflow,ESTAT:DS-059358(1.0),A,EU27_2020,26113065,PQNTBASE,2005,500000000
dataflow,ESTAT:DS-059358(1.0),A,EU27_2020,26113065,PQNTBASE,2008,80000
dataflow,ESTAT:DS-059358(1.0),A,EU27_2020,26113065,PQNTBASE,2009,60000000
dataflow,ESTAT:DS-059358(1.0),A,EU27_2020,26113065,PQNTBASE,2010,200000000
dataflow,ESTAT:DS-059358(1.0),A,EU27_2020,26113065,PQNTBASE,2011,500000000
dataflow,ESTAT:DS-059358(1.0),A,EU27_2020,26113065,PQNTBASE,2015,400000000
dataflow,ESTAT:DS-059358(1.0),A,EU27_2020,26113065,PQNTBASE,2016,500000000
dataflow,ESTAT:DS-059358(1.0),A,EU27_2020,26113065,PQNTBASE,2017,800000000
dataflow,ESTAT:DS-059358(1.0),A,EU27_2020,26113065,PQNTBASE,2018,700000000
dataflow,ESTAT:DS-059358(1.0),A,EU27_2020,26113065,PQNTBASE,2019,800000000
dataflow,ESTAT:DS-059358(1.0),A,EU27_2020,26113065,PQNTBASE,2020,60000000
dataflow,ESTAT:DS-059358(1.0),A,EU27_2020,26113065,PQNTBASE,2022,50000000
dataflow,ESTAT:DS-059358(1.0),A,EU27_2020,26113065,PQNTBASE,2023,200000000
dataflow,ESTAT:DS-059358(1.0),A,EU27_2020,26113065,PQNTBASE,2024,90000000
dataflow,ESTAT:DS-059358(1.0),A,EU27_2020,26113065,PQNTFLAG,2003,:E
dataflow,ESTAT:DS-059358(1.0),A,EU27_2020,26113065,PQNTFLAG,2005,:R
dataflow,ESTAT:DS-059358(1.0),A,EU27_2020,26113065,PQNTFLAG,2007,:E
dataflow,ESTAT:DS-059358(1.0),A,EU27_2020,26113065,PQNTFLAG,2008,:R
dataflow,ESTAT:DS-059358(1.0),A,EU27_2020,26113065,PQNTFLAG,2009,:R
dataflow,ESTAT:DS-059358(1.0),A,EU27_2020,26113065,PQNTFLAG,2010,:R
dataflow,ESTAT:DS-059358(1.0),A,EU27_2020,26113065,PQNTFLAG,2011,:R
dataflow,ESTAT:DS-059358(1.0),A,EU27_2020,26113065,PQNTFLAG,2015,:R
dataflow,ESTAT:DS-059358(1.0),A,EU27_2020,26113065,PQNTFLAG,2016,:R
dataflow,ESTAT:DS-059358(1.0),A,EU27_2020,26113065,PQNTFLAG,2017,:R
dataflow,ESTAT:DS-059358(1.0),A,EU27_2020,26113065,PQNTFLAG,2018,:R
dataflow,ESTAT:DS-059358(1.0),A,EU27_2020,26113065,PQNTFLAG,2019,:R
dataflow,ESTAT:DS-059358(1.0),A,EU27_2020,26113065,PQNTFLAG,2020,:R
dataflow,ESTAT:DS-059358(1.0),A,EU27_2020,26113065,PQNTFLAG,2021,:U
dataflow,ESTAT:DS-059358(1.0),A,EU27_2020,26113065,PQNTFLAG,2022,:R
dataflow,ESTAT:DS-059358(1.0),A,EU27_2020,26113065,PQNTFLAG,2023,:R
dataflow,ESTAT:DS-059358(1.0),A,EU27_2020,26113065,PQNTFLAG,2024,:R
dataflow,ESTAT:DS-059358(1.0),A,EU27_2020,26113065,PRODQNT,2003,1274202218
dataflow,ESTAT:DS-059358(1.0),A,EU27_2020,26113065,PRODQNT,2004,1972253084
dataflow,ESTAT:DS-059358(1.0),A,EU27_2020,26113065,PRODQNT,2005,1500000000
dataflow,ESTAT:DS-059358(1.0),A,EU27_2020,26113065,PRODQNT,2006,458917768
dataflow,ESTAT:DS-059358(1.0),A,EU27_2020,26113065,PRODQNT,2007,529207046
dataflow,ESTAT:DS-059358(1.0),A,EU27_2020,26113065,PRODQNT,2008,147184212
dataflow,ESTAT:DS-059358(1.0),A,EU27_2020,26113065,PRODQNT,2009,60000000
dataflow,ESTAT:DS-059358(1.0),A,EU27_2020,26113065,PRODQNT,2010,588058480
dataflow,ESTAT:DS-059358(1.0),A,EU27_2020,26113065,PRODQNT,2011,500000000
dataflow,ESTAT:DS-059358(1.0),A,EU27_2020,26113065,PRODQNT,2012,247690883
dataflow,ESTAT:DS-059358(1.0),A,EU27_2020,26113065,PRODQNT,2013,348753465
dataflow,ESTAT:DS-059358(1.0),A,EU27_2020,26113065,PRODQNT,2014,1237267850
dataflow,ESTAT:DS-059358(1.0),A,EU27_2020,26113065,PRODQNT,2015,1600000000
dataflow,ESTAT:DS-059358(1.0),A,EU27_2020,26113065,PRODQNT,2016,1500000000
dataflow,ESTAT:DS-059358(1.0),A,EU27_2020,26113065,PRODQNT,2017,800000000
dataflow,ESTAT:DS-059358(1.0),A,EU27_2020,26113065,PRODQNT,2018,1400000000
dataflow,ESTAT:DS-059358(1.0),A,EU27_2020,26113065,PRODQNT,2019,800000000
dataflow,ESTAT:DS-059358(1.0),A,EU27_2020,26113065,PRODQNT,2020,60000000
dataflow,ESTAT:DS-059358(1.0),A,EU27_2020,26113065,PRODQNT,2022,100000000
dataflow,ESTAT:DS-059358(1.0),A,EU27_2020,26113065,PRODQNT,2023,200000000
dataflow,ESTAT:DS-059358(1.0),A,EU27_2020,26113065,PRODQNT,2024,90000000
dataflow,ESTAT:DS-059358(1.0),A,EU27_2020,26113065,PRODVAL,2003,87177100
dataflow,ESTAT:DS-059358(1.0),A,EU27_2020,26113065,PRODVAL,2004,200000000
dataflow,ESTAT:DS-059358(1.0),A,EU27_2020,26113065,PRODVAL,2005,176920064
dataflow,ESTAT:DS-059358(1.0),A,EU27_2020,26113065,PRODVAL,2006,57190426
dataflow,ESTAT:DS-059358(1.0),A,EU27_2020,26113065,PRODVAL,2007,132610422
dataflow,ESTAT:DS-059358(1.0),A,EU27_2020,26113065,PRODVAL,2009,25961487
dataflow,ESTAT:DS-059358(1.0),A,EU27_2020,26113065,PRODVAL,2010,56113728
dataflow,ESTAT:DS-059358(1.0),A,EU27_2020,26113065,PRODVAL,2011,53808334
dataflow,ESTAT:DS-059358(1.0),A,EU27_2020,26113065,PRODVAL,2012,98557483
dataflow,ESTAT:DS-059358(1.0),A,EU27_2020,26113065,PRODVAL,2013,244742883
dataflow,ESTAT:DS-059358(1.0),A,EU27_2020,26113065,PRODVAL,2014,272251229
dataflow,ESTAT:DS-059358(1.0),A,EU27_2020,26113065,PRODVAL,2015,400000000
dataflow,ESTAT:DS-059358(1.0),A,EU27_2020,26113065,PRODVAL,2016,200000000
dataflow,ESTAT:DS-059358(1.0),A,EU27_2020,26113065,PRODVAL,2018,317685689
dataflow,ESTAT:DS-059358(1.0),A,EU27_2020,26113065,PRODVAL,2020,108645376
dataflow,ESTAT:DS-059358(1.0),A,EU27_2020,26113065,PRODVAL,2021,100000000
dataflow,ESTAT:DS-059358(1.0),A,EU27_2020,26113065,PRODVAL,2022,157288202
dataflow,ESTAT:DS-059358(1.0),A,EU27_2020,26113065,PRODVAL,2023,120000000
dataflow,ESTAT:DS-059358(1.0),A,EU27_2020,26113065,PRODVAL,2024,134635529
dataflow,ESTAT:DS-059358(1.0),A,EU27_2020,26113065,PVALBASE,2004,200000000
dataflow,ESTAT:DS-059358(1.0),A,EU27_2020,26113065,PVALBASE,2009,20000000
dataflow,ESTAT:DS-059358(1.0),A,EU27_2020,26113065,PVALBASE,2010,30000000
dataflow,ESTAT:DS-059358(1.0),A,EU27_2020,26113065,PVALBASE,2011,30000000
dataflow,ESTAT:DS-059358(1.0),A,EU27_2020,26113065,PVALBASE,2015,200000000
dataflow,ESTAT:DS-059358(1.0),A,EU27_2020,26113065,PVALBASE,2016,200000000
dataflow,ESTAT:DS-059358(1.0),A,EU27_2020,26113065,PVALBASE,2021,50000000
dataflow,ESTAT:DS-059358(1.0),A,EU27_2020,26113065,PVALBASE,2023,60000000
dataflow,ESTAT:DS-059358(1.0),A,EU27_2020,26113065,PVALFLAG,2003,:E
dataflow,ESTAT:DS-059358(1.0),A,EU27_2020,26113065,PVALFLAG,2004,:R
dataflow,ESTAT:DS-059358(1.0),A,EU27_2020,26113065,PVALFLAG,2008,:U
dataflow,ESTAT:DS-059358(1.0),A,EU27_2020,26113065,PVALFLAG,2009,:R
dataflow,ESTAT:DS-059358(1.0),A,EU27_2020,26113065,PVALFLAG,2010,:R
dataflow,ESTAT:DS-059358(1.0),A,EU27_2020,26113065,PVALFLAG,2011,:R
dataflow,ESTAT:DS-059358(1.0),A,EU27_2020,26113065,PVALFLAG,2015,:R
dataflow,ESTAT:DS-059358(1.0),A,EU27_2020,26113065,PVALFLAG,2016,:R
dataflow,ESTAT:DS-059358(1.0),A,EU27_2020,26113065,PVALFLAG,2017,:U
dataflow,ESTAT:DS-059358(1.0),A,EU27_2020,26113065,PVALFLAG,2019,:U
dataflow,ESTAT:DS-059358(1.0),A,EU27_2020,26113065,PVALFLAG,2021,:R
dataflow,ESTAT:DS-059358(1.0),A,EU27_2020,26113065,PVALFLAG,2022,:E
dataflow,ESTAT:DS-059358(1.0),A,EU27_2020,26113065,PVALFLAG,2023,:R
dataflow,ESTAT:DS-059358(1.0),A,EU27_2020,26113065,QNTUNIT,2003,PST
dataflow,ESTAT:DS-059358(1.0),A,EU27_2020,26113065,QNTUNIT,2004,PST
dataflow,ESTAT:DS-059358(1.0),A,EU27_2020,26113065,QNTUNIT,2005,PST
dataflow,ESTAT:DS-059358(1.0),A,EU27_2020,26113065,QNTUNIT,2006,PST
dataflow,ESTAT:DS-059358(1.0),A,EU27_2020,26113065,QNTUNIT,2007,PST
dataflow,ESTAT:DS-059358(1.0),A,EU27_2020,26113065,QNTUNIT,2008,PST
dataflow,ESTAT:DS-059358(1.0),A,EU27_2020,26113065,QNTUNIT,2009,PST
dataflow,ESTAT:DS-059358(1.0),A,EU27_2020,26113065,QNTUNIT,2010,PST
dataflow,ESTAT:DS-059358(1.0),A,EU27_2020,26113065,QNTUNIT,2011,PST
dataflow,ESTAT:DS-059358(1.0),A,EU27_2020,26113065,QNTUNIT,2012,PST
dataflow,ESTAT:DS-059358(1.0),A,EU27_2020,26113065,QNTUNIT,2013,PST
dataflow,ESTAT:DS-059358(1.0),A,EU27_2020,26113065,QNTUNIT,2014,PST
dataflow,ESTAT:DS-059358(1.0),A,EU27_2020,26113065,QNTUNIT,2015,PST
dataflow,ESTAT:DS-059358(1.0),A,EU27_2020,26113065,QNTUNIT,2016,PST
dataflow,ESTAT:DS-059358(1.0),A,EU27_2020,26113065,QNTUNIT,2017,PST
dataflow,ESTAT:DS-059358(1.0),A,EU27_2020,26113065,QNTUNIT,2018,PST
dataflow,ESTAT:DS-059358(1.0),A,EU27_2020,26113065,QNTUNIT,2019,PST
dataflow,ESTAT:DS-059358(1.0),A,EU27_2020,26113065,QNTUNIT,2020,PST
dataflow,ESTAT:DS-059358(1.0),A,EU27_2020,26113065,QNTUNIT,2021,p/st
dataflow,ESTAT:DS-059358(1.0),A,EU27_2020,26113065,QNTUNIT,2022,p/st
dataflow,ESTAT:DS-059358(1.0),A,EU27_2020,26113065,QNTUNIT,2023,p/st
dataflow,ESTAT:DS-059358(1.0),A,EU27_2020,26113065,QNTUNIT,2024,p/st
dataflow,ESTAT:DS-059358(1.0),A,EU27_2020,26113065,SCPRODQNT,2021,15000
dataflow,ESTAT:DS-059358(1.0),A,EU27_2020,26113065,SCPRODQNT,2022,27762
dataflow,ESTAT:DS-059358(1.0),A,EU27_2020,26113065,SCPRODQNT,2023,150
dataflow,ESTAT:DS-059358(1.0),A,EU27_2020,26113065,SCPRODQNT,2024,0
dataflow,ESTAT:DS-059358(1.0),A,EU27_2020,26113065,SCPRODVAL,2021,400000
dataflow,ESTAT:DS-059358(1.0),A,EU27_2020,26113065,SCPRODVAL,2022,1790000
dataflow,ESTAT:DS-059358(1.0),A,EU27_2020,26113065,SCPRODVAL,2023,10000
dataflow,ESTAT:DS-059358(1.0),A,EU27_2020,26113065,SCPRODVAL,2024,0
dataflow,ESTAT:DS-059358(1.0),A,EU27_2020,26113065,SCQNTBASE,2021,5000
dataflow,ESTAT:DS-059358(1.0),A,EU27_2020,26113065,SCQNTBASE,2023,50
dataflow,ESTAT:DS-059358(1.0),A,EU27_2020,26113065,SCQNTFLAG,2021,:R
dataflow,ESTAT:DS-059358(1.0),A,EU27_2020,26113065,SCQNTFLAG,2023,:R
dataflow,ESTAT:DS-059358(1.0),A,EU27_2020,26113065,SCVALBASE,2021,100000
dataflow,ESTAT:DS-059358(1.0),A,EU27_2020,26113065,SCVALBASE,2023,5000
dataflow,ESTAT:DS-059358(1.0),A,EU27_2020,26113065,SCVALFLAG,2021,:R
dataflow,ESTAT:DS-059358(1.0),A,EU27_2020,26113065,SCVALFLAG,2023,:R
dataflow,ESTAT:DS-059358(1.0),A,EU27_2020,26113067,EXPVAL,2007,460087960
dataflow,ESTAT:DS-059358(1.0),A,EU27_2020,26113067,EXPVAL,2008,313994190
dataflow,ESTAT:DS-059358(1.0),A,EU27_2020,26113067,EXPVAL,2009,209731390
dataflow,ESTAT:DS-059358(1.0),A,EU27_2020,26113067,EXPVAL,2010,222381980
dataflow,ESTAT:DS-059358(1.0),A,EU27_2020,26113067,EXPVAL,2011,169714230
dataflow,ESTAT:DS-059358(1.0),A,EU27_2020,26113067,EXPVAL,2012,111601280
dataflow,ESTAT:DS-059358(1.0),A,EU27_2020,26113067,EXPVAL,2013,87607110
dataflow,ESTAT:DS-059358(1.0),A,EU27_2020,26113067,EXPVAL,2014,83516500
dataflow,ESTAT:DS-059358(1.0),A,EU27_2020,26113067,EXPVAL,2015,82850950
dataflow,ESTAT:DS-059358(1.0),A,EU27_2020,26113067,EXPVAL,2016,77796380
dataflow,ESTAT:DS-059358(1.0),A,EU27_2020,26113067,EXPVAL,2017,132599990
dataflow,ESTAT:DS-059358(1.0),A,EU27_2020,26113067,EXPVAL,2018,121190120
dataflow,ESTAT:DS-059358(1.0),A,EU27_2020,26113067,EXPVAL,2019,153769016
dataflow,ESTAT:DS-059358(1.0),A,EU27_2020,26113067,EXPVAL,2020,150402266
dataflow,ESTAT:DS-059358(1.0),A,EU27_2020,26113067,EXPVAL,2021,161595613
dataflow,ESTAT:DS-059358(1.0),A,EU27_2020,26113067,EXPVAL,2022,179771181
dataflow,ESTAT:DS-059358(1.0),A,EU27_2020,26113067,EXPVAL,2023,132731851
dataflow,ESTAT:DS-059358(1.0),A,EU27_2020,26113067,EXPVAL,2024,132708340
dataflow,ESTAT:DS-059358(1.0),A,EU27_2020,26113067,IMPVAL,2007,1084447070
dataflow,ESTAT:DS-059358(1.0),A,EU27_2020,26113067,IMPVAL,2008,636485600
dataflow,ESTAT:DS-059358(1.0),A,EU27_2020,26113067,IMPVAL,2009,437104660
dataflow,ESTAT:DS-059358(1.0),A,EU27_2020,26113067,IMPVAL,2010,639711940
dataflow,ESTAT:DS-059358(1.0),A,EU27_2020,26113067,IMPVAL,2011,476367450
dataflow,ESTAT:DS-059358(1.0),A,EU27_2020,26113067,IMPVAL,2012,303425910
dataflow,ESTAT:DS-059358(1.0),A,EU27_2020,26113067,IMPVAL,2013,221930670
dataflow,ESTAT:DS-059358(1.0),A,EU27_2020,26113067,IMPVAL,2014,231043200
dataflow,ESTAT:DS-059358(1.0),A,EU27_2020,26113067,IMPVAL,2015,285823460
dataflow,ESTAT:DS-059358(1.0),A,EU27_2020,26113067,IMPVAL,2016,268064330
dataflow,ESTAT:DS-059358(1.0),A,EU27_2020,26113067,IMPVAL,2017,538328220
dataflow,ESTAT:DS-059358(1.0),A,EU27_2020,26113067,IMPVAL,2018,1170140947
dataflow,ESTAT:DS-059358(1.0),A,EU27_2020,26113067,IMPVAL,2019,930778969
dataflow,ESTAT:DS-059358(1.0),A,EU27_2020,26113067,IMPVAL,2020,639822862
dataflow,ESTAT:DS-059358(1.0),A,EU27_2020,26113067,IMPVAL,2021,587204388
dataflow,ESTAT:DS-059358(1.0),A,EU27_2020,26113067,IMPVAL,2022,900732847
dataflow,ESTAT:DS-059358(1.0),A,EU27_2020,26113067,IMPVAL,2023,960887205
dataflow,ESTAT:DS-059358(1.0),A,EU27_2020,26113067,IMPVAL,2024,729225011
dataflow,ESTAT:DS-059358(1.0),A,EU27_2020,26113067,OWNPRODQNT,2021,60000000
dataflow,ESTAT:DS-059358(1.0),A,EU27_2020,26113067,OWNPRODQNT,2022,60000000
dataflow,ESTAT:DS-059358(1.0),A,EU27_2020,26113067,OWNPRODQNT,2023,168170819
dataflow,ESTAT:DS-059358(1.0),A,EU27_2020,26113067,OWNPRODQNT,2024,98407792
dataflow,ESTAT:DS-059358(1.0),A,EU27_2020,26113067,OWNPRODVAL,2021,123826159
dataflow,ESTAT:DS-059358(1.0),A,EU27_2020,26113067,OWNPRODVAL,2022,145265032
dataflow,ESTAT:DS-059358(1.0),A,EU27_2020,26113067,OWNPRODVAL,2023,242699947
dataflow,ESTAT:DS-059358(1.0),A,EU27_2020,26113067,OWNPRODVAL,2024,142319688
dataflow,ESTAT:DS-059358(1.0),A,EU27_2020,26113067,OWNQNTBASE,2021,20000000
dataflow,ESTAT:DS-059358(1.0),A,EU27_2020,26113067,OWNQNTBASE,2022,30000000
dataflow,ESTAT:DS-059358(1.0),A,EU27_2020,26113067,OWNQNTFLAG,2021,:R
dataflow,ESTAT:DS-059358(1.0),A,EU27_2020,26113067,OWNQNTFLAG,2022,:R
dataflow,ESTAT:DS-059358(1.0),A,EU27_2020,26113067,OWNQNTFLAG,2023,:E
dataflow,ESTAT:DS-059358(1.0),A,EU27_2020,26113067,OWNQNTFLAG,2024,:E
dataflow,ESTAT:DS-059358(1.0),A,EU27_2020,26113067,OWNVALFLAG,2021,:E
dataflow,ESTAT:DS-059358(1.0),A,EU27_2020,26113067,OWNVALFLAG,2023,:E
dataflow,ESTAT:DS-059358(1.0),A,EU27_2020,26113067,PQNTBASE,2007,400000000
dataflow,ESTAT:DS-059358(1.0),A,EU27_2020,26113067,PQNTBASE,2009,200
dataflow,ESTAT:DS-059358(1.0),A,EU27_2020,26113067,PQNTBASE,2010,200
dataflow,ESTAT:DS-059358(1.0),A,EU27_2020,26113067,PQNTBASE,2012,500000000
dataflow,ESTAT:DS-059358(1.0),A,EU27_2020,26113067,PQNTBASE,2013,200000000
dataflow,ESTAT:DS-059358(1.0),A,EU27_2020,26113067,PQNTBASE,2014,500000000
dataflow,ESTAT:DS-059358(1.0),A,EU27_2020,26113067,PQNTBASE,2018,300000000
dataflow,ESTAT:DS-059358(1.0),A,EU27_2020,26113067,PQNTBASE,2019,300000000
dataflow,ESTAT:DS-059358(1.0),A,EU27_2020,26113067,PQNTBASE,2021,40000000
dataflow,ESTAT:DS-059358(1.0),A,EU27_2020,26113067,PQNTBASE,2022,30000000
dataflow,ESTAT:DS-059358(1.0),A,EU27_2020,26113067,PQNTBASE,2023,50000000
dataflow,ESTAT:DS-059358(1.0),A,EU27_2020,26113067,PQNTBASE,2024,30000000
dataflow,ESTAT:DS-059358(1.0),A,EU27_2020,26113067,PQNTFLAG,2007,:R
dataflow,ESTAT:DS-059358(1.0),A,EU27_2020,26113067,PQNTFLAG,2008,:E
dataflow,ESTAT:DS-059358(1.0),A,EU27_2020,26113067,PQNTFLAG,2009,:R
dataflow,ESTAT:DS-059358(1.0),A,EU27_2020,26113067,PQNTFLAG,2010,:R
dataflow,ESTAT:DS-059358(1.0),A,EU27_2020,26113067,PQNTFLAG,2012,:R
dataflow,ESTAT:DS-059358(1.0),A,EU27_2020,26113067,PQNTFLAG,2013,:R
dataflow,ESTAT:DS-059358(1.0),A,EU27_2020,26113067,PQNTFLAG,2014,:R
dataflow,ESTAT:DS-059358(1.0),A,EU27_2020,26113067,PQNTFLAG,2017,:E
dataflow,ESTAT:DS-059358(1.0),A,EU27_2020,26113067,PQNTFLAG,2018,:R
dataflow,ESTAT:DS-059358(1.0),A,EU27_2020,26113067,PQNTFLAG,2019,:R
dataflow,ESTAT:DS-059358(1.0),A,EU27_2020,26113067,PQNTFLAG,2021,:R
dataflow,ESTAT:DS-059358(1.0),A,EU27_2020,26113067,PQNTFLAG,2022,:R
dataflow,ESTAT:DS-059358(1.0),A,EU27_2020,26113067,PQNTFLAG,2023,:R
dataflow,ESTAT:DS-059358(1.0),A,EU27_2020,26113067,PQNTFLAG,2024,:R
dataflow,ESTAT:DS-059358(1.0),A,EU27_2020,26113067,PRODQNT,2007,1600000000
dataflow,ESTAT:DS-059358(1.0),A,EU27_2020,26113067,PRODQNT,2008,1090776509
dataflow,ESTAT:DS-059358(1.0),A,EU27_2020,26113067,PRODQNT,2009,1670986636
dataflow,ESTAT:DS-059358(1.0),A,EU27_2020,26113067,PRODQNT,2010,1996026923
dataflow,ESTAT:DS-059358(1.0),A,EU27_2020,26113067,PRODQNT,2011,1814124419
dataflow,ESTAT:DS-059358(1.0),A,EU27_2020,26113067,PRODQNT,2012,1500000000
dataflow,ESTAT:DS-059358(1.0),A,EU27_2020,26113067,PRODQNT,2013,600000000
dataflow,ESTAT:DS-059358(1.0),A,EU27_2020,26113067,PRODQNT,2014,1000000000
dataflow,ESTAT:DS-059358(1.0),A,EU27_2020,26113067,PRODQNT,2015,529691279
dataflow,ESTAT:DS-059358(1.0),A,EU27_2020,26113067,PRODQNT,2016,508711712
dataflow,ESTAT:DS-059358(1.0),A,EU27_2020,26113067,PRODQNT,2017,439876832
dataflow,ESTAT:DS-059358(1.0),A,EU27_2020,26113067,PRODQNT,2018,600000000
dataflow,ESTAT:DS-059358(1.0),A,EU27_2020,26113067,PRODQNT,2019,300000000
dataflow,ESTAT:DS-059358(1.0),A,EU27_2020,26113067,PRODQNT,2020,42118613
dataflow,ESTAT:DS-059358(1.0),A,EU27_2020,26113067,PRODQNT,2021,40000000
dataflow,ESTAT:DS-059358(1.0),A,EU27_2020,26113067,PRODQNT,2022,60000000
dataflow,ESTAT:DS-059358(1.0),A,EU27_2020,26113067,PRODQNT,2023,200000000
dataflow,ESTAT:DS-059358(1.0),A,EU27_2020,26113067,PRODQNT,2024,120000000
dataflow,ESTAT:DS-059358(1.0),A,EU27_2020,26113067,PRODVAL,2007,600000000
dataflow,ESTAT:DS-059358(1.0),A,EU27_2020,26113067,PRODVAL,2008,624476603
dataflow,ESTAT:DS-059358(1.0),A,EU27_2020,26113067,PRODVAL,2009,600950496
dataflow,ESTAT:DS-059358(1.0),A,EU27_2020,26113067,PRODVAL,2010,495128544
dataflow,ESTAT:DS-059358(1.0),A,EU27_2020,26113067,PRODVAL,2011,420000000
dataflow,ESTAT:DS-059358(1.0),A,EU27_2020,26113067,PRODVAL,2012,420000000
dataflow,ESTAT:DS-059358(1.0),A,EU27_2020,26113067,PRODVAL,2013,521615127
dataflow,ESTAT:DS-059358(1.0),A,EU27_2020,26113067,PRODVAL,2014,400000000
dataflow,ESTAT:DS-059358(1.0),A,EU27_2020,26113067,PRODVAL,2015,600000000
dataflow,ESTAT:DS-059358(1.0),A,EU27_2020,26113067,PRODVAL,2016,400000000
dataflow,ESTAT:DS-059358(1.0),A,EU27_2020,26113067,PRODVAL,2017,400000000
dataflow,ESTAT:DS-059358(1.0),A,EU27_2020,26113067,PRODVAL,2018,500000000
dataflow,ESTAT:DS-059358(1.0),A,EU27_2020,26113067,PRODVAL,2019,360000000
dataflow,ESTAT:DS-059358(1.0),A,EU27_2020,26113067,PRODVAL,2020,88603179
dataflow,ESTAT:DS-059358(1.0),A,EU27_2020,26113067,PRODVAL,2021,124160406
dataflow,ESTAT:DS-059358(1.0),A,EU27_2020,26113067,PRODVAL,2022,120000000
dataflow,ESTAT:DS-059358(1.0),A,EU27_2020,26113067,PRODVAL,2023,280000000
dataflow,ESTAT:DS-059358(1.0),A,EU27_2020,26113067,PRODVAL,2024,120000000
dataflow,ESTAT:DS-059358(1.0),A,EU27_2020,26113067,PVALBASE,2007,200000000
dataflow,ESTAT:DS-059358(1.0),A,EU27_2020,26113067,PVALBASE,2009,300000
dataflow,ESTAT:DS-059358(1.0),A,EU27_2020,26113067,PVALBASE,2010,500000
dataflow,ESTAT:DS-059358(1.0),A,EU27_2020,26113067,PVALBASE,2011,30000000
dataflow,ESTAT:DS-059358(1.0),A,EU27_2020,26113067,PVALBASE,2012,60000000
dataflow,ESTAT:DS-059358(1.0),A,EU27_2020,26113067,PVALBASE,2014,400000000
dataflow,ESTAT:DS-059358(1.0),A,EU27_2020,26113067,PVALBASE,2015,200000000
dataflow,ESTAT:DS-059358(1.0),A,EU27_2020,26113067,PVALBASE,2016,200000000
dataflow,ESTAT:DS-059358(1.0),A,EU27_2020,26113067,PVALBASE,2017,80000000
dataflow,ESTAT:DS-059358(1.0),A,EU27_2020,26113067,PVALBASE,2018,100000000
dataflow,ESTAT:DS-059358(1.0),A,EU27_2020,26113067,PVALBASE,2019,90000000
dataflow,ESTAT:DS-059358(1.0),A,EU27_2020,26113067,PVALBASE,2022,60000000
dataflow,ESTAT:DS-059358(1.0),A,EU27_2020,26113067,PVALBASE,2023,70000000
dataflow,ESTAT:DS-059358(1.0),A,EU27_2020,26113067,PVALBASE,2024,60000000
dataflow,ESTAT:DS-059358(1.0),A,EU27_2020,26113067,PVALFLAG,2007,:R
dataflow,ESTAT:DS-059358(1.0),A,EU27_2020,26113067,PVALFLAG,2009,:R
dataflow,ESTAT:DS-059358(1.0),A,EU27_2020,26113067,PVALFLAG,2010,:R
dataflow,ESTAT:DS-059358(1.0),A,EU27_2020,26113067,PVALFLAG,2011,:R
dataflow,ESTAT:DS-059358(1.0),A,EU27_2020,26113067,PVALFLAG,2012,:R
dataflow,ESTAT:DS-059358(1.0),A,EU27_2020,26113067,PVALFLAG,2014,:R
dataflow,ESTAT:DS-059358(1.0),A,EU27_2020,26113067,PVALFLAG,2015,:R
dataflow,ESTAT:DS-059358(1.0),A,EU27_2020,26113067,PVALFLAG,2016,:R
dataflow,ESTAT:DS-059358(1.0),A,EU27_2020,26113067,PVALFLAG,2017,:R
dataflow,ESTAT:DS-059358(1.0),A,EU27_2020,26113067,PVALFLAG,2018,:R
dataflow,ESTAT:DS-059358(1.0),A,EU27_2020,26113067,PVALFLAG,2019,:R
dataflow,ESTAT:DS-059358(1.0),A,EU27_2020,26113067,PVALFLAG,2021,:E
dataflow,ESTAT:DS-059358(1.0),A,EU27_2020,26113067,PVALFLAG,2022,:R
dataflow,ESTAT:DS-059358(1.0),A,EU27_2020,26113067,PVALFLAG,2023,:R
dataflow,ESTAT:DS-059358(1.0),A,EU27_2020,26113067,PVALFLAG,2024,:R
dataflow,ESTAT:DS-059358(1.0),A,EU27_2020,26113067,QNTUNIT,2007,PST
dataflow,ESTAT:DS-059358(1.0),A,EU27_2020,26113067,QNTUNIT,2008,PST
dataflow,ESTAT:DS-059358(1.0),A,EU27_2020,26113067,QNTUNIT,2009,PST
dataflow,ESTAT:DS-059358(1.0),A,EU27_2020,26113067,QNTUNIT,2010,PST
dataflow,ESTAT:DS-059358(1.0),A,EU27_2020,26113067,QNTUNIT,2011,PST
dataflow,ESTAT:DS-059358(1.0),A,EU27_2020,26113067,QNTUNIT,2012,PST
dataflow,ESTAT:DS-059358(1.0),A,EU27_2020,26113067,QNTUNIT,2013,PST
dataflow,ESTAT:DS-059358(1.0),A,EU27_2020,26113067,QNTUNIT,2014,PST
dataflow,ESTAT:DS-059358(1.0),A,EU27_2020,26113067,QNTUNIT,2015,PST
dataflow,ESTAT:DS-059358(1.0),A,EU27_2020,26113067,QNTUNIT,2016,PST
dataflow,ESTAT:DS-059358(1.0),A,EU27_2020,26113067,QNTUNIT,2017,PST
dataflow,ESTAT:DS-059358(1.0),A,EU27_2020,26113067,QNTUNIT,2018,PST
dataflow,ESTAT:DS-059358(1.0),A,EU27_2020,26113067,QNTUNIT,2019,PST
dataflow,ESTAT:DS-059358(1.0),A,EU27_2020,26113067,QNTUNIT,2020,PST
dataflow,ESTAT:DS-059358(1.0),A,EU27_2020,26113067,QNTUNIT,2021,p/st
dataflow,ESTAT:DS-059358(1.0),A,EU27_2020,26113067,QNTUNIT,2022,p/st
dataflow,ESTAT:DS-059358(1.0),A,EU27_2020,26113067,QNTUNIT,2023,p/st
dataflow,ESTAT:DS-059358(1.0),A,EU27_2020,26113067,QNTUNIT,2024,p/st
dataflow,ESTAT:DS-059358(1.0),A,EU27_2020,26113067,SCPRODQNT,2021,67958
dataflow,ESTAT:DS-059358(1.0),A,EU27_2020,26113067,SCPRODQNT,2022,300000
dataflow,ESTAT:DS-059358(1.0),A,EU27_2020,26113067,SCPRODQNT,2023,593841
dataflow,ESTAT:DS-059358(1.0),A,EU27_2020,26113067,SCPRODQNT,2024,522927
dataflow,ESTAT:DS-059358(1.0),A,EU27_2020,26113067,SCPRODVAL,2021,334248
dataflow,ESTAT:DS-059358(1.0),A,EU27_2020,26113067,SCPRODVAL,2022,1000000
dataflow,ESTAT:DS-059358(1.0),A,EU27_2020,26113067,SCPRODVAL,2023,596559
dataflow,ESTAT:DS-059358(1.0),A,EU27_2020,26113067,SCPRODVAL,2024,561251
dataflow,ESTAT:DS-059358(1.0),A,EU27_2020,26113067,SCQNTBASE,2022,300000
dataflow,ESTAT:DS-059358(1.0),A,EU27_2020,26113067,SCQNTBASE,2023,0
dataflow,ESTAT:DS-059358(1.0),A,EU27_2020,26113067,SCQNTBASE,2024,0
dataflow,ESTAT:DS-059358(1.0),A,EU27_2020,26113067,SCQNTFLAG,2022,:R
dataflow,ESTAT:DS-059358(1.0),A,EU27_2020,26113067,SCQNTFLAG,2023,:R
dataflow,ESTAT:DS-059358(1.0),A,EU27_2020,26113067,SCQNTFLAG,2024,:R
dataflow,ESTAT:DS-059358(1.0),A,EU27_2020,26113067,SCVALBASE,2022,500000
dataflow,ESTAT:DS-059358(1.0),A,EU27_2020,26113067,SCVALBASE,2023,0
dataflow,ESTAT:DS-059358(1.0),A,EU27_2020,26113067,SCVALBASE,2024,0
dataflow,ESTAT:DS-059358(1.0),A,EU27_2020,26113067,SCVALFLAG,2022,:R
dataflow,ESTAT:DS-059358(1.0),A,EU27_2020,26113067,SCVALFLAG,2023,:R
dataflow,ESTAT:DS-059358(1.0),A,EU27_2020,26113067,SCVALFLAG,2024,:R
dataflow,ESTAT:DS-059358(1.0),A,EU27_2020,26113080,EXPVAL,2007,178748840
dataflow,ESTAT:DS-059358(1.0),A,EU27_2020,26113080,EXPVAL,2008,149987150
dataflow,ESTAT:DS-059358(1.0),A,EU27_2020,26113080,EXPVAL,2009,119815070
dataflow,ESTAT:DS-059358(1.0),A,EU27_2020,26113080,EXPVAL,2010,176425130
dataflow,ESTAT:DS-059358(1.0),A,EU27_2020,26113080,EXPVAL,2011,198052480
dataflow,ESTAT:DS-059358(1.0),A,EU27_2020,26113080,EXPVAL,2012,208486300
dataflow,ESTAT:DS-059358(1.0),A,EU27_2020,26113080,EXPVAL,2013,225994610
dataflow,ESTAT:DS-059358(1.0),A,EU27_2020,26113080,EXPVAL,2014,239531460
dataflow,ESTAT:DS-059358(1.0),A,EU27_2020,26113080,EXPVAL,2015,287977950
dataflow,ESTAT:DS-059358(1.0),A,EU27_2020,26113080,EXPVAL,2016,282180280
dataflow,ESTAT:DS-059358(1.0),A,EU27_2020,26113080,EXPVAL,2017,302444760
dataflow,ESTAT:DS-059358(1.0),A,EU27_2020,26113080,EXPVAL,2018,357597872
dataflow,ESTAT:DS-059358(1.0),A,EU27_2020,26113080,EXPVAL,2019,442708139
dataflow,ESTAT:DS-059358(1.0),A,EU27_2020,26113080,EXPVAL,2020,437330426
dataflow,ESTAT:DS-059358(1.0),A,EU27_2020,26113080,EXPVAL,2021,477189474
dataflow,ESTAT:DS-059358(1.0),A,EU27_2020,26113080,EXPVAL,2022,761108203
dataflow,ESTAT:DS-059358(1.0),A,EU27_2020,26113080,EXPVAL,2023,698133015
dataflow,ESTAT:DS-059358(1.0),A,EU27_2020,26113080,EXPVAL,2024,638181965
dataflow,ESTAT:DS-059358(1.0),A,EU27_2020,26113080,IMPVAL,2007,393010190
dataflow,ESTAT:DS-059358(1.0),A,EU27_2020,26113080,IMPVAL,2008,386968940
dataflow,ESTAT:DS-059358(1.0),A,EU27_2020,26113080,IMPVAL,2009,329461900
dataflow,ESTAT:DS-059358(1.0),A,EU27_2020,26113080,IMPVAL,2010,550561760
dataflow,ESTAT:DS-059358(1.0),A,EU27_2020,26113080,IMPVAL,2011,453829630
dataflow,ESTAT:DS-059358(1.0),A,EU27_2020,26113080,IMPVAL,2012,432954800
dataflow,ESTAT:DS-059358(1.0),A,EU27_2020,26113080,IMPVAL,2013,477444570
dataflow,ESTAT:DS-059358(1.0),A,EU27_2020,26113080,IMPVAL,2014,478879770
dataflow,ESTAT:DS-059358(1.0),A,EU27_2020,26113080,IMPVAL,2015,805783690
dataflow,ESTAT:DS-059358(1.0),A,EU27_2020,26113080,IMPVAL,2016,670381340
dataflow,ESTAT:DS-059358(1.0),A,EU27_2020,26113080,IMPVAL,2017,674505420
dataflow,ESTAT:DS-059358(1.0),A,EU27_2020,26113080,IMPVAL,2018,773334239
dataflow,ESTAT:DS-059358(1.0),A,EU27_2020,26113080,IMPVAL,2019,736268826
dataflow,ESTAT:DS-059358(1.0),A,EU27_2020,26113080,IMPVAL,2020,673251632
dataflow,ESTAT:DS-059358(1.0),A,EU27_2020,26113080,IMPVAL,2021,922152073
dataflow,ESTAT:DS-059358(1.0),A,EU27_2020,26113080,IMPVAL,2022,1456330855
dataflow,ESTAT:DS-059358(1.0),A,EU27_2020,26113080,IMPVAL,2023,1229112836
dataflow,ESTAT:DS-059358(1.0),A,EU27_2020,26113080,IMPVAL,2024,911318222
dataflow,ESTAT:DS-059358(1.0),A,EU27_2020,26113080,OWNPRODQNT,2022,1000000000
dataflow,ESTAT:DS-059358(1.0),A,EU27_2020,26113080,OWNPRODQNT,2023,1400000000
dataflow,ESTAT:DS-059358(1.0),A,EU27_2020,26113080,OWNPRODQNT,2024,600000000
dataflow,ESTAT:DS-059358(1.0),A,EU27_2020,26113080,OWNPRODVAL,2022,242000000
dataflow,ESTAT:DS-059358(1.0),A,EU27_2020,26113080,OWNPRODVAL,2023,197735615
dataflow,ESTAT:DS-059358(1.0),A,EU27_2020,26113080,OWNPRODVAL,2024,189031008
dataflow,ESTAT:DS-059358(1.0),A,EU27_2020,26113080,OWNQNTBASE,2022,500000000
dataflow,ESTAT:DS-059358(1.0),A,EU27_2020,26113080,OWNQNTBASE,2023,700000000
dataflow,ESTAT:DS-059358(1.0),A,EU27_2020,26113080,OWNQNTBASE,2024,600000000
dataflow,ESTAT:DS-059358(1.0),A,EU27_2020,26113080,OWNQNTFLAG,2021,:U
dataflow,ESTAT:DS-059358(1.0),A,EU27_2020,26113080,OWNQNTFLAG,2022,:R
dataflow,ESTAT:DS-059358(1.0),A,EU27_2020,26113080,OWNQNTFLAG,2023,:R
dataflow,ESTAT:DS-059358(1.0),A,EU27_2020,26113080,OWNQNTFLAG,2024,:R
dataflow,ESTAT:DS-059358(1.0),A,EU27_2020,26113080,OWNVALBASE,2022,2000000
dataflow,ESTAT:DS-059358(1.0),A,EU27_2020,26113080,OWNVALFLAG,2021,:U
dataflow,ESTAT:DS-059358(1.0),A,EU27_2020,26113080,OWNVALFLAG,2022,:R
dataflow,ESTAT:DS-059358(1.0),A,EU27_2020,26113080,OWNVALFLAG,2024,:E
dataflow,ESTAT:DS-059358(1.0),A,EU27_2020,26113080,PQNTBASE,2008,100000
dataflow,ESTAT:DS-059358(1.0),A,EU27_2020,26113080,PQNTBASE,2009,600000
dataflow,ESTAT:DS-059358(1.0),A,EU27_2020,26113080,PQNTBASE,2010,3000000
dataflow,ESTAT:DS-059358(1.0),A,EU27_2020,26113080,PQNTBASE,2011,600000
dataflow,ESTAT:DS-059358(1.0),A,EU27_2020,26113080,PQNTBASE,2012,500000000
dataflow,ESTAT:DS-059358(1.0),A,EU27_2020,26113080,PQNTBASE,2013,800000000
dataflow,ESTAT:DS-059358(1.0),A,EU27_2020,26113080,PQNTBASE,2014,3000000000
dataflow,ESTAT:DS-059358(1.0),A,EU27_2020,26113080,PQNTBASE,2015,300000000
dataflow,ESTAT:DS-059358(1.0),A,EU27_2020,26113080,PQNTBASE,2016,400000000
dataflow,ESTAT:DS-059358(1.0),A,EU27_2020,26113080,PQNTBASE,2017,400000000
dataflow,ESTAT:DS-059358(1.0),A,EU27_2020,26113080,PQNTBASE,2018,500000000
dataflow,ESTAT:DS-059358(1.0),A,EU27_2020,26113080,PQNTBASE,2019,600000000
dataflow,ESTAT:DS-059358(1.0),A,EU27_2020,26113080,PQNTBASE,2020,600000000
dataflow,ESTAT:DS-059358(1.0),A,EU27_2020,26113080,PQNTBASE,2022,700000000
dataflow,ESTAT:DS-059358(1.0),A,EU27_2020,26113080,PQNTBASE,2023,700000000
dataflow,ESTAT:DS-059358(1.0),A,EU27_2020,26113080,PQNTBASE,2024,600000000
dataflow,ESTAT:DS-059358(1.0),A,EU27_2020,26113080,PQNTFLAG,2007,:E
dataflow,ESTAT:DS-059358(1.0),A,EU27_2020,26113080,PQNTFLAG,2008,:R
dataflow,ESTAT:DS-059358(1.0),A,EU27_2020,26113080,PQNTFLAG,2009,:R
dataflow,ESTAT:DS-059358(1.0),A,EU27_2020,26113080,PQNTFLAG,2010,:R
dataflow,ESTAT:DS-059358(1.0),A,EU27_2020,26113080,PQNTFLAG,2011,:R
dataflow,ESTAT:DS-059358(1.0),A,EU27_2020,26113080,PQNTFLAG,2012,:R
dataflow,ESTAT:DS-059358(1.0),A,EU27_2020,26113080,PQNTFLAG,2013,:R
dataflow,ESTAT:DS-059358(1.0),A,EU27_2020,26113080,PQNTFLAG,2014,:R
dataflow,ESTAT:DS-059358(1.0),A,EU27_2020,26113080,PQNTFLAG,2015,:R
dataflow,ESTAT:DS-059358(1.0),A,EU27_2020,26113080,PQNTFLAG,2016,:R
dataflow,ESTAT:DS-059358(1.0),A,EU27_2020,26113080,PQNTFLAG,2017,:R
dataflow,ESTAT:DS-059358(1.0),A,EU27_2020,26113080,PQNTFLAG,2018,:R
dataflow,ESTAT:DS-059358(1.0),A,EU27_2020,26113080,PQNTFLAG,2019,:R
dataflow,ESTAT:DS-059358(1.0),A,EU27_2020,26113080,PQNTFLAG,2020,:R
dataflow,ESTAT:DS-059358(1.0),A,EU27_2020,26113080,PQNTFLAG,2021,:U
dataflow,ESTAT:DS-059358(1.0),A,EU27_2020,26113080,PQNTFLAG,2022,:R
dataflow,ESTAT:DS-059358(1.0),A,EU27_2020,26113080,PQNTFLAG,2023,:R
dataflow,ESTAT:DS-059358(1.0),A,EU27_2020,26113080,PQNTFLAG,2024,:R
dataflow,ESTAT:DS-059358(1.0),A,EU27_2020,26113080,PRODQNT,2007,1858056469
dataflow,ESTAT:DS-059358(1.0),A,EU27_2020,26113080,PRODQNT,2008,78196620
dataflow,ESTAT:DS-059358(1.0),A,EU27_2020,26113080,PRODQNT,2009,261600000
dataflow,ESTAT:DS-059358(1.0),A,EU27_2020,26113080,PRODQNT,2010,177000000
dataflow,ESTAT:DS-059358(1.0),A,EU27_2020,26113080,PRODQNT,2011,304800000
dataflow,ESTAT:DS-059358(1.0),A,EU27_2020,26113080,PRODQNT,2012,1000000000
dataflow,ESTAT:DS-059358(1.0),A,EU27_2020,26113080,PRODQNT,2013,1599505483
dataflow,ESTAT:DS-059358(1.0),A,EU27_2020,26113080,PRODQNT,2014,3000000000
dataflow,ESTAT:DS-059358(1.0),A,EU27_2020,26113080,PRODQNT,2015,1200000000
dataflow,ESTAT:DS-059358(1.0),A,EU27_2020,26113080,PRODQNT,2016,1200000000
dataflow,ESTAT:DS-059358(1.0),A,EU27_2020,26113080,PRODQNT,2017,400000000
dataflow,ESTAT:DS-059358(1.0),A,EU27_2020,26113080,PRODQNT,2018,987801792
dataflow,ESTAT:DS-059358(1.0),A,EU27_2020,26113080,PRODQNT,2019,600000000
dataflow,ESTAT:DS-059358(1.0),A,EU27_2020,26113080,PRODQNT,2020,600000000
dataflow,ESTAT:DS-059358(1.0),A,EU27_2020,26113080,PRODQNT,2022,700000000
dataflow,ESTAT:DS-059358(1.0),A,EU27_2020,26113080,PRODQNT,2023,1400000000
dataflow,ESTAT:DS-059358(1.0),A,EU27_2020,26113080,PRODQNT,2024,1200000000
dataflow,ESTAT:DS-059358(1.0),A,EU27_2020,26113080,PRODVAL,2007,606118957
dataflow,ESTAT:DS-059358(1.0),A,EU27_2020,26113080,PRODVAL,2008,104516853
dataflow,ESTAT:DS-059358(1.0),A,EU27_2020,26113080,PRODVAL,2009,129096003
dataflow,ESTAT:DS-059358(1.0),A,EU27_2020,26113080,PRODVAL,2010,93890656
dataflow,ESTAT:DS-059358(1.0),A,EU27_2020,26113080,PRODVAL,2011,98281007
dataflow,ESTAT:DS-059358(1.0),A,EU27_2020,26113080,PRODVAL,2012,182046543
dataflow,ESTAT:DS-059358(1.0),A,EU27_2020,26113080,PRODVAL,2013,186424817
dataflow,ESTAT:DS-059358(1.0),A,EU27_2020,26113080,PRODVAL,2014,196079845
dataflow,ESTAT:DS-059358(1.0),A,EU27_2020,26113080,PRODVAL,2015,222131766
dataflow,ESTAT:DS-059358(1.0),A,EU27_2020,26113080,PRODVAL,2016,213962129
dataflow,ESTAT:DS-059358(1.0),A,EU27_2020,26113080,PRODVAL,2017,285204959
dataflow,ESTAT:DS-059358(1.0),A,EU27_2020,26113080,PRODVAL,2018,234970691
dataflow,ESTAT:DS-059358(1.0),A,EU27_2020,26113080,PRODVAL,2019,182000000
dataflow,ESTAT:DS-059358(1.0),A,EU27_2020,26113080,PRODVAL,2020,182175089
dataflow,ESTAT:DS-059358(1.0),A,EU27_2020,26113080,PRODVAL,2022,300000000
dataflow,ESTAT:DS-059358(1.0),A,EU27_2020,26113080,PRODVAL,2023,280000000
dataflow,ESTAT:DS-059358(1.0),A,EU27_2020,26113080,PRODVAL,2024,210000000
dataflow,ESTAT:DS-059358(1.0),A,EU27_2020,26113080,PVALBASE,2008,200000
dataflow,ESTAT:DS-059358(1.0),A,EU27_2020,26113080,PVALBASE,2010,9000000
dataflow,ESTAT:DS-059358(1.0),A,EU27_2020,26113080,PVALBASE,2011,9000000
dataflow,ESTAT:DS-059358(1.0),A,EU27_2020,26113080,PVALBASE,2012,8000000
dataflow,ESTAT:DS-059358(1.0),A,EU27_2020,26113080,PVALBASE,2013,9000000
dataflow,ESTAT:DS-059358(1.0),A,EU27_2020,26113080,PVALBASE,2014,300000
dataflow,ESTAT:DS-059358(1.0),A,EU27_2020,26113080,PVALBASE,2015,900000
dataflow,ESTAT:DS-059358(1.0),A,EU27_2020,26113080,PVALBASE,2016,4000000
dataflow,ESTAT:DS-059358(1.0),A,EU27_2020,26113080,PVALBASE,2017,900000
dataflow,ESTAT:DS-059358(1.0),A,EU27_2020,26113080,PVALBASE,2018,9000000
dataflow,ESTAT:DS-059358(1.0),A,EU27_2020,26113080,PVALBASE,2019,7000000
dataflow,ESTAT:DS-059358(1.0),A,EU27_2020,26113080,PVALBASE,2022,50000000
dataflow,ESTAT:DS-059358(1.0),A,EU27_2020,26113080,PVALBASE,2023,70000000
dataflow,ESTAT:DS-059358(1.0),A,EU27_2020,26113080,PVALBASE,2024,70000000
dataflow,ESTAT:DS-059358(1.0),A,EU27_2020,26113080,PVALFLAG,2008,:R
dataflow,ESTAT:DS-059358(1.0),A,EU27_2020,26113080,PVALFLAG,2010,:R
dataflow,ESTAT:DS-059358(1.0),A,EU27_2020,26113080,PVALFLAG,2011,:R
dataflow,ESTAT:DS-059358(1.0),A,EU27_2020,26113080,PVALFLAG,2012,:R
dataflow,ESTAT:DS-059358(1.0),A,EU27_2020,26113080,PVALFLAG,2013,:R
dataflow,ESTAT:DS-059358(1.0),A,EU27_2020,26113080,PVALFLAG,2014,:R
dataflow,ESTAT:DS-059358(1.0),A,EU27_2020,26113080,PVALFLAG,2015,:R
dataflow,ESTAT:DS-059358(1.0),A,EU27_2020,26113080,PVALFLAG,2016,:R
dataflow,ESTAT:DS-059358(1.0),A,EU27_2020,26113080,PVALFLAG,2017,:R
dataflow,ESTAT:DS-059358(1.0),A,EU27_2020,26113080,PVALFLAG,2018,:R
dataflow,ESTAT:DS-059358(1.0),A,EU27_2020,26113080,PVALFLAG,2019,:R
dataflow,ESTAT:DS-059358(1.0),A,EU27_2020,26113080,PVALFLAG,2020,:E
dataflow,ESTAT:DS-059358(1.0),A,EU27_2020,26113080,PVALFLAG,2021,:U
dataflow,ESTAT:DS-059358(1.0),A,EU27_2020,26113080,PVALFLAG,2022,:R
dataflow,ESTAT:DS-059358(1.0),A,EU27_2020,26113080,PVALFLAG,2023,:R
dataflow,ESTAT:DS-059358(1.0),A,EU27_2020,26113080,PVALFLAG,2024,:R
dataflow,ESTAT:DS-059358(1.0),A,EU27_2020,26113080,QNTUNIT,2007,PST
dataflow,ESTAT:DS-059358(1.0),A,EU27_2020,26113080,QNTUNIT,2008,PST
dataflow,ESTAT:DS-059358(1.0),A,EU27_2020,26113080,QNTUNIT,2009,PST
dataflow,ESTAT:DS-059358(1.0),A,EU27_2020,26113080,QNTUNIT,2010,PST
dataflow,ESTAT:DS-059358(1.0),A,EU27_2020,26113080,QNTUNIT,2011,PST
dataflow,ESTAT:DS-059358(1.0),A,EU27_2020,26113080,QNTUNIT,2012,PST
dataflow,ESTAT:DS-059358(1.0),A,EU27_2020,26113080,QNTUNIT,2013,PST
dataflow,ESTAT:DS-059358(1.0),A,EU27_2020,26113080,QNTUNIT,2014,PST
dataflow,ESTAT:DS-059358(1.0),A,EU27_2020,26113080,QNTUNIT,2015,PST
dataflow,ESTAT:DS-059358(1.0),A,EU27_2020,26113080,QNTUNIT,2016,PST
dataflow,ESTAT:DS-059358(1.0),A,EU27_2020,26113080,QNTUNIT,2017,PST
dataflow,ESTAT:DS-059358(1.0),A,EU27_2020,26113080,QNTUNIT,2018,PST
dataflow,ESTAT:DS-059358(1.0),A,EU27_2020,26113080,QNTUNIT,2019,PST
dataflow,ESTAT:DS-059358(1.0),A,EU27_2020,26113080,QNTUNIT,2020,PST
dataflow,ESTAT:DS-059358(1.0),A,EU27_2020,26113080,QNTUNIT,2021,p/st
dataflow,ESTAT:DS-059358(1.0),A,EU27_2020,26113080,QNTUNIT,2022,p/st
dataflow,ESTAT:DS-059358(1.0),A,EU27_2020,26113080,QNTUNIT,2023,p/st
dataflow,ESTAT:DS-059358(1.0),A,EU27_2020,26113080,QNTUNIT,2024,p/st
dataflow,ESTAT:DS-059358(1.0),A,EU27_2020,26113080,SCPRODQNT,2021,6000000
dataflow,ESTAT:DS-059358(1.0),A,EU27_2020,26113080,SCPRODQNT,2022,3000000
dataflow,ESTAT:DS-059358(1.0),A,EU27_2020,26113080,SCPRODQNT,2023,4000000
dataflow,ESTAT:DS-059358(1.0),A,EU27_2020,26113080,SCPRODQNT,2024,6000000
dataflow,ESTAT:DS-059358(1.0),A,EU27_2020,26113080,SCPRODVAL,2021,20000000
dataflow,ESTAT:DS-059358(1.0),A,EU27_2020,26113080,SCPRODVAL,2022,60000000
dataflow,ESTAT:DS-059358(1.0),A,EU27_2020,26113080,SCPRODVAL,2023,80000000
dataflow,ESTAT:DS-059358(1.0),A,EU27_2020,26113080,SCPRODVAL,2024,60000000
dataflow,ESTAT:DS-059358(1.0),A,EU27_2020,26113080,SCQNTBASE,2021,3000000
dataflow,ESTAT:DS-059358(1.0),A,EU27_2020,26113080,SCQNTBASE,2022,3000000
dataflow,ESTAT:DS-059358(1.0),A,EU27_2020,26113080,SCQNTBASE,2023,2000000
dataflow,ESTAT:DS-059358(1.0),A,EU27_2020,26113080,SCQNTBASE,2024,6000000
dataflow,ESTAT:DS-059358(1.0),A,EU27_2020,26113080,SCQNTFLAG,2021,:R
dataflow,ESTAT:DS-059358(1.0),A,EU27_2020,26113080,SCQNTFLAG,2022,:R
dataflow,ESTAT:DS-059358(1.0),A,EU27_2020,26113080,SCQNTFLAG,2023,:R
dataflow,ESTAT:DS-059358(1.0),A,EU27_2020,26113080,SCQNTFLAG,2024,:R
dataflow,ESTAT:DS-059358(1.0),A,EU27_2020,26113080,SCVALBASE,2021,20000000
dataflow,ESTAT:DS-059358(1.0),A,EU27_2020,26113080,SCVALBASE,2022,60000000
dataflow,ESTAT:DS-059358(1.0),A,EU27_2020,26113080,SCVALBASE,2023,40000000
dataflow,ESTAT:DS-059358(1.0),A,EU27_2020,26113080,SCVALBASE,2024,60000000
dataflow,ESTAT:DS-059358(1.0),A,EU27_2020,26113080,SCVALFLAG,2021,:R
dataflow,ESTAT:DS-059358(1.0),A,EU27_2020,26113080,SCVALFLAG,2022,:R
dataflow,ESTAT:DS-059358(1.0),A,EU27_2020,26113080,SCVALFLAG,2023,:R
dataflow,ESTAT:DS-059358(1.0),A,EU27_2020,26113080,SCVALFLAG,2024,:R
dataflow,ESTAT:DS-059358(1.0),A,EU27_2020,26113091,EXPVAL,2007,51530340
dataflow,ESTAT:DS-059358(1.0),A,EU27_2020,26113091,EXPVAL,2008,57135580
dataflow,ESTAT:DS-059358(1.0),A,EU27_2020,26113091,EXPVAL,2009,24844740
dataflow,ESTAT:DS-059358(1.0),A,EU27_2020,26113091,EXPVAL,2010,32839090
dataflow,ESTAT:DS-059358(1.0),A,EU27_2020,26113091,EXPVAL,2011,99857660
dataflow,ESTAT:DS-059358(1.0),A,EU27_2020,26113091,EXPVAL,2012,133812920
dataflow,ESTAT:DS-059358(1.0),A,EU27_2020,26113091,EXPVAL,2013,109214770
dataflow,ESTAT:DS-059358(1.0),A,EU27_2020,26113091,EXPVAL,2014,127896210
dataflow,ESTAT:DS-059358(1.0),A,EU27_2020,26113091,EXPVAL,2015,124636850
dataflow,ESTAT:DS-059358(1.0),A,EU27_2020,26113091,EXPVAL,2016,63937450
dataflow,ESTAT:DS-059358(1.0),A,EU27_2020,26113091,EXPVAL,2017,494455870
dataflow,ESTAT:DS-059358(1.0),A,EU27_2020,26113091,EXPVAL,2018,651233782
dataflow,ESTAT:DS-059358(1.0),A,EU27_2020,26113091,EXPVAL,2019,523409474
dataflow,ESTAT:DS-059358(1.0),A,EU27_2020,26113091,EXPVAL,2020,638964403
dataflow,ESTAT:DS-059358(1.0),A,EU27_2020,26113091,EXPVAL,2021,694683046
dataflow,ESTAT:DS-059358(1.0),A,EU27_2020,26113091,EXPVAL,2022,817130097
dataflow,ESTAT:DS-059358(1.0),A,EU27_2020,26113091,EXPVAL,2023,922753788
dataflow,ESTAT:DS-059358(1.0),A,EU27_2020,26113091,EXPVAL,2024,1132764533
dataflow,ESTAT:DS-059358(1.0),A,EU27_2020,26113091,IMPVAL,2007,95850470
dataflow,ESTAT:DS-059358(1.0),A,EU27_2020,26113091,IMPVAL,2008,87474270
dataflow,ESTAT:DS-059358(1.0),A,EU27_2020,26113091,IMPVAL,2009,58125200
dataflow,ESTAT:DS-059358(1.0),A,EU27_2020,26113091,IMPVAL,2010,79101940
dataflow,ESTAT:DS-059358(1.0),A,EU27_2020,26113091,IMPVAL,2011,105716280
dataflow,ESTAT:DS-059358(1.0),A,EU27_2020,26113091,IMPVAL,2012,131752700
dataflow,ESTAT:DS-059358(1.0),A,EU27_2020,26113091,IMPVAL,2013,148072760
dataflow,ESTAT:DS-059358(1.0),A,EU27_2020,26113091,IMPVAL,2014,207628070
dataflow,ESTAT:DS-059358(1.0),A,EU27_2020,26113091,IMPVAL,2015,237197410
dataflow,ESTAT:DS-059358(1.0),A,EU27_2020,26113091,IMPVAL,2016,216588050
dataflow,ESTAT:DS-059358(1.0),A,EU27_2020,26113091,IMPVAL,2017,618477430
dataflow,ESTAT:DS-059358(1.0),A,EU27_2020,26113091,IMPVAL,2018,735306536
dataflow,ESTAT:DS-059358(1.0),A,EU27_2020,26113091,IMPVAL,2019,829921806
dataflow,ESTAT:DS-059358(1.0),A,EU27_2020,26113091,IMPVAL,2020,871634049
dataflow,ESTAT:DS-059358(1.0),A,EU27_2020,26113091,IMPVAL,2021,1200521083
dataflow,ESTAT:DS-059358(1.0),A,EU27_2020,26113091,IMPVAL,2022,1612719325
dataflow,ESTAT:DS-059358(1.0),A,EU27_2020,26113091,IMPVAL,2023,1566128233
dataflow,ESTAT:DS-059358(1.0),A,EU27_2020,26113091,IMPVAL,2024,1465558223
dataflow,ESTAT:DS-059358(1.0),A,EU27_2020,26113091,OWNPRODQNT,2021,4284615276
dataflow,ESTAT:DS-059358(1.0),A,EU27_2020,26113091,OWNPRODQNT,2022,3000000000
dataflow,ESTAT:DS-059358(1.0),A,EU27_2020,26113091,OWNPRODQNT,2023,4000000000
dataflow,ESTAT:DS-059358(1.0),A,EU27_2020,26113091,OWNPRODQNT,2024,2000000000
dataflow,ESTAT:DS-059358(1.0),A,EU27_2020,26113091,OWNPRODVAL,2021,1045869211
dataflow,ESTAT:DS-059358(1.0),A,EU27_2020,26113091,OWNPRODVAL,2022,1249072992
dataflow,ESTAT:DS-059358(1.0),A,EU27_2020,26113091,OWNPRODVAL,2023,1760391746
dataflow,ESTAT:DS-059358(1.0),A,EU27_2020,26113091,OWNPRODVAL,2024,1782747505
dataflow,ESTAT:DS-059358(1.0),A,EU27_2020,26113091,OWNQNTBASE,2022,3000000000
dataflow,ESTAT:DS-059358(1.0),A,EU27_2020,26113091,OWNQNTBASE,2023,2000000000
dataflow,ESTAT:DS-059358(1.0),A,EU27_2020,26113091,OWNQNTBASE,2024,2000000000
dataflow,ESTAT:DS-059358(1.0),A,EU27_2020,26113091,OWNQNTFLAG,2021,:E
dataflow,ESTAT:DS-059358(1.0),A,EU27_2020,26113091,OWNQNTFLAG,2022,:R
dataflow,ESTAT:DS-059358(1.0),A,EU27_2020,26113091,OWNQNTFLAG,2023,:R
dataflow,ESTAT:DS-059358(1.0),A,EU27_2020,26113091,OWNQNTFLAG,2024,:R
dataflow,ESTAT:DS-059358(1.0),A,EU27_2020,26113091,OWNVALFLAG,2021,:E
dataflow,ESTAT:DS-059358(1.0),A,EU27_2020,26113091,PQNTBASE,2008,500000
dataflow,ESTAT:DS-059358(1.0),A,EU27_2020,26113091,PQNTBASE,2009,2000000
dataflow,ESTAT:DS-059358(1.0),A,EU27_2020,26113091,PQNTBASE,2010,4000000
dataflow,ESTAT:DS-059358(1.0),A,EU27_2020,26113091,PQNTBASE,2011,6000000
dataflow,ESTAT:DS-059358(1.0),A,EU27_2020,26113091,PQNTBASE,2014,10000000
dataflow,ESTAT:DS-059358(1.0),A,EU27_2020,26113091,PQNTBASE,2015,20000000
dataflow,ESTAT:DS-059358(1.0),A,EU27_2020,26113091,PQNTBASE,2016,40000000
dataflow,ESTAT:DS-059358(1.0),A,EU27_2020,26113091,PQNTBASE,2017,8000000
dataflow,ESTAT:DS-059358(1.0),A,EU27_2020,26113091,PQNTBASE,2019,400000000
dataflow,ESTAT:DS-059358(1.0),A,EU27_2020,26113091,PQNTBASE,2020,4000000000
dataflow,ESTAT:DS-059358(1.0),A,EU27_2020,26113091,PQNTBASE,2021,3000000000
dataflow,ESTAT:DS-059358(1.0),A,EU27_2020,26113091,PQNTBASE,2022,800000000
dataflow,ESTAT:DS-059358(1.0),A,EU27_2020,26113091,PQNTBASE,2023,800000000
dataflow,ESTAT:DS-059358(1.0),A,EU27_2020,26113091,PQNTBASE,2024,2000000000
dataflow,ESTAT:DS-059358(1.0),A,EU27_2020,26113091,PQNTFLAG,2007,:E
dataflow,ESTAT:DS-059358(1.0),A,EU27_2020,26113091,PQNTFLAG,2008,:R
dataflow,ESTAT:DS-059358(1.0),A,EU27_2020,26113091,PQNTFLAG,2009,:R
dataflow,ESTAT:DS-059358(1.0),A,EU27_2020,26113091,PQNTFLAG,2010,:R
dataflow,ESTAT:DS-059358(1.0),A,EU27_2020,26113091,PQNTFLAG,2011,:R
dataflow,ESTAT:DS-059358(1.0),A,EU27_2020,26113091,PQNTFLAG,2014,:R
dataflow,ESTAT:DS-059358(1.0),A,EU27_2020,26113091,PQNTFLAG,2015,:R
dataflow,ESTAT:DS-059358(1.0),A,EU27_2020,26113091,PQNTFLAG,2016,:R
dataflow,ESTAT:DS-059358(1.0),A,EU27_2020,26113091,PQNTFLAG,2017,:R
dataflow,ESTAT:DS-059358(1.0),A,EU27_2020,26113091,PQNTFLAG,2018,:E
dataflow,ESTAT:DS-059358(1.0),A,EU27_2020,26113091,PQNTFLAG,2019,:R
dataflow,ESTAT:DS-059358(1.0),A,EU27_2020,26113091,PQNTFLAG,2020,:R
dataflow,ESTAT:DS-059358(1.0),A,EU27_2020,26113091,PQNTFLAG,2021,:R
dataflow,ESTAT:DS-059358(1.0),A,EU27_2020,26113091,PQNTFLAG,2022,:R
dataflow,ESTAT:DS-059358(1.0),A,EU27_2020,26113091,PQNTFLAG,2023,:R
dataflow,ESTAT:DS-059358(1.0),A,EU27_2020,26113091,PQNTFLAG,2024,:R
dataflow,ESTAT:DS-059358(1.0),A,EU27_2020,26113091,PRODQNT,2007,254617689
dataflow,ESTAT:DS-059358(1.0),A,EU27_2020,26113091,PRODQNT,2008,25188924
dataflow,ESTAT:DS-059358(1.0),A,EU27_2020,26113091,PRODQNT,2009,8000000
dataflow,ESTAT:DS-059358(1.0),A,EU27_2020,26113091,PRODQNT,2010,12000000
dataflow,ESTAT:DS-059358(1.0),A,EU27_2020,26113091,PRODQNT,2011,6000000
dataflow,ESTAT:DS-059358(1.0),A,EU27_2020,26113091,PRODQNT,2012,2760339
dataflow,ESTAT:DS-059358(1.0),A,EU27_2020,26113091,PRODQNT,2013,1539655
dataflow,ESTAT:DS-059358(1.0),A,EU27_2020,26113091,PRODQNT,2014,20000000
dataflow,ESTAT:DS-059358(1.0),A,EU27_2020,26113091,PRODQNT,2015,40000000
dataflow,ESTAT:DS-059358(1.0),A,EU27_2020,26113091,PRODQNT,2016,40000000
dataflow,ESTAT:DS-059358(1.0),A,EU27_2020,26113091,PRODQNT,2017,40000000
dataflow,ESTAT:DS-059358(1.0),A,EU27_2020,26113091,PRODQNT,2018,453221426
dataflow,ESTAT:DS-059358(1.0),A,EU27_2020,26113091,PRODQNT,2019,400000000
dataflow,ESTAT:DS-059358(1.0),A,EU27_2020,26113091,PRODQNT,2020,4000000000
dataflow,ESTAT:DS-059358(1.0),A,EU27_2020,26113091,PRODQNT,2021,6000000000
dataflow,ESTAT:DS-059358(1.0),A,EU27_2020,26113091,PRODQNT,2022,3200000000
dataflow,ESTAT:DS-059358(1.0),A,EU27_2020,26113091,PRODQNT,2023,2400000000
dataflow,ESTAT:DS-059358(1.0),A,EU27_2020,26113091,PRODQNT,2024,4000000000
dataflow,ESTAT:DS-059358(1.0),A,EU27_2020,26113091,PRODVAL,2007,400000000
dataflow,ESTAT:DS-059358(1.0),A,EU27_2020,26113091,PRODVAL,2008,121821703
dataflow,ESTAT:DS-059358(1.0),A,EU27_2020,26113091,PRODVAL,2009,88950561
dataflow,ESTAT:DS-059358(1.0),A,EU27_2020,26113091,PRODVAL,2010,119095399
dataflow,ESTAT:DS-059358(1.0),A,EU27_2020,26113091,PRODVAL,2011,121943296
dataflow,ESTAT:DS-059358(1.0),A,EU27_2020,26113091,PRODVAL,2012,123154846
dataflow,ESTAT:DS-059358(1.0),A,EU27_2020,26113091,PRODVAL,2013,139806768
dataflow,ESTAT:DS-059358(1.0),A,EU27_2020,26113091,PRODVAL,2014,202045042
dataflow,ESTAT:DS-059358(1.0),A,EU27_2020,26113091,PRODVAL,2015,221912097
dataflow,ESTAT:DS-059358(1.0),A,EU27_2020,26113091,PRODVAL,2016,266514588
dataflow,ESTAT:DS-059358(1.0),A,EU27_2020,26113091,PRODVAL,2017,320593500
dataflow,ESTAT:DS-059358(1.0),A,EU27_2020,26113091,PRODVAL,2018,304046968
dataflow,ESTAT:DS-059358(1.0),A,EU27_2020,26113091,PRODVAL,2019,334469717
dataflow,ESTAT:DS-059358(1.0),A,EU27_2020,26113091,PRODVAL,2020,800000000
dataflow,ESTAT:DS-059358(1.0),A,EU27_2020,26113091,PRODVAL,2021,1200000000
dataflow,ESTAT:DS-059358(1.0),A,EU27_2020,26113091,PRODVAL,2022,1000000000
dataflow,ESTAT:DS-059358(1.0),A,EU27_2020,26113091,PRODVAL,2023,2000000000
dataflow,ESTAT:DS-059358(1.0),A,EU27_2020,26113091,PRODVAL,2024,1600000000
dataflow,ESTAT:DS-059358(1.0),A,EU27_2020,26113091,PVALBASE,2007,20000000
dataflow,ESTAT:DS-059358(1.0),A,EU27_2020,26113091,PVALBASE,2008,5000000
dataflow,ESTAT:DS-059358(1.0),A,EU27_2020,26113091,PVALBASE,2009,5000000
dataflow,ESTAT:DS-059358(1.0),A,EU27_2020,26113091,PVALBASE,2010,6000000
dataflow,ESTAT:DS-059358(1.0),A,EU27_2020,26113091,PVALBASE,2020,400000000
dataflow,ESTAT:DS-059358(1.0),A,EU27_2020,26113091,PVALBASE,2021,300000000
dataflow,ESTAT:DS-059358(1.0),A,EU27_2020,26113091,PVALBASE,2022,500000000
dataflow,ESTAT:DS-059358(1.0),A,EU27_2020,26113091,PVALBASE,2023,400000000
dataflow,ESTAT:DS-059358(1.0),A,EU27_2020,26113091,PVALBASE,2024,400000000
dataflow,ESTAT:DS-059358(1.0),A,EU27_2020,26113091,PVALFLAG,2007,:R
dataflow,ESTAT:DS-059358(1.0),A,EU27_2020,26113091,PVALFLAG,2008,:R
dataflow,ESTAT:DS-059358(1.0),A,EU27_2020,26113091,PVALFLAG,2009,:R
dataflow,ESTAT:DS-059358(1.0),A,EU27_2020,26113091,PVALFLAG,2010,:R
dataflow,ESTAT:DS-059358(1.0),A,EU27_2020,26113091,PVALFLAG,2015,:E
dataflow,ESTAT:DS-059358(1.0),A,EU27_2020,26113091,PVALFLAG,2020,:R
dataflow,ESTAT:DS-059358(1.0),A,EU27_2020,26113091,PVALFLAG,2021,:R
dataflow,ESTAT:DS-059358(1.0),A,EU27_2020,26113091,PVALFLAG,2022,:R
dataflow,ESTAT:DS-059358(1.0),A,EU27_2020,26113091,PVALFLAG,2023,:R
dataflow,ESTAT:DS-059358(1.0),A,EU27_2020,26113091,PVALFLAG,2024,:R
dataflow,ESTAT:DS-059358(1.0),A,EU27_2020,26113091,QNTUNIT,2007,PST
dataflow,ESTAT:DS-059358(1.0),A,EU27_2020,26113091,QNTUNIT,2008,PST
dataflow,ESTAT:DS-059358(1.0),A,EU27_2020,26113091,QNTUNIT,2009,PST
dataflow,ESTAT:DS-059358(1.0),A,EU27_2020,26113091,QNTUNIT,2010,PST
dataflow,ESTAT:DS-059358(1.0),A,EU27_2020,26113091,QNTUNIT,2011,PST
dataflow,ESTAT:DS-059358(1.0),A,EU27_2020,26113091,QNTUNIT,2012,PST
dataflow,ESTAT:DS-059358(1.0),A,EU27_2020,26113091,QNTUNIT,2013,PST
dataflow,ESTAT:DS-059358(1.0),A,EU27_2020,26113091,QNTUNIT,2014,PST
dataflow,ESTAT:DS-059358(1.0),A,EU27_2020,26113091,QNTUNIT,2015,PST
dataflow,ESTAT:DS-059358(1.0),A,EU27_2020,26113091,QNTUNIT,2016,PST
dataflow,ESTAT:DS-059358(1.0),A,EU27_2020,26113091,QNTUNIT,2017,PST
dataflow,ESTAT:DS-059358(1.0),A,EU27_2020,26113091,QNTUNIT,2018,PST
dataflow,ESTAT:DS-059358(1.0),A,EU27_2020,26113091,QNTUNIT,2019,PST
dataflow,ESTAT:DS-059358(1.0),A,EU27_2020,26113091,QNTUNIT,2020,PST
dataflow,ESTAT:DS-059358(1.0),A,EU27_2020,26113091,QNTUNIT,2021,p/st
dataflow,ESTAT:DS-059358(1.0),A,EU27_2020,26113091,QNTUNIT,2022,p/st
dataflow,ESTAT:DS-059358(1.0),A,EU27_2020,26113091,QNTUNIT,2023,p/st
dataflow,ESTAT:DS-059358(1.0),A,EU27_2020,26113091,QNTUNIT,2024,p/st
dataflow,ESTAT:DS-059358(1.0),A,EU27_2020,26113091,SCPRODQNT,2021,18000
dataflow,ESTAT:DS-059358(1.0),A,EU27_2020,26113091,SCPRODQNT,2022,188000
dataflow,ESTAT:DS-059358(1.0),A,EU27_2020,26113091,SCPRODQNT,2023,60000
dataflow,ESTAT:DS-059358(1.0),A,EU27_2020,26113091,SCPRODQNT,2024,0
dataflow,ESTAT:DS-059358(1.0),A,EU27_2020,26113091,SCPRODVAL,2021,160000
dataflow,ESTAT:DS-059358(1.0),A,EU27_2020,26113091,SCPRODVAL,2022,15240000
dataflow,ESTAT:DS-059358(1.0),A,EU27_2020,26113091,SCPRODVAL,2023,300000
dataflow,ESTAT:DS-059358(1.0),A,EU27_2020,26113091,SCPRODVAL,2024,0
dataflow,ESTAT:DS-059358(1.0),A,EU27_2020,26113091,SCQNTBASE,2021,6000
dataflow,ESTAT:DS-059358(1.0),A,EU27_2020,26113091,SCQNTBASE,2022,4000
dataflow,ESTAT:DS-059358(1.0),A,EU27_2020,26113091,SCQNTBASE,2023,30000
dataflow,ESTAT:DS-059358(1.0),A,EU27_2020,26113091,SCQNTBASE,2024,0
dataflow,ESTAT:DS-059358(1.0),A,EU27_2020,26113091,SCQNTFLAG,2021,:R
dataflow,ESTAT:DS-059358(1.0),A,EU27_2020,26113091,SCQNTFLAG,2022,:R
dataflow,ESTAT:DS-059358(1.0),A,EU27_2020,26113091,SCQNTFLAG,2023,:R
dataflow,ESTAT:DS-059358(1.0),A,EU27_2020,26113091,SCQNTFLAG,2024,:R
dataflow,ESTAT:DS-059358(1.0),A,EU27_2020,26113091,SCVALBASE,2021,80000
dataflow,ESTAT:DS-059358(1.0),A,EU27_2020,26113091,SCVALBASE,2022,20000
dataflow,ESTAT:DS-059358(1.0),A,EU27_2020,26113091,SCVALBASE,2023,300000
dataflow,ESTAT:DS-059358(1.0),A,EU27_2020,26113091,SCVALBASE,2024,0
dataflow,ESTAT:DS-059358(1.0),A,EU27_2020,26113091,SCVALFLAG,2021,:R
dataflow,ESTAT:DS-059358(1.0),A,EU27_2020,26113091,SCVALFLAG,2022,:R
dataflow,ESTAT:DS-059358(1.0),A,EU27_2020,26113091,SCVALFLAG,2023,:R
dataflow,ESTAT:DS-059358(1.0),A,EU27_2020,26113091,SCVALFLAG,2024,:R
dataflow,ESTAT:DS-059358(1.0),A,EU27_2020,26113094,EXPVAL,2007,4181385430
dataflow,ESTAT:DS-059358(1.0),A,EU27_2020,26113094,EXPVAL,2008,4214134520
dataflow,ESTAT:DS-059358(1.0),A,EU27_2020,26113094,EXPVAL,2009,2792468750
dataflow,ESTAT:DS-059358(1.0),A,EU27_2020,26113094,EXPVAL,2010,3502979660
dataflow,ESTAT:DS-059358(1.0),A,EU27_2020,26113094,EXPVAL,2011,4146645080
dataflow,ESTAT:DS-059358(1.0),A,EU27_2020,26113094,EXPVAL,2012,4293730460
dataflow,ESTAT:DS-059358(1.0),A,EU27_2020,26113094,EXPVAL,2013,3943127960
dataflow,ESTAT:DS-059358(1.0),A,EU27_2020,26113094,EXPVAL,2014,4133104280
dataflow,ESTAT:DS-059358(1.0),A,EU27_2020,26113094,EXPVAL,2015,4462792840
dataflow,ESTAT:DS-059358(1.0),A,EU27_2020,26113094,EXPVAL,2016,4168090940
dataflow,ESTAT:DS-059358(1.0),A,EU27_2020,26113094,EXPVAL,2017,4606164640
dataflow,ESTAT:DS-059358(1.0),A,EU27_2020,26113094,EXPVAL,2018,5243186895
dataflow,ESTAT:DS-059358(1.0),A,EU27_2020,26113094,EXPVAL,2019,5438223460
dataflow,ESTAT:DS-059358(1.0),A,EU27_2020,26113094,EXPVAL,2020,4928578197
dataflow,ESTAT:DS-059358(1.0),A,EU27_2020,26113094,EXPVAL,2021,6003032532
dataflow,ESTAT:DS-059358(1.0),A,EU27_2020,26113094,EXPVAL,2022,8853782665
dataflow,ESTAT:DS-059358(1.0),A,EU27_2020,26113094,EXPVAL,2023,8058844164
dataflow,ESTAT:DS-059358(1.0),A,EU27_2020,26113094,EXPVAL,2024,7475649899
dataflow,ESTAT:DS-059358(1.0),A,EU27_2020,26113094,IMPVAL,2007,5322975700
dataflow,ESTAT:DS-059358(1.0),A,EU27_2020,26113094,IMPVAL,2008,5050175430
dataflow,ESTAT:DS-059358(1.0),A,EU27_2020,26113094,IMPVAL,2009,4188765830
dataflow,ESTAT:DS-059358(1.0),A,EU27_2020,26113094,IMPVAL,2010,7053626960
dataflow,ESTAT:DS-059358(1.0),A,EU27_2020,26113094,IMPVAL,2011,5431132490
dataflow,ESTAT:DS-059358(1.0),A,EU27_2020,26113094,IMPVAL,2012,4993376260
dataflow,ESTAT:DS-059358(1.0),A,EU27_2020,26113094,IMPVAL,2013,5209476700
dataflow,ESTAT:DS-059358(1.0),A,EU27_2020,26113094,IMPVAL,2014,5604067950
dataflow,ESTAT:DS-059358(1.0),A,EU27_2020,26113094,IMPVAL,2015,6704440910
dataflow,ESTAT:DS-059358(1.0),A,EU27_2020,26113094,IMPVAL,2016,6813119410
dataflow,ESTAT:DS-059358(1.0),A,EU27_2020,26113094,IMPVAL,2017,8224020760
dataflow,ESTAT:DS-059358(1.0),A,EU27_2020,26113094,IMPVAL,2018,9286972456
dataflow,ESTAT:DS-059358(1.0),A,EU27_2020,26113094,IMPVAL,2019,8924276138
dataflow,ESTAT:DS-059358(1.0),A,EU27_2020,26113094,IMPVAL,2020,8117316478
dataflow,ESTAT:DS-059358(1.0),A,EU27_2020,26113094,IMPVAL,2021,10459464912
dataflow,ESTAT:DS-059358(1.0),A,EU27_2020,26113094,IMPVAL,2022,17025039857
dataflow,ESTAT:DS-059358(1.0),A,EU27_2020,26113094,IMPVAL,2023,14793024064
dataflow,ESTAT:DS-059358(1.0),A,EU27_2020,26113094,IMPVAL,2024,11247785949
dataflow,ESTAT:DS-059358(1.0),A,EU27_2020,26113094,OWNPRODQNT,2021,24000000000
dataflow,ESTAT:DS-059358(1.0),A,EU27_2020,26113094,OWNPRODQNT,2022,18855806961
dataflow,ESTAT:DS-059358(1.0),A,EU27_2020,26113094,OWNPRODQNT,2023,21000000000
dataflow,ESTAT:DS-059358(1.0),A,EU27_2020,26113094,OWNPRODQNT,2024,16000000000
dataflow,ESTAT:DS-059358(1.0),A,EU27_2020,26113094,OWNPRODVAL,2021,8884638991
dataflow,ESTAT:DS-059358(1.0),A,EU27_2020,26113094,OWNPRODVAL,2022,9000000000
dataflow,ESTAT:DS-059358(1.0),A,EU27_2020,26113094,OWNPRODVAL,2023,12287489850
dataflow,ESTAT:DS-059358(1.0),A,EU27_2020,26113094,OWNPRODVAL,2024,12186069042
dataflow,ESTAT:DS-059358(1.0),A,EU27_2020,26113094,OWNQNTBASE,2021,6000000000
dataflow,ESTAT:DS-059358(1.0),A,EU27_2020,26113094,OWNQNTBASE,2023,7000000000
dataflow,ESTAT:DS-059358(1.0),A,EU27_2020,26113094,OWNQNTBASE,2024,8000000000
dataflow,ESTAT:DS-059358(1.0),A,EU27_2020,26113094,OWNQNTFLAG,2021,:R
dataflow,ESTAT:DS-059358(1.0),A,EU27_2020,26113094,OWNQNTFLAG,2022,:E
dataflow,ESTAT:DS-059358(1.0),A,EU27_2020,26113094,OWNQNTFLAG,2023,:R
dataflow,ESTAT:DS-059358(1.0),A,EU27_2020,26113094,OWNQNTFLAG,2024,:R
dataflow,ESTAT:DS-059358(1.0),A,EU27_2020,26113094,OWNVALBASE,2022,3000000000
dataflow,ESTAT:DS-059358(1.0),A,EU27_2020,26113094,OWNVALFLAG,2021,:E
dataflow,ESTAT:DS-059358(1.0),A,EU27_2020,26113094,OWNVALFLAG,2022,:R
dataflow,ESTAT:DS-059358(1.0),A,EU27_2020,26113094,OWNVALFLAG,2023,:E
dataflow,ESTAT:DS-059358(1.0),A,EU27_2020,26113094,PQNTBASE,2008,500000000
dataflow,ESTAT:DS-059358(1.0),A,EU27_2020,26113094,PQNTBASE,2009,70000000
dataflow,ESTAT:DS-059358(1.0),A,EU27_2020,26113094,PQNTBASE,2013,700000000
dataflow,ESTAT:DS-059358(1.0),A,EU27_2020,26113094,PQNTBASE,2014,6000000000
dataflow,ESTAT:DS-059358(1.0),A,EU27_2020,26113094,PQNTBASE,2017,500000000
dataflow,ESTAT:DS-059358(1.0),A,EU27_2020,26113094,PQNTBASE,2018,60000000
dataflow,ESTAT:DS-059358(1.0),A,EU27_2020,26113094,PQNTBASE,2021,1000000000
dataflow,ESTAT:DS-059358(1.0),A,EU27_2020,26113094,PQNTBASE,2024,800000000
dataflow,ESTAT:DS-059358(1.0),A,EU27_2020,26113094,PQNTFLAG,2007,:E
dataflow,ESTAT:DS-059358(1.0),A,EU27_2020,26113094,PQNTFLAG,2008,:R
dataflow,ESTAT:DS-059358(1.0),A,EU27_2020,26113094,PQNTFLAG,2009,:R
dataflow,ESTAT:DS-059358(1.0),A,EU27_2020,26113094,PQNTFLAG,2011,:E
dataflow,ESTAT:DS-059358(1.0),A,EU27_2020,26113094,PQNTFLAG,2012,:E
dataflow,ESTAT:DS-059358(1.0),A,EU27_2020,26113094,PQNTFLAG,2013,:R
dataflow,ESTAT:DS-059358(1.0),A,EU27_2020,26113094,PQNTFLAG,2014,:R
dataflow,ESTAT:DS-059358(1.0),A,EU27_2020,26113094,PQNTFLAG,2015,:E
dataflow,ESTAT:DS-059358(1.0),A,EU27_2020,26113094,PQNTFLAG,2016,:E
dataflow,ESTAT:DS-059358(1.0),A,EU27_2020,26113094,PQNTFLAG,2017,:R
dataflow,ESTAT:DS-059358(1.0),A,EU27_2020,26113094,PQNTFLAG,2018,:R
dataflow,ESTAT:DS-059358(1.0),A,EU27_2020,26113094,PQNTFLAG,2019,:E
dataflow,ESTAT:DS-059358(1.0),A,EU27_2020,26113094,PQNTFLAG,2020,:E
dataflow,ESTAT:DS-059358(1.0),A,EU27_2020,26113094,PQNTFLAG,2021,:R
dataflow,ESTAT:DS-059358(1.0),A,EU27_2020,26113094,PQNTFLAG,2022,:E
dataflow,ESTAT:DS-059358(1.0),A,EU27_2020,26113094,PQNTFLAG,2023,:E
dataflow,ESTAT:DS-059358(1.0),A,EU27_2020,26113094,PQNTFLAG,2024,:R
dataflow,ESTAT:DS-059358(1.0),A,EU27_2020,26113094,PRODQNT,2007,7079865588
dataflow,ESTAT:DS-059358(1.0),A,EU27_2020,26113094,PRODQNT,2008,6000000000
dataflow,ESTAT:DS-059358(1.0),A,EU27_2020,26113094,PRODQNT,2009,4718266559
dataflow,ESTAT:DS-059358(1.0),A,EU27_2020,26113094,PRODQNT,2010,5385489952
dataflow,ESTAT:DS-059358(1.0),A,EU27_2020,26113094,PRODQNT,2011,5503654046
dataflow,ESTAT:DS-059358(1.0),A,EU27_2020,26113094,PRODQNT,2012,5627136744
dataflow,ESTAT:DS-059358(1.0),A,EU27_2020,26113094,PRODQNT,2013,6274692724
dataflow,ESTAT:DS-059358(1.0),A,EU27_2020,26113094,PRODQNT,2014,11992882802
dataflow,ESTAT:DS-059358(1.0),A,EU27_2020,26113094,PRODQNT,2015,11408858939
dataflow,ESTAT:DS-059358(1.0),A,EU27_2020,26113094,PRODQNT,2016,11403770779
dataflow,ESTAT:DS-059358(1.0),A,EU27_2020,26113094,PRODQNT,2017,12991989934
dataflow,ESTAT:DS-059358(1.0),A,EU27_2020,26113094,PRODQNT,2018,15052967178
dataflow,ESTAT:DS-059358(1.0),A,EU27_2020,26113094,PRODQNT,2019,15219388007
dataflow,ESTAT:DS-059358(1.0),A,EU27_2020,26113094,PRODQNT,2020,17194577742
dataflow,ESTAT:DS-059358(1.0),A,EU27_2020,26113094,PRODQNT,2021,20000000000
dataflow,ESTAT:DS-059358(1.0),A,EU27_2020,26113094,PRODQNT,2022,19396051331
dataflow,ESTAT:DS-059358(1.0),A,EU27_2020,26113094,PRODQNT,2023,19469498645
dataflow,ESTAT:DS-059358(1.0),A,EU27_2020,26113094,PRODQNT,2024,20000000000
dataflow,ESTAT:DS-059358(1.0),A,EU27_2020,26113094,PRODVAL,2007,5652891976
dataflow,ESTAT:DS-059358(1.0),A,EU27_2020,26113094,PRODVAL,2008,5460348847
dataflow,ESTAT:DS-059358(1.0),A,EU27_2020,26113094,PRODVAL,2009,3154982094
dataflow,ESTAT:DS-059358(1.0),A,EU27_2020,26113094,PRODVAL,2010,4200269951
dataflow,ESTAT:DS-059358(1.0),A,EU27_2020,26113094,PRODVAL,2011,4233484337
dataflow,ESTAT:DS-059358(1.0),A,EU27_2020,26113094,PRODVAL,2012,4190224492
dataflow,ESTAT:DS-059358(1.0),A,EU27_2020,26113094,PRODVAL,2013,4387438269
dataflow,ESTAT:DS-059358(1.0),A,EU27_2020,26113094,PRODVAL,2014,4740231097
dataflow,ESTAT:DS-059358(1.0),A,EU27_2020,26113094,PRODVAL,2015,5005203219
dataflow,ESTAT:DS-059358(1.0),A,EU27_2020,26113094,PRODVAL,2016,5220854762
dataflow,ESTAT:DS-059358(1.0),A,EU27_2020,26113094,PRODVAL,2017,5773114592
dataflow,ESTAT:DS-059358(1.0),A,EU27_2020,26113094,PRODVAL,2018,6470525862
dataflow,ESTAT:DS-059358(1.0),A,EU27_2020,26113094,PRODVAL,2019,8256698854
dataflow,ESTAT:DS-059358(1.0),A,EU27_2020,26113094,PRODVAL,2020,7600000000
dataflow,ESTAT:DS-059358(1.0),A,EU27_2020,26113094,PRODVAL,2021,9036291400
dataflow,ESTAT:DS-059358(1.0),A,EU27_2020,26113094,PRODVAL,2022,9800000000
dataflow,ESTAT:DS-059358(1.0),A,EU27_2020,26113094,PRODVAL,2023,12520374010
dataflow,ESTAT:DS-059358(1.0),A,EU27_2020,26113094,PRODVAL,2024,12430092292
dataflow,ESTAT:DS-059358(1.0),A,EU27_2020,26113094,PVALBASE,2015,6000000
dataflow,ESTAT:DS-059358(1.0),A,EU27_2020,26113094,PVALBASE,2017,6000000
dataflow,ESTAT:DS-059358(1.0),A,EU27_2020,26113094,PVALBASE,2018,6000000
dataflow,ESTAT:DS-059358(1.0),A,EU27_2020,26113094,PVALBASE,2020,400000000
dataflow,ESTAT:DS-059358(1.0),A,EU27_2020,26113094,PVALBASE,2022,700000000
dataflow,ESTAT:DS-059358(1.0),A,EU27_2020,26113094,PVALFLAG,2008,:E
dataflow,ESTAT:DS-059358(1.0),A,EU27_2020,26113094,PVALFLAG,2015,:R
dataflow,ESTAT:DS-059358(1.0),A,EU27_2020,26113094,PVALFLAG,2017,:R
dataflow,ESTAT:DS-059358(1.0),A,EU27_2020,26113094,PVALFLAG,2018,:R
dataflow,ESTAT:DS-059358(1.0),A,EU27_2020,26113094,PVALFLAG,2020,:R
dataflow,ESTAT:DS-059358(1.0),A,EU27_2020,26113094,PVALFLAG,2021,:E
dataflow,ESTAT:DS-059358(1.0),A,EU27_2020,26113094,PVALFLAG,2022,:R
dataflow,ESTAT:DS-059358(1.0),A,EU27_2020,26113094,PVALFLAG,2023,:E
dataflow,ESTAT:DS-059358(1.0),A,EU27_2020,26113094,PVALFLAG,2024,:E
dataflow,ESTAT:DS-059358(1.0),A,EU27_2020,26113094,QNTUNIT,2007,PST
dataflow,ESTAT:DS-059358(1.0),A,EU27_2020,26113094,QNTUNIT,2008,PST
dataflow,ESTAT:DS-059358(1.0),A,EU27_2020,26113094,QNTUNIT,2009,PST
dataflow,ESTAT:DS-059358(1.0),A,EU27_2020,26113094,QNTUNIT,2010,PST
dataflow,ESTAT:DS-059358(1.0),A,EU27_2020,26113094,QNTUNIT,2011,PST
dataflow,ESTAT:DS-059358(1.0),A,EU27_2020,26113094,QNTUNIT,2012,PST
dataflow,ESTAT:DS-059358(1.0),A,EU27_2020,26113094,QNTUNIT,2013,PST
dataflow,ESTAT:DS-059358(1.0),A,EU27_2020,26113094,QNTUNIT,2014,PST
dataflow,ESTAT:DS-059358(1.0),A,EU27_2020,26113094,QNTUNIT,2015,PST
dataflow,ESTAT:DS-059358(1.0),A,EU27_2020,26113094,QNTUNIT,2016,PST
dataflow,ESTAT:DS-059358(1.0),A,EU27_2020,26113094,QNTUNIT,2017,PST
dataflow,ESTAT:DS-059358(1.0),A,EU27_2020,26113094,QNTUNIT,2018,PST
dataflow,ESTAT:DS-059358(1.0),A,EU27_2020,26113094,QNTUNIT,2019,PST
dataflow,ESTAT:DS-059358(1.0),A,EU27_2020,26113094,QNTUNIT,2020,PST
dataflow,ESTAT:DS-059358(1.0),A,EU27_2020,26113094,QNTUNIT,2021,p/st
dataflow,ESTAT:DS-059358(1.0),A,EU27_2020,26113094,QNTUNIT,2022,p/st
dataflow,ESTAT:DS-059358(1.0),A,EU27_2020,26113094,QNTUNIT,2023,p/st
dataflow,ESTAT:DS-059358(1.0),A,EU27_2020,26113094,QNTUNIT,2024,p/st
dataflow,ESTAT:DS-059358(1.0),A,EU27_2020,26113094,SCPRODQNT,2021,909935307
dataflow,ESTAT:DS-059358(1.0),A,EU27_2020,26113094,SCPRODQNT,2022,540244369
dataflow,ESTAT:DS-059358(1.0),A,EU27_2020,26113094,SCPRODQNT,2023,420000000
dataflow,ESTAT:DS-059358(1.0),A,EU27_2020,26113094,SCPRODQNT,2024,421127553
dataflow,ESTAT:DS-059358(1.0),A,EU27_2020,26113094,SCPRODVAL,2021,151651613
dataflow,ESTAT:DS-059358(1.0),A,EU27_2020,26113094,SCPRODVAL,2022,174363637
dataflow,ESTAT:DS-059358(1.0),A,EU27_2020,26113094,SCPRODVAL,2023,232883160
dataflow,ESTAT:DS-059358(1.0),A,EU27_2020,26113094,SCPRODVAL,2024,244024049
dataflow,ESTAT:DS-059358(1.0),A,EU27_2020,26113094,SCQNTBASE,2023,30000000
dataflow,ESTAT:DS-059358(1.0),A,EU27_2020,26113094,SCQNTFLAG,2021,:E
dataflow,ESTAT:DS-059358(1.0),A,EU27_2020,26113094,SCQNTFLAG,2022,:E
dataflow,ESTAT:DS-059358(1.0),A,EU27_2020,26113094,SCQNTFLAG,2023,:R
dataflow,ESTAT:DS-059358(1.0),A,EU27_2020,26113094,SCQNTFLAG,2024,:E
dataflow,ESTAT:DS-059358(1.0),A,EU27_2020,26113094,SCVALFLAG,2021,:E
dataflow,ESTAT:DS-059358(1.0),A,EU27_2020,26113094,SCVALFLAG,2022,:E
dataflow,ESTAT:DS-059358(1.0),A,EU27_2020,26113094,SCVALFLAG,2023,:E
dataflow,ESTAT:DS-059358(1.0),A,EU27_2020,26113094,SCVALFLAG,2024,:E
dataflow,ESTAT:DS-059358(1.0),A,EU27_2020,26114070,EXPVAL,2003,114266930
dataflow,ESTAT:DS-059358(1.0),A,EU27_2020,26114070,EXPVAL,2004,142896310
dataflow,ESTAT:DS-059358(1.0),A,EU27_2020,26114070,EXPVAL,2006,151335190
dataflow,ESTAT:DS-059358(1.0),A,EU27_2020,26114070,EXPVAL,2007,170910730
dataflow,ESTAT:DS-059358(1.0),A,EU27_2020,26114070,EXPVAL,2008,178577620
dataflow,ESTAT:DS-059358(1.0),A,EU27_2020,26114070,EXPVAL,2009,184581250
dataflow,ESTAT:DS-059358(1.0),A,EU27_2020,26114070,EXPVAL,2010,209928530
dataflow,ESTAT:DS-059358(1.0),A,EU27_2020,26114070,EXPVAL,2011,223490130
dataflow,ESTAT:DS-059358(1.0),A,EU27_2020,26114070,EXPVAL,2012,179950460
dataflow,ESTAT:DS-059358(1.0),A,EU27_2020,26114070,EXPVAL,2013,194674810
dataflow,ESTAT:DS-059358(1.0),A,EU27_2020,26114070,EXPVAL,2014,173318720
dataflow,ESTAT:DS-059358(1.0),A,EU27_2020,26114070,EXPVAL,2015,185596170
dataflow,ESTAT:DS-059358(1.0),A,EU27_2020,26114070,EXPVAL,2016,167362030
dataflow,ESTAT:DS-059358(1.0),A,EU27_2020,26114070,EXPVAL,2017,184279030
dataflow,ESTAT:DS-059358(1.0),A,EU27_2020,26114070,EXPVAL,2018,183979783
dataflow,ESTAT:DS-059358(1.0),A,EU27_2020,26114070,EXPVAL,2019,152722002
dataflow,ESTAT:DS-059358(1.0),A,EU27_2020,26114070,EXPVAL,2020,133990169
dataflow,ESTAT:DS-059358(1.0),A,EU27_2020,26114070,EXPVAL,2021,146325910
dataflow,ESTAT:DS-059358(1.0),A,EU27_2020,26114070,EXPVAL,2022,180222444
dataflow,ESTAT:DS-059358(1.0),A,EU27_2020,26114070,EXPVAL,2023,146272644
dataflow,ESTAT:DS-059358(1.0),A,EU27_2020,26114070,EXPVAL,2024,153160329
dataflow,ESTAT:DS-059358(1.0),A,EU27_2020,26114070,IMPVAL,2003,54691550
dataflow,ESTAT:DS-059358(1.0),A,EU27_2020,26114070,IMPVAL,2004,55720710
dataflow,ESTAT:DS-059358(1.0),A,EU27_2020,26114070,IMPVAL,2006,59520960
dataflow,ESTAT:DS-059358(1.0),A,EU27_2020,26114070,IMPVAL,2007,70584140
dataflow,ESTAT:DS-059358(1.0),A,EU27_2020,26114070,IMPVAL,2008,155323370
dataflow,ESTAT:DS-059358(1.0),A,EU27_2020,26114070,IMPVAL,2009,128789420
dataflow,ESTAT:DS-059358(1.0),A,EU27_2020,26114070,IMPVAL,2010,299092930
dataflow,ESTAT:DS-059358(1.0),A,EU27_2020,26114070,IMPVAL,2011,254629930
dataflow,ESTAT:DS-059358(1.0),A,EU27_2020,26114070,IMPVAL,2012,126354020
dataflow,ESTAT:DS-059358(1.0),A,EU27_2020,26114070,IMPVAL,2013,100046220
dataflow,ESTAT:DS-059358(1.0),A,EU27_2020,26114070,IMPVAL,2014,91059230
dataflow,ESTAT:DS-059358(1.0),A,EU27_2020,26114070,IMPVAL,2015,99461060
dataflow,ESTAT:DS-059358(1.0),A,EU27_2020,26114070,IMPVAL,2016,95608350
dataflow,ESTAT:DS-059358(1.0),A,EU27_2020,26114070,IMPVAL,2017,117824940
dataflow,ESTAT:DS-059358(1.0),A,EU27_2020,26114070,IMPVAL,2018,102779798
dataflow,ESTAT:DS-059358(1.0),A,EU27_2020,26114070,IMPVAL,2019,125371957
dataflow,ESTAT:DS-059358(1.0),A,EU27_2020,26114070,IMPVAL,2020,123859916
dataflow,ESTAT:DS-059358(1.0),A,EU27_2020,26114070,IMPVAL,2021,155374957
dataflow,ESTAT:DS-059358(1.0),A,EU27_2020,26114070,IMPVAL,2022,264053261
dataflow,ESTAT:DS-059358(1.0),A,EU27_2020,26114070,IMPVAL,2023,214882624
dataflow,ESTAT:DS-059358(1.0),A,EU27_2020,26114070,IMPVAL,2024,103038121
dataflow,ESTAT:DS-059358(1.0),A,EU27_2020,26114070,OWNPRODVAL,2021,1200000000
dataflow,ESTAT:DS-059358(1.0),A,EU27_2020,26114070,OWNPRODVAL,2022,802262438
dataflow,ESTAT:DS-059358(1.0),A,EU27_2020,26114070,OWNPRODVAL,2023,500000000
dataflow,ESTAT:DS-059358(1.0),A,EU27_2020,26114070,OWNPRODVAL,2024,500000000
dataflow,ESTAT:DS-059358(1.0),A,EU27_2020,26114070,OWNQNTFLAG,2021,-
dataflow,ESTAT:DS-059358(1.0),A,EU27_2020,26114070,OWNQNTFLAG,2022,-
dataflow,ESTAT:DS-059358(1.0),A,EU27_2020,26114070,OWNQNTFLAG,2023,-
dataflow,ESTAT:DS-059358(1.0),A,EU27_2020,26114070,OWNQNTFLAG,2024,-
dataflow,ESTAT:DS-059358(1.0),A,EU27_2020,26114070,OWNVALBASE,2021,600000000
dataflow,ESTAT:DS-059358(1.0),A,EU27_2020,26114070,OWNVALBASE,2023,500000000
dataflow,ESTAT:DS-059358(1.0),A,EU27_2020,26114070,OWNVALBASE,2024,500000000
dataflow,ESTAT:DS-059358(1.0),A,EU27_2020,26114070,OWNVALFLAG,2021,:R
dataflow,ESTAT:DS-059358(1.0),A,EU27_2020,26114070,OWNVALFLAG,2022,:E
dataflow,ESTAT:DS-059358(1.0),A,EU27_2020,26114070,OWNVALFLAG,2023,:R
dataflow,ESTAT:DS-059358(1.0),A,EU27_2020,26114070,OWNVALFLAG,2024,:R
dataflow,ESTAT:DS-059358(1.0),A,EU27_2020,26114070,PQNTFLAG,2003,-
dataflow,ESTAT:DS-059358(1.0),A,EU27_2020,26114070,PQNTFLAG,2004,-
dataflow,ESTAT:DS-059358(1.0),A,EU27_2020,26114070,PQNTFLAG,2005,-
dataflow,ESTAT:DS-059358(1.0),A,EU27_2020,26114070,PQNTFLAG,2006,-
dataflow,ESTAT:DS-059358(1.0),A,EU27_2020,26114070,PQNTFLAG,2007,-
dataflow,ESTAT:DS-059358(1.0),A,EU27_2020,26114070,PQNTFLAG,2008,-
dataflow,ESTAT:DS-059358(1.0),A,EU27_2020,26114070,PQNTFLAG,2009,-
dataflow,ESTAT:DS-059358(1.0),A,EU27_2020,26114070,PQNTFLAG,2010,-
dataflow,ESTAT:DS-059358(1.0),A,EU27_2020,26114070,PQNTFLAG,2011,-
dataflow,ESTAT:DS-059358(1.0),A,EU27_2020,26114070,PQNTFLAG,2012,-
dataflow,ESTAT:DS-059358(1.0),A,EU27_2020,26114070,PQNTFLAG,2013,-
dataflow,ESTAT:DS-059358(1.0),A,EU27_2020,26114070,PQNTFLAG,2014,-
dataflow,ESTAT:DS-059358(1.0),A,EU27_2020,26114070,PQNTFLAG,2015,-
dataflow,ESTAT:DS-059358(1.0),A,EU27_2020,26114070,PQNTFLAG,2016,-
dataflow,ESTAT:DS-059358(1.0),A,EU27_2020,26114070,PQNTFLAG,2017,-
dataflow,ESTAT:DS-059358(1.0),A,EU27_2020,26114070,PQNTFLAG,2018,-
dataflow,ESTAT:DS-059358(1.0),A,EU27_2020,26114070,PQNTFLAG,2019,-
dataflow,ESTAT:DS-059358(1.0),A,EU27_2020,26114070,PQNTFLAG,2020,-
dataflow,ESTAT:DS-059358(1.0),A,EU27_2020,26114070,PQNTFLAG,2021,-
dataflow,ESTAT:DS-059358(1.0),A,EU27_2020,26114070,PQNTFLAG,2022,-
dataflow,ESTAT:DS-059358(1.0),A,EU27_2020,26114070,PQNTFLAG,2023,-
dataflow,ESTAT:DS-059358(1.0),A,EU27_2020,26114070,PQNTFLAG,2024,-
dataflow,ESTAT:DS-059358(1.0),A,EU27_2020,26114070,PRODVAL,2003,615973066
dataflow,ESTAT:DS-059358(1.0),A,EU27_2020,26114070,PRODVAL,2004,659788910
dataflow,ESTAT:DS-059358(1.0),A,EU27_2020,26114070,PRODVAL,2005,618691779
dataflow,ESTAT:DS-059358(1.0),A,EU27_2020,26114070,PRODVAL,2006,569262152
dataflow,ESTAT:DS-059358(1.0),A,EU27_2020,26114070,PRODVAL,2007,587512591
dataflow,ESTAT:DS-059358(1.0),A,EU27_2020,26114070,PRODVAL,2008,541384755
dataflow,ESTAT:DS-059358(1.0),A,EU27_2020,26114070,PRODVAL,2009,423676565
dataflow,ESTAT:DS-059358(1.0),A,EU27_2020,26114070,PRODVAL,2010,665239362
dataflow,ESTAT:DS-059358(1.0),A,EU27_2020,26114070,PRODVAL,2011,802847857
dataflow,ESTAT:DS-059358(1.0),A,EU27_2020,26114070,PRODVAL,2012,651148853
dataflow,ESTAT:DS-059358(1.0),A,EU27_2020,26114070,PRODVAL,2013,709346694
dataflow,ESTAT:DS-059358(1.0),A,EU27_2020,26114070,PRODVAL,2014,646660979
dataflow,ESTAT:DS-059358(1.0),A,EU27_2020,26114070,PRODVAL,2015,698559005
dataflow,ESTAT:DS-059358(1.0),A,EU27_2020,26114070,PRODVAL,2016,695715334
dataflow,ESTAT:DS-059358(1.0),A,EU27_2020,26114070,PRODVAL,2017,833007472
dataflow,ESTAT:DS-059358(1.0),A,EU27_2020,26114070,PRODVAL,2018,858784797
dataflow,ESTAT:DS-059358(1.0),A,EU27_2020,26114070,PRODVAL,2019,793797827
dataflow,ESTAT:DS-059358(1.0),A,EU27_2020,26114070,PRODVAL,2020,774194191
dataflow,ESTAT:DS-059358(1.0),A,EU27_2020,26114070,PRODVAL,2021,850000000
dataflow,ESTAT:DS-059358(1.0),A,EU27_2020,26114070,PRODVAL,2022,822410981
dataflow,ESTAT:DS-059358(1.0),A,EU27_2020,26114070,PRODVAL,2023,500000000
dataflow,ESTAT:DS-059358(1.0),A,EU27_2020,26114070,PRODVAL,2024,885925710
dataflow,ESTAT:DS-059358(1.0),A,EU27_2020,26114070,PVALBASE,2021,50000000
dataflow,ESTAT:DS-059358(1.0),A,EU27_2020,26114070,PVALBASE,2023,500000000
dataflow,ESTAT:DS-059358(1.0),A,EU27_2020,26114070,PVALFLAG,2003,:E
dataflow,ESTAT:DS-059358(1.0),A,EU27_2020,26114070,PVALFLAG,2015,:E
dataflow,ESTAT:DS-059358(1.0),A,EU27_2020,26114070,PVALFLAG,2019,:E
dataflow,ESTAT:DS-059358(1.0),A,EU27_2020,26114070,PVALFLAG,2021,:R
dataflow,ESTAT:DS-059358(1.0),A,EU27_2020,26114070,PVALFLAG,2022,:E
dataflow,ESTAT:DS-059358(1.0),A,EU27_2020,26114070,PVALFLAG,2023,:R
dataflow,ESTAT:DS-059358(1.0),A,EU27_2020,26114070,SCPRODVAL,2021,16524463
dataflow,ESTAT:DS-059358(1.0),A,EU27_2020,26114070,SCPRODVAL,2022,20147543
dataflow,ESTAT:DS-059358(1.0),A,EU27_2020,26114070,SCPRODVAL,2023,19799904
dataflow,ESTAT:DS-059358(1.0),A,EU27_2020,26114070,SCPRODVAL,2024,16000000
dataflow,ESTAT:DS-059358(1.0),A,EU27_2020,26114070,SCQNTFLAG,2021,-
dataflow,ESTAT:DS-059358(1.0),A,EU27_2020,26114070,SCQNTFLAG,2022,-
dataflow,ESTAT:DS-059358(1.0),A,EU27_2020,26114070,SCQNTFLAG,2023,-
dataflow,ESTAT:DS-059358(1.0),A,EU27_2020,26114070,SCQNTFLAG,2024,-
dataflow,ESTAT:DS-059358(1.0),A,EU27_2020,26114070,SCVALBASE,2024,4000000
dataflow,ESTAT:DS-059358(1.0),A,EU27_2020,26114070,SCVALFLAG,2024,:R
dataflow,ESTAT:DS-059358(1.0),A,EU27_2020,26702392,EXPQNT,2022,4297914
dataflow,ESTAT:DS-059358(1.0),A,EU27_2020,26702392,EXPQNT,2023,9012888
dataflow,ESTAT:DS-059358(1.0),A,EU27_2020,26702392,EXPQNT,2024,9461106
dataflow,ESTAT:DS-059358(1.0),A,EU27_2020,26702392,EXPVAL,2022,443581488
dataflow,ESTAT:DS-059358(1.0),A,EU27_2020,26702392,EXPVAL,2023,1039547153
dataflow,ESTAT:DS-059358(1.0),A,EU27_2020,26702392,EXPVAL,2024,1337611236
dataflow,ESTAT:DS-059358(1.0),A,EU27_2020,26702392,IMPQNT,2022,107718300
dataflow,ESTAT:DS-059358(1.0),A,EU27_2020,26702392,IMPQNT,2023,112343668
dataflow,ESTAT:DS-059358(1.0),A,EU27_2020,26702392,IMPQNT,2024,121351543
dataflow,ESTAT:DS-059358(1.0),A,EU27_2020,26702392,IMPVAL,2022,5088507989
dataflow,ESTAT:DS-059358(1.0),A,EU27_2020,26702392,IMPVAL,2023,5046732832
dataflow,ESTAT:DS-059358(1.0),A,EU27_2020,26702392,IMPVAL,2024,6280379238
dataflow,ESTAT:DS-059358(1.0),A,EU27_2020,26702392,OWNPRODQNT,2022,2797
dataflow,ESTAT:DS-059358(1.0),A,EU27_2020,26702392,OWNPRODQNT,2023,280000
dataflow,ESTAT:DS-059358(1.0),A,EU27_2020,26702392,OWNPRODQNT,2024,251306
dataflow,ESTAT:DS-059358(1.0),A,EU27_2020,26702392,OWNPRODVAL,2022,180000000
dataflow,ESTAT:DS-059358(1.0),A,EU27_2020,26702392,OWNPRODVAL,2023,80000000
dataflow,ESTAT:DS-059358(1.0),A,EU27_2020,26702392,OWNPRODVAL,2024,176232328
dataflow,ESTAT:DS-059358(1.0),A,EU27_2020,26702392,OWNQNTBASE,2023,70000
dataflow,ESTAT:DS-059358(1.0),A,EU27_2020,26702392,OWNQNTFLAG,2022,:E
dataflow,ESTAT:DS-059358(1.0),A,EU27_2020,26702392,OWNQNTFLAG,2023,:R
dataflow,ESTAT:DS-059358(1.0),A,EU27_2020,26702392,OWNQNTFLAG,2024,:E
dataflow,ESTAT:DS-059358(1.0),A,EU27_2020,26702392,OWNVALBASE,2022,4000000
dataflow,ESTAT:DS-059358(1.0),A,EU27_2020,26702392,OWNVALBASE,2023,80000000
dataflow,ESTAT:DS-059358(1.0),A,EU27_2020,26702392,OWNVALFLAG,2022,:R
dataflow,ESTAT:DS-059358(1.0),A,EU27_2020,26702392,OWNVALFLAG,2023,:R
dataflow,ESTAT:DS-059358(1.0),A,EU27_2020,26702392,OWNVALFLAG,2024,:E
dataflow,ESTAT:DS-059358(1.0),A,EU27_2020,26702392,PQNTBASE,2023,70000
dataflow,ESTAT:DS-059358(1.0),A,EU27_2020,26702392,PQNTBASE,2024,100000
dataflow,ESTAT:DS-059358(1.0),A,EU27_2020,26702392,PQNTFLAG,2022,:E
dataflow,ESTAT:DS-059358(1.0),A,EU27_2020,26702392,PQNTFLAG,2023,:R
dataflow,ESTAT:DS-059358(1.0),A,EU27_2020,26702392,PQNTFLAG,2024,:R
dataflow,ESTAT:DS-059358(1.0),A,EU27_2020,26702392,PRODQNT,2022,2797
dataflow,ESTAT:DS-059358(1.0),A,EU27_2020,26702392,PRODQNT,2023,210000
dataflow,ESTAT:DS-059358(1.0),A,EU27_2020,26702392,PRODQNT,2024,200000
dataflow,ESTAT:DS-059358(1.0),A,EU27_2020,26702392,PRODVAL,2022,186000000
dataflow,ESTAT:DS-059358(1.0),A,EU27_2020,26702392,PRODVAL,2023,120000000
dataflow,ESTAT:DS-059358(1.0),A,EU27_2020,26702392,PRODVAL,2024,200000000
dataflow,ESTAT:DS-059358(1.0),A,EU27_2020,26702392,PVALBASE,2022,6000000
dataflow,ESTAT:DS-059358(1.0),A,EU27_2020,26702392,PVALBASE,2023,20000000
dataflow,ESTAT:DS-059358(1.0),A,EU27_2020,26702392,PVALBASE,2024,50000000
dataflow,ESTAT:DS-059358(1.0),A,EU27_2020,26702392,PVALFLAG,2022,:R
dataflow,ESTAT:DS-059358(1.0),A,EU27_2020,26702392,PVALFLAG,2023,:R
dataflow,ESTAT:DS-059358(1.0),A,EU27_2020,26702392,PVALFLAG,2024,:R
dataflow,ESTAT:DS-059358(1.0),A,EU27_2020,26702392,QNTUNIT,2022,p/st
dataflow,ESTAT:DS-059358(1.0),A,EU27_2020,26702392,QNTUNIT,2023,p/st
dataflow,ESTAT:DS-059358(1.0),A,EU27_2020,26702392,QNTUNIT,2024,p/st
dataflow,ESTAT:DS-059358(1.0),A,EU27_2020,26702392,SCPRODQNT,2022,0
dataflow,ESTAT:DS-059358(1.0),A,EU27_2020,26702392,SCPRODQNT,2023,0
dataflow,ESTAT:DS-059358(1.0),A,EU27_2020,26702392,SCPRODQNT,2024,4000
dataflow,ESTAT:DS-059358(1.0),A,EU27_2020,26702392,SCPRODVAL,2022,1500000
dataflow,ESTAT:DS-059358(1.0),A,EU27_2020,26702392,SCPRODVAL,2023,1400000
dataflow,ESTAT:DS-059358(1.0),A,EU27_2020,26702392,SCPRODVAL,2024,700000
dataflow,ESTAT:DS-059358(1.0),A,EU27_2020,26702392,SCQNTBASE,2024,4000
dataflow,ESTAT:DS-059358(1.0),A,EU27_2020,26702392,SCQNTFLAG,2024,:R
dataflow,ESTAT:DS-059358(1.0),A,EU27_2020,26702392,SCVALBASE,2022,500000
dataflow,ESTAT:DS-059358(1.0),A,EU27_2020,26702392,SCVALBASE,2023,700000
dataflow,ESTAT:DS-059358(1.0),A,EU27_2020,26702392,SCVALBASE,2024,700000
dataflow,ESTAT:DS-059358(1.0),A,EU27_2020,26702392,SCVALFLAG,2022,:R
dataflow,ESTAT:DS-059358(1.0),A,EU27_2020,26702392,SCVALFLAG,2023,:R
dataflow,ESTAT:DS-059358(1.0),A,EU27_2020,26702392,SCVALFLAG,2024,:R
dataflow,ESTAT:DS-059358(1.0),A,EU27_2020,27902050,EXPQNT,2003,884300
dataflow,ESTAT:DS-059358(1.0),A,EU27_2020,27902050,EXPQNT,2004,829100
dataflow,ESTAT:DS-059358(1.0),A,EU27_2020,27902050,EXPQNT,2006,1080700
dataflow,ESTAT:DS-059358(1.0),A,EU27_2020,27902050,EXPQNT,2007,1499500
dataflow,ESTAT:DS-059358(1.0),A,EU27_2020,27902050,EXPQNT,2008,1537000
dataflow,ESTAT:DS-059358(1.0),A,EU27_2020,27902050,EXPQNT,2009,1758800
dataflow,ESTAT:DS-059358(1.0),A,EU27_2020,27902050,EXPQNT,2010,1893400
dataflow,ESTAT:DS-059358(1.0),A,EU27_2020,27902050,EXPQNT,2011,1790400
dataflow,ESTAT:DS-059358(1.0),A,EU27_2020,27902050,EXPQNT,2012,1809200
dataflow,ESTAT:DS-059358(1.0),A,EU27_2020,27902050,EXPQNT,2013,1339100
dataflow,ESTAT:DS-059358(1.0),A,EU27_2020,27902050,EXPQNT,2014,1344300
dataflow,ESTAT:DS-059358(1.0),A,EU27_2020,27902050,EXPQNT,2015,1274500
dataflow,ESTAT:DS-059358(1.0),A,EU27_2020,27902050,EXPQNT,2016,1740800
dataflow,ESTAT:DS-059358(1.0),A,EU27_2020,27902050,EXPQNT,2017,1420000
dataflow,ESTAT:DS-059358(1.0),A,EU27_2020,27902050,EXPQNT,2018,1815947
dataflow,ESTAT:DS-059358(1.0),A,EU27_2020,27902050,EXPQNT,2019,2099986
dataflow,ESTAT:DS-059358(1.0),A,EU27_2020,27902050,EXPQNT,2020,1300133
dataflow,ESTAT:DS-059358(1.0),A,EU27_2020,27902050,EXPQNT,2021,1167677
dataflow,ESTAT:DS-059358(1.0),A,EU27_2020,27902050,EXPQNT,2022,1197945
dataflow,ESTAT:DS-059358(1.0),A,EU27_2020,27902050,EXPQNT,2023,1411306
dataflow,ESTAT:DS-059358(1.0),A,EU27_2020,27902050,EXPQNT,2024,1258892
dataflow,ESTAT:DS-059358(1.0),A,EU27_2020,27902050,EXPVAL,2003,91115910
dataflow,ESTAT:DS-059358(1.0),A,EU27_2020,27902050,EXPVAL,2004,95083910
dataflow,ESTAT:DS-059358(1.0),A,EU27_2020,27902050,EXPVAL,2006,110895870
dataflow,ESTAT:DS-059358(1.0),A,EU27_2020,27902050,EXPVAL,2007,141523420
dataflow,ESTAT:DS-059358(1.0),A,EU27_2020,27902050,EXPVAL,2008,126537350
dataflow,ESTAT:DS-059358(1.0),A,EU27_2020,27902050,EXPVAL,2009,114930880
dataflow,ESTAT:DS-059358(1.0),A,EU27_2020,27902050,EXPVAL,2010,126665500
dataflow,ESTAT:DS-059358(1.0),A,EU27_2020,27902050,EXPVAL,2011,132089860
dataflow,ESTAT:DS-059358(1.0),A,EU27_2020,27902050,EXPVAL,2012,137738650
dataflow,ESTAT:DS-059358(1.0),A,EU27_2020,27902050,EXPVAL,2013,110749750
dataflow,ESTAT:DS-059358(1.0),A,EU27_2020,27902050,EXPVAL,2014,98770480
dataflow,ESTAT:DS-059358(1.0),A,EU27_2020,27902050,EXPVAL,2015,109338760
dataflow,ESTAT:DS-059358(1.0),A,EU27_2020,27902050,EXPVAL,2016,106727300
dataflow,ESTAT:DS-059358(1.0),A,EU27_2020,27902050,EXPVAL,2017,132273920
dataflow,ESTAT:DS-059358(1.0),A,EU27_2020,27902050,EXPVAL,2018,158559523
dataflow,ESTAT:DS-059358(1.0),A,EU27_2020,27902050,EXPVAL,2019,187119000
dataflow,ESTAT:DS-059358(1.0),A,EU27_2020,27902050,EXPVAL,2020,132962253
dataflow,ESTAT:DS-059358(1.0),A,EU27_2020,27902050,EXPVAL,2021,138274179
dataflow,ESTAT:DS-059358(1.0),A,EU27_2020,27902050,EXPVAL,2022,145210614
dataflow,ESTAT:DS-059358(1.0),A,EU27_2020,27902050,EXPVAL,2023,160884937
dataflow,ESTAT:DS-059358(1.0),A,EU27_2020,27902050,EXPVAL,2024,164852295
dataflow,ESTAT:DS-059358(1.0),A,EU27_2020,27902050,IMPQNT,2003,918900
dataflow,ESTAT:DS-059358(1.0),A,EU27_2020,27902050,IMPQNT,2004,1800600
dataflow,ESTAT:DS-059358(1.0),A,EU27_2020,27902050,IMPQNT,2006,1946000
dataflow,ESTAT:DS-059358(1.0),A,EU27_2020,27902050,IMPQNT,2007,2516000
dataflow,ESTAT:DS-059358(1.0),A,EU27_2020,27902050,IMPQNT,2008,3807900
dataflow,ESTAT:DS-059358(1.0),A,EU27_2020,27902050,IMPQNT,2009,3013700
dataflow,ESTAT:DS-059358(1.0),A,EU27_2020,27902050,IMPQNT,2010,4753300
dataflow,ESTAT:DS-059358(1.0),A,EU27_2020,27902050,IMPQNT,2011,4767700
dataflow,ESTAT:DS-059358(1.0),A,EU27_2020,27902050,IMPQNT,2012,4230900
dataflow,ESTAT:DS-059358(1.0),A,EU27_2020,27902050,IMPQNT,2013,4005700
dataflow,ESTAT:DS-059358(1.0),A,EU27_2020,27902050,IMPQNT,2014,3600600
dataflow,ESTAT:DS-059358(1.0),A,EU27_2020,27902050,IMPQNT,2015,3450100
dataflow,ESTAT:DS-059358(1.0),A,EU27_2020,27902050,IMPQNT,2016,3420000
dataflow,ESTAT:DS-059358(1.0),A,EU27_2020,27902050,IMPQNT,2017,4042700
dataflow,ESTAT:DS-059358(1.0),A,EU27_2020,27902050,IMPQNT,2018,4037322
dataflow,ESTAT:DS-059358(1.0),A,EU27_2020,27902050,IMPQNT,2019,3629695
dataflow,ESTAT:DS-059358(1.0),A,EU27_2020,27902050,IMPQNT,2020,3366702
dataflow,ESTAT:DS-059358(1.0),A,EU27_2020,27902050,IMPQNT,2021,3704817
dataflow,ESTAT:DS-059358(1.0),A,EU27_2020,27902050,IMPQNT,2022,3514984
dataflow,ESTAT:DS-059358(1.0),A,EU27_2020,27902050,IMPQNT,2023,3602338
dataflow,ESTAT:DS-059358(1.0),A,EU27_2020,27902050,IMPQNT,2024,3757647
dataflow,ESTAT:DS-059358(1.0),A,EU27_2020,27902050,IMPVAL,2003,113000600
dataflow,ESTAT:DS-059358(1.0),A,EU27_2020,27902050,IMPVAL,2004,142947530
dataflow,ESTAT:DS-059358(1.0),A,EU27_2020,27902050,IMPVAL,2006,147708760
dataflow,ESTAT:DS-059358(1.0),A,EU27_2020,27902050,IMPVAL,2007,188393820
dataflow,ESTAT:DS-059358(1.0),A,EU27_2020,27902050,IMPVAL,2008,224914740
dataflow,ESTAT:DS-059358(1.0),A,EU27_2020,27902050,IMPVAL,2009,162653700
dataflow,ESTAT:DS-059358(1.0),A,EU27_2020,27902050,IMPVAL,2010,208641640
dataflow,ESTAT:DS-059358(1.0),A,EU27_2020,27902050,IMPVAL,2011,219842710
dataflow,ESTAT:DS-059358(1.0),A,EU27_2020,27902050,IMPVAL,2012,224695570
dataflow,ESTAT:DS-059358(1.0),A,EU27_2020,27902050,IMPVAL,2013,180470270
dataflow,ESTAT:DS-059358(1.0),A,EU27_2020,27902050,IMPVAL,2014,181842670
dataflow,ESTAT:DS-059358(1.0),A,EU27_2020,27902050,IMPVAL,2015,212685300
dataflow,ESTAT:DS-059358(1.0),A,EU27_2020,27902050,IMPVAL,2016,199182050
dataflow,ESTAT:DS-059358(1.0),A,EU27_2020,27902050,IMPVAL,2017,218690530
dataflow,ESTAT:DS-059358(1.0),A,EU27_2020,27902050,IMPVAL,2018,219503028
dataflow,ESTAT:DS-059358(1.0),A,EU27_2020,27902050,IMPVAL,2019,215391952
dataflow,ESTAT:DS-059358(1.0),A,EU27_2020,27902050,IMPVAL,2020,193225848
dataflow,ESTAT:DS-059358(1.0),A,EU27_2020,27902050,IMPVAL,2021,261652912
dataflow,ESTAT:DS-059358(1.0),A,EU27_2020,27902050,IMPVAL,2022,269538299
dataflow,ESTAT:DS-059358(1.0),A,EU27_2020,27902050,IMPVAL,2023,252441282
dataflow,ESTAT:DS-059358(1.0),A,EU27_2020,27902050,IMPVAL,2024,225921940
dataflow,ESTAT:DS-059358(1.0),A,EU27_2020,27902050,OWNPRODQNT,2021,9060072
dataflow,ESTAT:DS-059358(1.0),A,EU27_2020,27902050,OWNPRODQNT,2022,7820400
dataflow,ESTAT:DS-059358(1.0),A,EU27_2020,27902050,OWNPRODQNT,2023,8814784
dataflow,ESTAT:DS-059358(1.0),A,EU27_2020,27902050,OWNPRODQNT,2024,7824578
dataflow,ESTAT:DS-059358(1.0),A,EU27_2020,27902050,OWNPRODVAL,2021,399089576
dataflow,ESTAT:DS-059358(1.0),A,EU27_2020,27902050,OWNPRODVAL,2022,370615028
dataflow,ESTAT:DS-059358(1.0),A,EU27_2020,27902050,OWNPRODVAL,2023,422986710
dataflow,ESTAT:DS-059358(1.0),A,EU27_2020,27902050,OWNPRODVAL,2024,365762874
dataflow,ESTAT:DS-059358(1.0),A,EU27_2020,27902050,OWNQNTFLAG,2021,:E
dataflow,ESTAT:DS-059358(1.0),A,EU27_2020,27902050,OWNQNTFLAG,2022,:E
dataflow,ESTAT:DS-059358(1.0),A,EU27_2020,27902050,OWNQNTFLAG,2023,:E
dataflow,ESTAT:DS-059358(1.0),A,EU27_2020,27902050,OWNQNTFLAG,2024,:E
dataflow,ESTAT:DS-059358(1.0),A,EU27_2020,27902050,PQNTBASE,2003,20
dataflow,ESTAT:DS-059358(1.0),A,EU27_2020,27902050,PQNTBASE,2005,70
dataflow,ESTAT:DS-059358(1.0),A,EU27_2020,27902050,PQNTBASE,2008,40000
dataflow,ESTAT:DS-059358(1.0),A,EU27_2020,27902050,PQNTBASE,2009,200000
dataflow,ESTAT:DS-059358(1.0),A,EU27_2020,27902050,PQNTBASE,2010,300000
dataflow,ESTAT:DS-059358(1.0),A,EU27_2020,27902050,PQNTBASE,2021,900000
dataflow,ESTAT:DS-059358(1.0),A,EU27_2020,27902050,PQNTBASE,2022,3000000
dataflow,ESTAT:DS-059358(1.0),A,EU27_2020,27902050,PQNTFLAG,2003,:R
dataflow,ESTAT:DS-059358(1.0),A,EU27_2020,27902050,PQNTFLAG,2004,:E
dataflow,ESTAT:DS-059358(1.0),A,EU27_2020,27902050,PQNTFLAG,2005,:R
dataflow,ESTAT:DS-059358(1.0),A,EU27_2020,27902050,PQNTFLAG,2006,:E
dataflow,ESTAT:DS-059358(1.0),A,EU27_2020,27902050,PQNTFLAG,2007,:E
dataflow,ESTAT:DS-059358(1.0),A,EU27_2020,27902050,PQNTFLAG,2008,:R
dataflow,ESTAT:DS-059358(1.0),A,EU27_2020,27902050,PQNTFLAG,2009,:R
dataflow,ESTAT:DS-059358(1.0),A,EU27_2020,27902050,PQNTFLAG,2010,:R
dataflow,ESTAT:DS-059358(1.0),A,EU27_2020,27902050,PQNTFLAG,2011,:E
dataflow,ESTAT:DS-059358(1.0),A,EU27_2020,27902050,PQNTFLAG,2012,:E
dataflow,ESTAT:DS-059358(1.0),A,EU27_2020,27902050,PQNTFLAG,2013,:E
dataflow,ESTAT:DS-059358(1.0),A,EU27_2020,27902050,PQNTFLAG,2014,:E
dataflow,ESTAT:DS-059358(1.0),A,EU27_2020,27902050,PQNTFLAG,2015,:E
dataflow,ESTAT:DS-059358(1.0),A,EU27_2020,27902050,PQNTFLAG,2016,:E
dataflow,ESTAT:DS-059358(1.0),A,EU27_2020,27902050,PQNTFLAG,2017,:E
dataflow,ESTAT:DS-059358(1.0),A,EU27_2020,27902050,PQNTFLAG,2018,:E
dataflow,ESTAT:DS-059358(1.0),A,EU27_2020,27902050,PQNTFLAG,2019,:E
dataflow,ESTAT:DS-059358(1.0),A,EU27_2020,27902050,PQNTFLAG,2020,:E
dataflow,ESTAT:DS-059358(1.0),A,EU27_2020,27902050,PQNTFLAG,2021,:R
dataflow,ESTAT:DS-059358(1.0),A,EU27_2020,27902050,PQNTFLAG,2022,:R
dataflow,ESTAT:DS-059358(1.0),A,EU27_2020,27902050,PQNTFLAG,2023,:E
dataflow,ESTAT:DS-059358(1.0),A,EU27_2020,27902050,PQNTFLAG,2024,:E
dataflow,ESTAT:DS-059358(1.0),A,EU27_2020,27902050,PRODQNT,2003,3821973
dataflow,ESTAT:DS-059358(1.0),A,EU27_2020,27902050,PRODQNT,2004,3431133
dataflow,ESTAT:DS-059358(1.0),A,EU27_2020,27902050,PRODQNT,2005,4336056
dataflow,ESTAT:DS-059358(1.0),A,EU27_2020,27902050,PRODQNT,2006,4505389
dataflow,ESTAT:DS-059358(1.0),A,EU27_2020,27902050,PRODQNT,2007,6163875
dataflow,ESTAT:DS-059358(1.0),A,EU27_2020,27902050,PRODQNT,2008,10188513
dataflow,ESTAT:DS-059358(1.0),A,EU27_2020,27902050,PRODQNT,2009,9401085
dataflow,ESTAT:DS-059358(1.0),A,EU27_2020,27902050,PRODQNT,2010,8547500
dataflow,ESTAT:DS-059358(1.0),A,EU27_2020,27902050,PRODQNT,2011,9276301
dataflow,ESTAT:DS-059358(1.0),A,EU27_2020,27902050,PRODQNT,2012,13666465
dataflow,ESTAT:DS-059358(1.0),A,EU27_2020,27902050,PRODQNT,2013,9989769
dataflow,ESTAT:DS-059358(1.0),A,EU27_2020,27902050,PRODQNT,2014,9806757
dataflow,ESTAT:DS-059358(1.0),A,EU27_2020,27902050,PRODQNT,2015,11966391
dataflow,ESTAT:DS-059358(1.0),A,EU27_2020,27902050,PRODQNT,2016,12748027
dataflow,ESTAT:DS-059358(1.0),A,EU27_2020,27902050,PRODQNT,2017,16320771
dataflow,ESTAT:DS-059358(1.0),A,EU27_2020,27902050,PRODQNT,2018,8148392
dataflow,ESTAT:DS-059358(1.0),A,EU27_2020,27902050,PRODQNT,2019,9323358
dataflow,ESTAT:DS-059358(1.0),A,EU27_2020,27902050,PRODQNT,2020,8393443
dataflow,ESTAT:DS-059358(1.0),A,EU27_2020,27902050,PRODQNT,2021,9900000
dataflow,ESTAT:DS-059358(1.0),A,EU27_2020,27902050,PRODQNT,2022,9000000
dataflow,ESTAT:DS-059358(1.0),A,EU27_2020,27902050,PRODQNT,2023,9276534
dataflow,ESTAT:DS-059358(1.0),A,EU27_2020,27902050,PRODQNT,2024,8272408
dataflow,ESTAT:DS-059358(1.0),A,EU27_2020,27902050,PRODVAL,2003,138057653
dataflow,ESTAT:DS-059358(1.0),A,EU27_2020,27902050,PRODVAL,2004,129548097
dataflow,ESTAT:DS-059358(1.0),A,EU27_2020,27902050,PRODVAL,2005,247555128
dataflow,ESTAT:DS-059358(1.0),A,EU27_2020,27902050,PRODVAL,2006,198616127
dataflow,ESTAT:DS-059358(1.0),A,EU27_2020,27902050,PRODVAL,2007,211049310
dataflow,ESTAT:DS-059358(1.0),A,EU27_2020,27902050,PRODVAL,2008,260391770
dataflow,ESTAT:DS-059358(1.0),A,EU27_2020,27902050,PRODVAL,2009,270737746
dataflow,ESTAT:DS-059358(1.0),A,EU27_2020,27902050,PRODVAL,2010,255863755
dataflow,ESTAT:DS-059358(1.0),A,EU27_2020,27902050,PRODVAL,2011,266977788
dataflow,ESTAT:DS-059358(1.0),A,EU27_2020,27902050,PRODVAL,2012,321025223
dataflow,ESTAT:DS-059358(1.0),A,EU27_2020,27902050,PRODVAL,2013,354171513
dataflow,ESTAT:DS-059358(1.0),A,EU27_2020,27902050,PRODVAL,2014,306815089
dataflow,ESTAT:DS-059358(1.0),A,EU27_2020,27902050,PRODVAL,2015,308309094
dataflow,ESTAT:DS-059358(1.0),A,EU27_2020,27902050,PRODVAL,2016,374322934
dataflow,ESTAT:DS-059358(1.0),A,EU27_2020,27902050,PRODVAL,2017,427750762
dataflow,ESTAT:DS-059358(1.0),A,EU27_2020,27902050,PRODVAL,2018,294601274
dataflow,ESTAT:DS-059358(1.0),A,EU27_2020,27902050,PRODVAL,2019,386976188
dataflow,ESTAT:DS-059358(1.0),A,EU27_2020,27902050,PRODVAL,2020,344629325
dataflow,ESTAT:DS-059358(1.0),A,EU27_2020,27902050,PRODVAL,2021,390000000
dataflow,ESTAT:DS-059358(1.0),A,EU27_2020,27902050,PRODVAL,2022,390000000
dataflow,ESTAT:DS-059358(1.0),A,EU27_2020,27902050,PRODVAL,2023,424656226
dataflow,ESTAT:DS-059358(1.0),A,EU27_2020,27902050,PRODVAL,2024,367900123
dataflow,ESTAT:DS-059358(1.0),A,EU27_2020,27902050,PVALBASE,2003,300
dataflow,ESTAT:DS-059358(1.0),A,EU27_2020,27902050,PVALBASE,2005,4000
dataflow,ESTAT:DS-059358(1.0),A,EU27_2020,27902050,PVALBASE,2021,30000000
dataflow,ESTAT:DS-059358(1.0),A,EU27_2020,27902050,PVALBASE,2022,30000000
dataflow,ESTAT:DS-059358(1.0),A,EU27_2020,27902050,PVALFLAG,2003,:R
dataflow,ESTAT:DS-059358(1.0),A,EU27_2020,27902050,PVALFLAG,2005,:R
dataflow,ESTAT:DS-059358(1.0),A,EU27_2020,27902050,PVALFLAG,2007,:E
dataflow,ESTAT:DS-059358(1.0),A,EU27_2020,27902050,PVALFLAG,2021,:R
dataflow,ESTAT:DS-059358(1.0),A,EU27_2020,27902050,PVALFLAG,2022,:R
dataflow,ESTAT:DS-059358(1.0),A,EU27_2020,27902050,PVALFLAG,2023,:E
dataflow,ESTAT:DS-059358(1.0),A,EU27_2020,27902050,PVALFLAG,2024,:E
dataflow,ESTAT:DS-059358(1.0),A,EU27_2020,27902050,QNTUNIT,2003,KG
dataflow,ESTAT:DS-059358(1.0),A,EU27_2020,27902050,QNTUNIT,2004,KG
dataflow,ESTAT:DS-059358(1.0),A,EU27_2020,27902050,QNTUNIT,2005,KG
dataflow,ESTAT:DS-059358(1.0),A,EU27_2020,27902050,QNTUNIT,2006,KG
dataflow,ESTAT:DS-059358(1.0),A,EU27_2020,27902050,QNTUNIT,2007,KG
dataflow,ESTAT:DS-059358(1.0),A,EU27_2020,27902050,QNTUNIT,2008,KG
dataflow,ESTAT:DS-059358(1.0),A,EU27_2020,27902050,QNTUNIT,2009,KG
dataflow,ESTAT:DS-059358(1.0),A,EU27_2020,27902050,QNTUNIT,2010,KG
dataflow,ESTAT:DS-059358(1.0),A,EU27_2020,27902050,QNTUNIT,2011,KG
dataflow,ESTAT:DS-059358(1.0),A,EU27_2020,27902050,QNTUNIT,2012,KG
dataflow,ESTAT:DS-059358(1.0),A,EU27_2020,27902050,QNTUNIT,2013,KG
dataflow,ESTAT:DS-059358(1.0),A,EU27_2020,27902050,QNTUNIT,2014,KG
dataflow,ESTAT:DS-059358(1.0),A,EU27_2020,27902050,QNTUNIT,2015,KG
dataflow,ESTAT:DS-059358(1.0),A,EU27_2020,27902050,QNTUNIT,2016,KG
dataflow,ESTAT:DS-059358(1.0),A,EU27_2020,27902050,QNTUNIT,2017,KG
dataflow,ESTAT:DS-059358(1.0),A,EU27_2020,27902050,QNTUNIT,2018,KG
dataflow,ESTAT:DS-059358(1.0),A,EU27_2020,27902050,QNTUNIT,2019,KG
dataflow,ESTAT:DS-059358(1.0),A,EU27_2020,27902050,QNTUNIT,2020,KG
dataflow,ESTAT:DS-059358(1.0),A,EU27_2020,27902050,QNTUNIT,2021,kg
dataflow,ESTAT:DS-059358(1.0),A,EU27_2020,27902050,QNTUNIT,2022,kg
dataflow,ESTAT:DS-059358(1.0),A,EU27_2020,27902050,QNTUNIT,2023,kg
dataflow,ESTAT:DS-059358(1.0),A,EU27_2020,27902050,QNTUNIT,2024,kg
dataflow,ESTAT:DS-059358(1.0),A,EU27_2020,27902050,SCPRODQNT,2021,28000
dataflow,ESTAT:DS-059358(1.0),A,EU27_2020,27902050,SCPRODQNT,2022,114000
dataflow,ESTAT:DS-059358(1.0),A,EU27_2020,27902050,SCPRODQNT,2023,24215
dataflow,ESTAT:DS-059358(1.0),A,EU27_2020,27902050,SCPRODQNT,2024,10295
dataflow,ESTAT:DS-059358(1.0),A,EU27_2020,27902050,SCPRODVAL,2021,3500000
dataflow,ESTAT:DS-059358(1.0),A,EU27_2020,27902050,SCPRODVAL,2022,10000000
dataflow,ESTAT:DS-059358(1.0),A,EU27_2020,27902050,SCPRODVAL,2023,1669516
dataflow,ESTAT:DS-059358(1.0),A,EU27_2020,27902050,SCPRODVAL,2024,2137249
dataflow,ESTAT:DS-059358(1.0),A,EU27_2020,27902050,SCQNTBASE,2021,4000
dataflow,ESTAT:DS-059358(1.0),A,EU27_2020,27902050,SCQNTBASE,2022,2000
dataflow,ESTAT:DS-059358(1.0),A,EU27_2020,27902050,SCQNTFLAG,2021,:R
dataflow,ESTAT:DS-059358(1.0),A,EU27_2020,27902050,SCQNTFLAG,2022,:R
dataflow,ESTAT:DS-059358(1.0),A,EU27_2020,27902050,SCQNTFLAG,2023,:E
dataflow,ESTAT:DS-059358(1.0),A,EU27_2020,27902050,SCQNTFLAG,2024,:E
dataflow,ESTAT:DS-059358(1.0),A,EU27_2020,27902050,SCVALBASE,2021,700000
dataflow,ESTAT:DS-059358(1.0),A,EU27_2020,27902050,SCVALBASE,2022,2000000
dataflow,ESTAT:DS-059358(1.0),A,EU27_2020,27902050,SCVALFLAG,2021,:R
dataflow,ESTAT:DS-059358(1.0),A,EU27_2020,27902050,SCVALFLAG,2022,:R
dataflow,ESTAT:DS-059358(1.0),A,EU27_2020,27902050,SCVALFLAG,2023,:E
dataflow,ESTAT:DS-059358(1.0),A,EU27_2020,27902050,SCVALFLAG,2024,:E
