STRUCTURE,STRUCTURE_ID,STRUCTURE_NAME,freq,Frequency,reporter,REPORTER,partner,PARTNER,product,PRODUCT,flow,FLOW,indicators,INDICATORS,TIME_PERIOD,TIME_PERIOD,OBS_VALUE,Observation Value
dataflow,ESTAT:DS-045409(1.0),EU trade since 1988 by HS2-4-6 and CN8,A,Annual,EU27_2020,"European Union - 27 countries (AT, BE, BG, CY, CZ, DE, DK, EE, ES, FI, FR, GR, HR, HU, IE, IT, LT, LU, LV, MT, NL, PL, PT, RO, SE, SI, SK)",EXT_EU27_2020,Extra-EU27 (from 2020),853950,"Light-emitting diode ""LED"" lamps",1,IMPORT,QUANTITY_IN_100KG,QUANTITY_IN_100KG,2017,,470020.14,
dataflow,ESTAT:DS-045409(1.0),EU trade since 1988 by HS2-4-6 and CN8,A,Annual,EU27_2020,"European Union - 27 countries (AT, BE, BG, CY, CZ, DE, DK, EE, ES, FI, FR, GR, HR, HU, IE, IT, LT, LU, LV, MT, NL, PL, PT, RO, SE, SI, SK)",EXT_EU27_2020,Extra-EU27 (from 2020),853950,"Light-emitting diode ""LED"" lamps",1,IMPORT,QUANTITY_IN_100KG,QUANTITY_IN_100KG,2018,,578166.41,
dataflow,ESTAT:DS-045409(1.0),EU trade since 1988 by HS2-4-6 and CN8,A,Annual,EU27_2020,"European Union - 27 countries (AT, BE, BG, CY, CZ, DE, DK, EE, ES, FI, FR, GR, HR, HU, IE, IT, LT, LU, LV, MT, NL, PL, PT, RO, SE, SI, SK)",EXT_EU27_2020,Extra-EU27 (from 2020),853950,"Light-emitting diode ""LED"" lamps",1,IMPORT,QUANTITY_IN_100KG,QUANTITY_IN_100KG,2019,,600329.01,
dataflow,ESTAT:DS-045409(1.0),EU trade since 1988 by HS2-4-6 and CN8,A,Annual,EU27_2020,"European Union - 27 countries (AT, BE, BG, CY, CZ, DE, DK, EE, ES, FI, FR, GR, HR, HU, IE, IT, LT, LU, LV, MT, NL, PL, PT, RO, SE, SI, SK)",EXT_EU27_2020,Extra-EU27 (from 2020),853950,"Light-emitting diode ""LED"" lamps",1,IMPORT,QUANTITY_IN_100KG,QUANTITY_IN_100KG,2020,,574378.91,
dataflow,ESTAT:DS-045409(1.0),EU trade since 1988 by HS2-4-6 and CN8,A,Annual,EU27_2020,"European Union - 27 countries (AT, BE, BG, CY, CZ, DE, DK, EE, ES, FI, FR, GR, HR, HU, IE, IT, LT, LU, LV, MT, NL, PL, PT, RO, SE, SI, SK)",EXT_EU27_2020,Extra-EU27 (from 2020),853950,"Light-emitting diode ""LED"" lamps",1,IMPORT,QUANTITY_IN_100KG,QUANTITY_IN_100KG,2021,,632680.11,
dataflow,ESTAT:DS-045409(1.0),EU trade since 1988 by HS2-4-6 and CN8,A,Annual,EU27_2020,"European Union - 27 countries (AT, BE, BG, CY, CZ, DE, DK, EE, ES, FI, FR, GR, HR, HU, IE, IT, LT, LU, LV, MT, NL, PL, PT, RO, SE, SI, SK)",EXT_EU27_2020,Extra-EU27 (from 2020),853950,"Light-emitting diode ""LED"" lamps",1,IMPORT,VALUE_IN_EUROS,VALUE_IN_EUROS,2017,,958637570,
dataflow,ESTAT:DS-045409(1.0),EU trade since 1988 by HS2-4-6 and CN8,A,Annual,EU27_2020,"European Union - 27 countries (AT, BE, BG, CY, CZ, DE, DK, EE, ES, FI, FR, GR, HR, HU, IE, IT, LT, LU, LV, MT, NL, PL, PT, RO, SE, SI, SK)",EXT_EU27_2020,Extra-EU27 (from 2020),853950,"Light-emitting diode ""LED"" lamps",1,IMPORT,VALUE_IN_EUROS,VALUE_IN_EUROS,2018,,1179297601,
dataflow,ESTAT:DS-045409(1.0),EU trade since 1988 by HS2-4-6 and CN8,A,Annual,EU27_2020,"European Union - 27 countries (AT, BE, BG, CY, CZ, DE, DK, EE, ES, FI, FR, GR, HR, HU, IE, IT, LT, LU, LV, MT, NL, PL, PT, RO, SE, SI, SK)",EXT_EU27_2020,Extra-EU27 (from 2020),853950,"Light-emitting diode ""LED"" lamps",1,IMPORT,VALUE_IN_EUROS,VALUE_IN_EUROS,2019,,1225698043,
dataflow,ESTAT:DS-045409(1.0),EU trade since 1988 by HS2-4-6 and CN8,A,Annual,EU27_2020,"European Union - 27 countries (AT, BE, BG, CY, CZ, DE, DK, EE, ES, FI, FR, GR, HR, HU, IE, IT, LT, LU, LV, MT, NL, PL, PT, RO, SE, SI, SK)",EXT_EU27_2020,Extra-EU27 (from 2020),853950,"Light-emitting diode ""LED"" lamps",1,IMPORT,VALUE_IN_EUROS,VALUE_IN_EUROS,2020,,1025206253,
dataflow,ESTAT:DS-045409(1.0),EU trade since 1988 by HS2-4-6 and CN8,A,Annual,EU27_2020,"European Union - 27 countries (AT, BE, BG, CY, CZ, DE, DK, EE, ES, FI, FR, GR, HR, HU, IE, IT, LT, LU, LV, MT, NL, PL, PT, RO, SE, SI, SK)",EXT_EU27_2020,Extra-EU27 (from 2020),853950,"Light-emitting diode ""LED"" lamps",1,IMPORT,VALUE_IN_EUROS,VALUE_IN_EUROS,2021,,1099729697,
dataflow,ESTAT:DS-045409(1.0),EU trade since 1988 by HS2-4-6 and CN8,A,Annual,EU27_2020,"European Union - 27 countries (AT, BE, BG, CY, CZ, DE, DK, EE, ES, FI, FR, GR, HR, HU, IE, IT, LT, LU, LV, MT, NL, PL, PT, RO, SE, SI, SK)",EXT_EU27_2020,Extra-EU27 (from 2020),853950,"Light-emitting diode ""LED"" lamps",2,EXPORT,QUANTITY_IN_100KG,QUANTITY_IN_100KG,2017,,29802.28,
dataflow,ESTAT:DS-045409(1.0),EU trade since 1988 by HS2-4-6 and CN8,A,Annual,EU27_2020,"European Union - 27 countries (AT, BE, BG, CY, CZ, DE, DK, EE, ES, FI, FR, GR, HR, HU, IE, IT, LT, LU, LV, MT, NL, PL, PT, RO, SE, SI, SK)",EXT_EU27_2020,Extra-EU27 (from 2020),853950,"Light-emitting diode ""LED"" lamps",2,EXPORT,QUANTITY_IN_100KG,QUANTITY_IN_100KG,2018,,39501.78,
dataflow,ESTAT:DS-045409(1.0),EU trade since 1988 by HS2-4-6 and CN8,A,Annual,EU27_2020,"European Union - 27 countries (AT, BE, BG, CY, CZ, DE, DK, EE, ES, FI, FR, GR, HR, HU, IE, IT, LT, LU, LV, MT, NL, PL, PT, RO, SE, SI, SK)",EXT_EU27_2020,Extra-EU27 (from 2020),853950,"Light-emitting diode ""LED"" lamps",2,EXPORT,QUANTITY_IN_100KG,QUANTITY_IN_100KG,2019,,44370.46,
dataflow,ESTAT:DS-045409(1.0),EU trade since 1988 by HS2-4-6 and CN8,A,Annual,EU27_2020,"European Union - 27 countries (AT, BE, BG, CY, CZ, DE, DK, EE, ES, FI, FR, GR, HR, HU, IE, IT, LT, LU, LV, MT, NL, PL, PT, RO, SE, SI, SK)",EXT_EU27_2020,Extra-EU27 (from 2020),853950,"Light-emitting diode ""LED"" lamps",2,EXPORT,QUANTITY_IN_100KG,QUANTITY_IN_100KG,2020,,48199.82,
dataflow,ESTAT:DS-045409(1.0),EU trade since 1988 by HS2-4-6 and CN8,A,Annual,EU27_2020,"European Union - 27 countries (AT, BE, BG, CY, CZ, DE, DK, EE, ES, FI, FR, GR, HR, HU, IE, IT, LT, LU, LV, MT, NL, PL, PT, RO, SE, SI, SK)",EXT_EU27_2020,Extra-EU27 (from 2020),853950,"Light-emitting diode ""LED"" lamps",2,EXPORT,QUANTITY_IN_100KG,QUANTITY_IN_100KG,2021,,43596.73,
dataflow,ESTAT:DS-045409(1.0),EU trade since 1988 by HS2-4-6 and CN8,A,Annual,EU27_2020,"European Union - 27 countries (AT, BE, BG, CY, CZ, DE, DK, EE, ES, FI, FR, GR, HR, HU, IE, IT, LT, LU, LV, MT, NL, PL, PT, RO, SE, SI, SK)",EXT_EU27_2020,Extra-EU27 (from 2020),853950,"Light-emitting diode ""LED"" lamps",2,EXPORT,VALUE_IN_EUROS,VALUE_IN_EUROS,2017,,125002086,
dataflow,ESTAT:DS-045409(1.0),EU trade since 1988 by HS2-4-6 and CN8,A,Annual,EU27_2020,"European Union - 27 countries (AT, BE, BG, CY, CZ, DE, DK, EE, ES, FI, FR, GR, HR, HU, IE, IT, LT, LU, LV, MT, NL, PL, PT, RO, SE, SI, SK)",EXT_EU27_2020,Extra-EU27 (from 2020),853950,"Light-emitting diode ""LED"" lamps",2,EXPORT,VALUE_IN_EUROS,VALUE_IN_EUROS,2018,,153875104,
dataflow,ESTAT:DS-045409(1.0),EU trade since 1988 by HS2-4-6 and CN8,A,Annual,EU27_2020,"European Union - 27 countries (AT, BE, BG, CY, CZ, DE, DK, EE, ES, FI, FR, GR, HR, HU, IE, IT, LT, LU, LV, MT, NL, PL, PT, RO, SE, SI, SK)",EXT_EU27_2020,Extra-EU27 (from 2020),853950,"Light-emitting diode ""LED"" lamps",2,EXPORT,VALUE_IN_EUROS,VALUE_IN_EUROS,2019,,176848218,
dataflow,ESTAT:DS-045409(1.0),EU trade since 1988 by HS2-4-6 and CN8,A,Annual,EU27_2020,"European Union - 27 countries (AT, BE, BG, CY, CZ, DE, DK, EE, ES, FI, FR, GR, HR, HU, IE, IT, LT, LU, LV, MT, NL, PL, PT, RO, SE, SI, SK)",EXT_EU27_2020,Extra-EU27 (from 2020),853950,"Light-emitting diode ""LED"" lamps",2,EXPORT,VALUE_IN_EUROS,VALUE_IN_EUROS,2020,,180722923,
dataflow,ESTAT:DS-045409(1.0),EU trade since 1988 by HS2-4-6 and CN8,A,Annual,EU27_2020,"European Union - 27 countries (AT, BE, BG, CY, CZ, DE, DK, EE, ES, FI, FR, GR, HR, HU, IE, IT, LT, LU, LV, MT, NL, PL, PT, RO, SE, SI, SK)",EXT_EU27_2020,Extra-EU27 (from 2020),853950,"Light-emitting diode ""LED"" lamps",2,EXPORT,VALUE_IN_EUROS,VALUE_IN_EUROS,2021,,192243689,
dataflow,ESTAT:DS-045409(1.0),EU trade since 1988 by HS2-4-6 and CN8,A,Annual,EU27_2020,"European Union - 27 countries (AT, BE, BG, CY, CZ, DE, DK, EE, ES, FI, FR, GR, HR, HU, IE, IT, LT, LU, LV, MT, NL, PL, PT, RO, SE, SI, SK)",EXT_EU27_2020,Extra-EU27 (from 2020),853951,"Light-emitting diode ""LED"" light source modules",1,IMPORT,QUANTITY_IN_100KG,QUANTITY_IN_100KG,2022,,68436.87,
dataflow,ESTAT:DS-045409(1.0),EU trade since 1988 by HS2-4-6 and CN8,A,Annual,EU27_2020,"European Union - 27 countries (AT, BE, BG, CY, CZ, DE, DK, EE, ES, FI, FR, GR, HR, HU, IE, IT, LT, LU, LV, MT, NL, PL, PT, RO, SE, SI, SK)",EXT_EU27_2020,Extra-EU27 (from 2020),853951,"Light-emitting diode ""LED"" light source modules",1,IMPORT,QUANTITY_IN_100KG,QUANTITY_IN_100KG,2023,,69204.50,
dataflow,ESTAT:DS-045409(1.0),EU trade since 1988 by HS2-4-6 and CN8,A,Annual,EU27_2020,"European Union - 27 countries (AT, BE, BG, CY, CZ, DE, DK, EE, ES, FI, FR, GR, HR, HU, IE, IT, LT, LU, LV, MT, NL, PL, PT, RO, SE, SI, SK)",EXT_EU27_2020,Extra-EU27 (from 2020),853951,"Light-emitting diode ""LED"" light source modules",1,IMPORT,QUANTITY_IN_100KG,QUANTITY_IN_100KG,2024,,88534.99,
dataflow,ESTAT:DS-045409(1.0),EU trade since 1988 by HS2-4-6 and CN8,A,Annual,EU27_2020,"European Union - 27 countries (AT, BE, BG, CY, CZ, DE, DK, EE, ES, FI, FR, GR, HR, HU, IE, IT, LT, LU, LV, MT, NL, PL, PT, RO, SE, SI, SK)",EXT_EU27_2020,Extra-EU27 (from 2020),853951,"Light-emitting diode ""LED"" light source modules",1,IMPORT,QUANTITY_IN_100KG,QUANTITY_IN_100KG,2025,,113379.53,
dataflow,ESTAT:DS-045409(1.0),EU trade since 1988 by HS2-4-6 and CN8,A,Annual,EU27_2020,"European Union - 27 countries (AT, BE, BG, CY, CZ, DE, DK, EE, ES, FI, FR, GR, HR, HU, IE, IT, LT, LU, LV, MT, NL, PL, PT, RO, SE, SI, SK)",EXT_EU27_2020,Extra-EU27 (from 2020),853951,"Light-emitting diode ""LED"" light source modules",1,IMPORT,VALUE_IN_EUROS,VALUE_IN_EUROS,2022,,237672088,
dataflow,ESTAT:DS-045409(1.0),EU trade since 1988 by HS2-4-6 and CN8,A,Annual,EU27_2020,"European Union - 27 countries (AT, BE, BG, CY, CZ, DE, DK, EE, ES, FI, FR, GR, HR, HU, IE, IT, LT, LU, LV, MT, NL, PL, PT, RO, SE, SI, SK)",EXT_EU27_2020,Extra-EU27 (from 2020),853951,"Light-emitting diode ""LED"" light source modules",1,IMPORT,VALUE_IN_EUROS,VALUE_IN_EUROS,2023,,256264718,
dataflow,ESTAT:DS-045409(1.0),EU trade since 1988 by HS2-4-6 and CN8,A,Annual,EU27_2020,"European Union - 27 countries (AT, BE, BG, CY, CZ, DE, DK, EE, ES, FI, FR, GR, HR, HU, IE, IT, LT, LU, LV, MT, NL, PL, PT, RO, SE, SI, SK)",EXT_EU27_2020,Extra-EU27 (from 2020),853951,"Light-emitting diode ""LED"" light source modules",1,IMPORT,VALUE_IN_EUROS,VALUE_IN_EUROS,2024,,298731784,
dataflow,ESTAT:DS-045409(1.0),EU trade since 1988 by HS2-4-6 and CN8,A,Annual,EU27_2020,"European Union - 27 countries (AT, BE, BG, CY, CZ, DE, DK, EE, ES, FI, FR, GR, HR, HU, IE, IT, LT, LU, LV, MT, NL, PL, PT, RO, SE, SI, SK)",EXT_EU27_2020,Extra-EU27 (from 2020),853951,"Light-emitting diode ""LED"" light source modules",1,IMPORT,VALUE_IN_EUROS,VALUE_IN_EUROS,2025,,347302470,
dataflow,ESTAT:DS-045409(1.0),EU trade since 1988 by HS2-4-6 and CN8,A,Annual,EU27_2020,"European Union - 27 countries (AT, BE, BG, CY, CZ, DE, DK, EE, ES, FI, FR, GR, HR, HU, IE, IT, LT, LU, LV, MT, NL, PL, PT, RO, SE, SI, SK)",EXT_EU27_2020,Extra-EU27 (from 2020),853951,"Light-emitting diode ""LED"" light source modules",2,EXPORT,QUANTITY_IN_100KG,QUANTITY_IN_100KG,2022,,17607.77,
dataflow,ESTAT:DS-045409(1.0),EU trade since 1988 by HS2-4-6 and CN8,A,Annual,EU27_2020,"European Union - 27 countries (AT, BE, BG, CY, CZ, DE, DK, EE, ES, FI, FR, GR, HR, HU, IE, IT, LT, LU, LV, MT, NL, PL, PT, RO, SE, SI, SK)",EXT_EU27_2020,Extra-EU27 (from 2020),853951,"Light-emitting diode ""LED"" light source modules",2,EXPORT,QUANTITY_IN_100KG,QUANTITY_IN_100KG,2023,,24780.19,
dataflow,ESTAT:DS-045409(1.0),EU trade since 1988 by HS2-4-6 and CN8,A,Annual,EU27_2020,"European Union - 27 countries (AT, BE, BG, CY, CZ, DE, DK, EE, ES, FI, FR, GR, HR, HU, IE, IT, LT, LU, LV, MT, NL, PL, PT, RO, SE, SI, SK)",EXT_EU27_2020,Extra-EU27 (from 2020),853951,"Light-emitting diode ""LED"" light source modules",2,EXPORT,QUANTITY_IN_100KG,QUANTITY_IN_100KG,2024,,23472.30,
dataflow,ESTAT:DS-045409(1.0),EU trade since 1988 by HS2-4-6 and CN8,A,Annual,EU27_2020,"European Union - 27 countries (AT, BE, BG, CY, CZ, DE, DK, EE, ES, FI, FR, GR, HR, HU, IE, IT, LT, LU, LV, MT, NL, PL, PT, RO, SE, SI, SK)",EXT_EU27_2020,Extra-EU27 (from 2020),853951,"Light-emitting diode ""LED"" light source modules",2,EXPORT,QUANTITY_IN_100KG,QUANTITY_IN_100KG,2025,,23863.12,
dataflow,ESTAT:DS-045409(1.0),EU trade since 1988 by HS2-4-6 and CN8,A,Annual,EU27_2020,"European Union - 27 countries (AT, BE, BG, CY, CZ, DE, DK, EE, ES, FI, FR, GR, HR, HU, IE, IT, LT, LU, LV, MT, NL, PL, PT, RO, SE, SI, SK)",EXT_EU27_2020,Extra-EU27 (from 2020),853951,"Light-emitting diode ""LED"" light source modules",2,EXPORT,VALUE_IN_EUROS,VALUE_IN_EUROS,2022,,139430110,
dataflow,ESTAT:DS-045409(1.0),EU trade since 1988 by HS2-4-6 and CN8,A,Annual,EU27_2020,"European Union - 27 countries (AT, BE, BG, CY, CZ, DE, DK, EE, ES, FI, FR, GR, HR, HU, IE, IT, LT, LU, LV, MT, NL, PL, PT, RO, SE, SI, SK)",EXT_EU27_2020,Extra-EU27 (from 2020),853951,"Light-emitting diode ""LED"" light source modules",2,EXPORT,VALUE_IN_EUROS,VALUE_IN_EUROS,2023,,198672522,
dataflow,ESTAT:DS-045409(1.0),EU trade since 1988 by HS2-4-6 and CN8,A,Annual,EU27_2020,"European Union - 27 countries (AT, BE, BG, CY, CZ, DE, DK, EE, ES, FI, FR, GR, HR, HU, IE, IT, LT, LU, LV, MT, NL, PL, PT, RO, SE, SI, SK)",EXT_EU27_2020,Extra-EU27 (from 2020),853951,"Light-emitting diode ""LED"" light source modules",2,EXPORT,VALUE_IN_EUROS,VALUE_IN_EUROS,2024,,212745489,
dataflow,ESTAT:DS-045409(1.0),EU trade since 1988 by HS2-4-6 and CN8,A,Annual,EU27_2020,"European Union - 27 countries (AT, BE, BG, CY, CZ, DE, DK, EE, ES, FI, FR, GR, HR, HU, IE, IT, LT, LU, LV, MT, NL, PL, PT, RO, SE, SI, SK)",EXT_EU27_2020,Extra-EU27 (from 2020),853951,"Light-emitting diode ""LED"" light source modules",2,EXPORT,VALUE_IN_EUROS,VALUE_IN_EUROS,2025,,202678503,
dataflow,ESTAT:DS-045409(1.0),EU trade since 1988 by HS2-4-6 and CN8,A,Annual,EU27_2020,"European Union - 27 countries (AT, BE, BG, CY, CZ, DE, DK, EE, ES, FI, FR, GR, HR, HU, IE, IT, LT, LU, LV, MT, NL, PL, PT, RO, SE, SI, SK)",EXT_EU27_2020,Extra-EU27 (from 2020),854141,"Light emitting diodes ""LED""",1,IMPORT,QUANTITY_IN_100KG,QUANTITY_IN_100KG,2022,,74151.72,
dataflow,ESTAT:DS-045409(1.0),EU trade since 1988 by HS2-4-6 and CN8,A,Annual,EU27_2020,"European Union - 27 countries (AT, BE, BG, CY, CZ, DE, DK, EE, ES, FI, FR, GR, HR, HU, IE, IT, LT, LU, LV, MT, NL, PL, PT, RO, SE, SI, SK)",EXT_EU27_2020,Extra-EU27 (from 2020),854141,"Light emitting diodes ""LED""",1,IMPORT,QUANTITY_IN_100KG,QUANTITY_IN_100KG,2023,,31572.66,
dataflow,ESTAT:DS-045409(1.0),EU trade since 1988 by HS2-4-6 and CN8,A,Annual,EU27_2020,"European Union - 27 countries (AT, BE, BG, CY, CZ, DE, DK, EE, ES, FI, FR, GR, HR, HU, IE, IT, LT, LU, LV, MT, NL, PL, PT, RO, SE, SI, SK)",EXT_EU27_2020,Extra-EU27 (from 2020),854141,"Light emitting diodes ""LED""",1,IMPORT,QUANTITY_IN_100KG,QUANTITY_IN_100KG,2024,,26424.07,
dataflow,ESTAT:DS-045409(1.0),EU trade since 1988 by HS2-4-6 and CN8,A,Annual,EU27_2020,"European Union - 27 countries (AT, BE, BG, CY, CZ, DE, DK, EE, ES, FI, FR, GR, HR, HU, IE, IT, LT, LU, LV, MT, NL, PL, PT, RO, SE, SI, SK)",EXT_EU27_2020,Extra-EU27 (from 2020),854141,"Light emitting diodes ""LED""",1,IMPORT,QUANTITY_IN_100KG,QUANTITY_IN_100KG,2025,,28793.01,
dataflow,ESTAT:DS-045409(1.0),EU trade since 1988 by HS2-4-6 and CN8,A,Annual,EU27_2020,"European Union - 27 countries (AT, BE, BG, CY, CZ, DE, DK, EE, ES, FI, FR, GR, HR, HU, IE, IT, LT, LU, LV, MT, NL, PL, PT, RO, SE, SI, SK)",EXT_EU27_2020,Extra-EU27 (from 2020),854141,"Light emitting diodes ""LED""",1,IMPORT,VALUE_IN_EUROS,VALUE_IN_EUROS,2022,,1412379039,
dataflow,ESTAT:DS-045409(1.0),EU trade since 1988 by HS2-4-6 and CN8,A,Annual,EU27_2020,"European Union - 27 countries (AT, BE, BG, CY, CZ, DE, DK, EE, ES, FI, FR, GR, HR, HU, IE, IT, LT, LU, LV, MT, NL, PL, PT, RO, SE, SI, SK)",EXT_EU27_2020,Extra-EU27 (from 2020),854141,"Light emitting diodes ""LED""",1,IMPORT,VALUE_IN_EUROS,VALUE_IN_EUROS,2023,,1191660510,
dataflow,ESTAT:DS-045409(1.0),EU trade since 1988 by HS2-4-6 and CN8,A,Annual,EU27_2020,"European Union - 27 countries (AT, BE, BG, CY, CZ, DE, DK, EE, ES, FI, FR, GR, HR, HU, IE, IT, LT, LU, LV, MT, NL, PL, PT, RO, SE, SI, SK)",EXT_EU27_2020,Extra-EU27 (from 2020),854141,"Light emitting diodes ""LED""",1,IMPORT,VALUE_IN_EUROS,VALUE_IN_EUROS,2024,,1157058891,
dataflow,ESTAT:DS-045409(1.0),EU trade since 1988 by HS2-4-6 and CN8,A,Annual,EU27_2020,"European Union - 27 countries (AT, BE, BG, CY, CZ, DE, DK, EE, ES, FI, FR, GR, HR, HU, IE, IT, LT, LU, LV, MT, NL, PL, PT, RO, SE, SI, SK)",EXT_EU27_2020,Extra-EU27 (from 2020),854141,"Light emitting diodes ""LED""",1,IMPORT,VALUE_IN_EUROS,VALUE_IN_EUROS,2025,,1111334456,
dataflow,ESTAT:DS-045409(1.0),EU trade since 1988 by HS2-4-6 and CN8,A,Annual,EU27_2020,"European Union - 27 countries (AT, BE, BG, CY, CZ, DE, DK, EE, ES, FI, FR, GR, HR, HU, IE, IT, LT, LU, LV, MT, NL, PL, PT, RO, SE, SI, SK)",EXT_EU27_2020,Extra-EU27 (from 2020),854141,"Light emitting diodes ""LED""",2,EXPORT,QUANTITY_IN_100KG,QUANTITY_IN_100KG,2022,,25354.72,
dataflow,ESTAT:DS-045409(1.0),EU trade since 1988 by HS2-4-6 and CN8,A,Annual,EU27_2020,"European Union - 27 countries (AT, BE, BG, CY, CZ, DE, DK, EE, ES, FI, FR, GR, HR, HU, IE, IT, LT, LU, LV, MT, NL, PL, PT, RO, SE, SI, SK)",EXT_EU27_2020,Extra-EU27 (from 2020),854141,"Light emitting diodes ""LED""",2,EXPORT,QUANTITY_IN_100KG,QUANTITY_IN_100KG,2023,,13958.42,
dataflow,ESTAT:DS-045409(1.0),EU trade since 1988 by HS2-4-6 and CN8,A,Annual,EU27_2020,"European Union - 27 countries (AT, BE, BG, CY, CZ, DE, DK, EE, ES, FI, FR, GR, HR, HU, IE, IT, LT, LU, LV, MT, NL, PL, PT, RO, SE, SI, SK)",EXT_EU27_2020,Extra-EU27 (from 2020),854141,"Light emitting diodes ""LED""",2,EXPORT,QUANTITY_IN_100KG,QUANTITY_IN_100KG,2024,,12784.02,
dataflow,ESTAT:DS-045409(1.0),EU trade since 1988 by HS2-4-6 and CN8,A,Annual,EU27_2020,"European Union - 27 countries (AT, BE, BG, CY, CZ, DE, DK, EE, ES, FI, FR, GR, HR, HU, IE, IT, LT, LU, LV, MT, NL, PL, PT, RO, SE, SI, SK)",EXT_EU27_2020,Extra-EU27 (from 2020),854141,"Light emitting diodes ""LED""",2,EXPORT,QUANTITY_IN_100KG,QUANTITY_IN_100KG,2025,,7543.13,
dataflow,ESTAT:DS-045409(1.0),EU trade since 1988 by HS2-4-6 and CN8,A,Annual,EU27_2020,"European Union - 27 countries (AT, BE, BG, CY, CZ, DE, DK, EE, ES, FI, FR, GR, HR, HU, IE, IT, LT, LU, LV, MT, NL, PL, PT, RO, SE, SI, SK)",EXT_EU27_2020,Extra-EU27 (from 2020),854141,"Light emitting diodes ""LED""",2,EXPORT,VALUE_IN_EUROS,VALUE_IN_EUROS,2022,,668667461,
dataflow,ESTAT:DS-045409(1.0),EU trade since 1988 by HS2-4-6 and CN8,A,Annual,EU27_2020,"European Union - 27 countries (AT, BE, BG, CY, CZ, DE, DK, EE, ES, FI, FR, GR, HR, HU, IE, IT, LT, LU, LV, MT, NL, PL, PT, RO, SE, SI, SK)",EXT_EU27_2020,Extra-EU27 (from 2020),854141,"Light emitting diodes ""LED""",2,EXPORT,VALUE_IN_EUROS,VALUE_IN_EUROS,2023,,568048918,
dataflow,ESTAT:DS-045409(1.0),EU trade since 1988 by HS2-4-6 and CN8,A,Annual,EU27_2020,"European Union - 27 countries (AT, BE, BG, CY, CZ, DE, DK, EE, ES, FI, FR, GR, HR, HU, IE, IT, LT, LU, LV, MT, NL, PL, PT, RO, SE, SI, SK)",EXT_EU27_2020,Extra-EU27 (from 2020),854141,"Light emitting diodes ""LED""",2,EXPORT,VALUE_IN_EUROS,VALUE_IN_EUROS,2024,,620926527,
dataflow,ESTAT:DS-045409(1.0),EU trade since 1988 by HS2-4-6 and CN8,A,Annual,EU27_2020,"European Union - 27 countries (AT, BE, BG, CY, CZ, DE, DK, EE, ES, FI, FR, GR, HR, HU, IE, IT, LT, LU, LV, MT, NL, PL, PT, RO, SE, SI, SK)",EXT_EU27_2020,Extra-EU27 (from 2020),854141,"Light emitting diodes ""LED""",2,EXPORT,VALUE_IN_EUROS,VALUE_IN_EUROS,2025,,731189454,
dataflow,ESTAT:DS-045409(1.0),EU trade since 1988 by HS2-4-6 and CN8,A,Annual,EU27_2020,"European Union - 27 countries (AT, BE, BG, CY, CZ, DE, DK, EE, ES, FI, FR, GR, HR, HU, IE, IT, LT, LU, LV, MT, NL, PL, PT, RO, SE, SI, SK)",EXT_EU27_2020,Extra-EU27 (from 2020),854231,"Electronic integrated circuits as processors and controllers, whether or not combined with memories, converters, logic circuits, amplifiers, clock and timing circuits, or other circuits",1,IMPORT,QUANTITY_IN_100KG,QUANTITY_IN_100KG,2007,,160003.22,
dataflow,ESTAT:DS-045409(1.0),EU trade since 1988 by HS2-4-6 and CN8,A,Annual,EU27_2020,"European Union - 27 countries (AT, BE, BG, CY, CZ, DE, DK, EE, ES, FI, FR, GR, HR, HU, IE, IT, LT, LU, LV, MT, NL, PL, PT, RO, SE, SI, SK)",EXT_EU27_2020,Extra-EU27 (from 2020),854231,"Electronic integrated circuits as processors and controllers, whether or not combined with memories, converters, logic circuits, amplifiers, clock and timing circuits, or other circuits",1,IMPORT,QUANTITY_IN_100KG,QUANTITY_IN_100KG,2008,,132695.75,
dataflow,ESTAT:DS-045409(1.0),EU trade since 1988 by HS2-4-6 and CN8,A,Annual,EU27_2020,"European Union - 27 countries (AT, BE, BG, CY, CZ, DE, DK, EE, ES, FI, FR, GR, HR, HU, IE, IT, LT, LU, LV, MT, NL, PL, PT, RO, SE, SI, SK)",EXT_EU27_2020,Extra-EU27 (from 2020),854231,"Electronic integrated circuits as processors and controllers, whether or not combined with memories, converters, logic circuits, amplifiers, clock and timing circuits, or other circuits",1,IMPORT,QUANTITY_IN_100KG,QUANTITY_IN_100KG,2009,,132039.46,
dataflow,ESTAT:DS-045409(1.0),EU trade since 1988 by HS2-4-6 and CN8,A,Annual,EU27_2020,"European Union - 27 countries (AT, BE, BG, CY, CZ, DE, DK, EE, ES, FI, FR, GR, HR, HU, IE, IT, LT, LU, LV, MT, NL, PL, PT, RO, SE, SI, SK)",EXT_EU27_2020,Extra-EU27 (from 2020),854231,"Electronic integrated circuits as processors and controllers, whether or not combined with memories, converters, logic circuits, amplifiers, clock and timing circuits, or other circuits",1,IMPORT,QUANTITY_IN_100KG,QUANTITY_IN_100KG,2010,,164661.24,
dataflow,ESTAT:DS-045409(1.0),EU trade since 1988 by HS2-4-6 and CN8,A,Annual,EU27_2020,"European Union - 27 countries (AT, BE, BG, CY, CZ, DE, DK, EE, ES, FI, FR, GR, HR, HU, IE, IT, LT, LU, LV, MT, NL, PL, PT, RO, SE, SI, SK)",EXT_EU27_2020,Extra-EU27 (from 2020),854231,"Electronic integrated circuits as processors and controllers, whether or not combined with memories, converters, logic circuits, amplifiers, clock and timing circuits, or other circuits",1,IMPORT,QUANTITY_IN_100KG,QUANTITY_IN_100KG,2011,,144289.78,
dataflow,ESTAT:DS-045409(1.0),EU trade since 1988 by HS2-4-6 and CN8,A,Annual,EU27_2020,"European Union - 27 countries (AT, BE, BG, CY, CZ, DE, DK, EE, ES, FI, FR, GR, HR, HU, IE, IT, LT, LU, LV, MT, NL, PL, PT, RO, SE, SI, SK)",EXT_EU27_2020,Extra-EU27 (from 2020),854231,"Electronic integrated circuits as processors and controllers, whether or not combined with memories, converters, logic circuits, amplifiers, clock and timing circuits, or other circuits",1,IMPORT,QUANTITY_IN_100KG,QUANTITY_IN_100KG,2012,,166710.21,
dataflow,ESTAT:DS-045409(1.0),EU trade since 1988 by HS2-4-6 and CN8,A,Annual,EU27_2020,"European Union - 27 countries (AT, BE, BG, CY, CZ, DE, DK, EE, ES, FI, FR, GR, HR, HU, IE, IT, LT, LU, LV, MT, NL, PL, PT, RO, SE, SI, SK)",EXT_EU27_2020,Extra-EU27 (from 2020),854231,"Electronic integrated circuits as processors and controllers, whether or not combined with memories, converters, logic circuits, amplifiers, clock and timing circuits, or other circuits",1,IMPORT,QUANTITY_IN_100KG,QUANTITY_IN_100KG,2013,,364367.76,
dataflow,ESTAT:DS-045409(1.0),EU trade since 1988 by HS2-4-6 and CN8,A,Annual,EU27_2020,"European Union - 27 countries (AT, BE, BG, CY, CZ, DE, DK, EE, ES, FI, FR, GR, HR, HU, IE, IT, LT, LU, LV, MT, NL, PL, PT, RO, SE, SI, SK)",EXT_EU27_2020,Extra-EU27 (from 2020),854231,"Electronic integrated circuits as processors and controllers, whether or not combined with memories, converters, logic circuits, amplifiers, clock and timing circuits, or other circuits",1,IMPORT,QUANTITY_IN_100KG,QUANTITY_IN_100KG,2014,,196100.26,
dataflow,ESTAT:DS-045409(1.0),EU trade since 1988 by HS2-4-6 and CN8,A,Annual,EU27_2020,"European Union - 27 countries (AT, BE, BG, CY, CZ, DE, DK, EE, ES, FI, FR, GR, HR, HU, IE, IT, LT, LU, LV, MT, NL, PL, PT, RO, SE, SI, SK)",EXT_EU27_2020,Extra-EU27 (from 2020),854231,"Electronic integrated circuits as processors and controllers, whether or not combined with memories, converters, logic circuits, amplifiers, clock and timing circuits, or other circuits",1,IMPORT,QUANTITY_IN_100KG,QUANTITY_IN_100KG,2015,,115212.76,
dataflow,ESTAT:DS-045409(1.0),EU trade since 1988 by HS2-4-6 and CN8,A,Annual,EU27_2020,"European Union - 27 countries (AT, BE, BG, CY, CZ, DE, DK, EE, ES, FI, FR, GR, HR, HU, IE, IT, LT, LU, LV, MT, NL, PL, PT, RO, SE, SI, SK)",EXT_EU27_2020,Extra-EU27 (from 2020),854231,"Electronic integrated circuits as processors and controllers, whether or not combined with memories, converters, logic circuits, amplifiers, clock and timing circuits, or other circuits",1,IMPORT,QUANTITY_IN_100KG,QUANTITY_IN_100KG,2016,,116433.30,
dataflow,ESTAT:DS-045409(1.0),EU trade since 1988 by HS2-4-6 and CN8,A,Annual,EU27_2020,"European Union - 27 countries (AT, BE, BG, CY, CZ, DE, DK, EE, ES, FI, FR, GR, HR, HU, IE, IT, LT, LU, LV, MT, NL, PL, PT, RO, SE, SI, SK)",EXT_EU27_2020,Extra-EU27 (from 2020),854231,"Electronic integrated circuits as processors and controllers, whether or not combined with memories, converters, logic circuits, amplifiers, clock and timing circuits, or other circuits",1,IMPORT,QUANTITY_IN_100KG,QUANTITY_IN_100KG,2017,,113547.84,
dataflow,ESTAT:DS-045409(1.0),EU trade since 1988 by HS2-4-6 and CN8,A,Annual,EU27_2020,"European Union - 27 countries (AT, BE, BG, CY, CZ, DE, DK, EE, ES, FI, FR, GR, HR, HU, IE, IT, LT, LU, LV, MT, NL, PL, PT, RO, SE, SI, SK)",EXT_EU27_2020,Extra-EU27 (from 2020),854231,"Electronic integrated circuits as processors and controllers, whether or not combined with memories, converters, logic circuits, amplifiers, clock and timing circuits, or other circuits",1,IMPORT,QUANTITY_IN_100KG,QUANTITY_IN_100KG,2018,,123854.17,
dataflow,ESTAT:DS-045409(1.0),EU trade since 1988 by HS2-4-6 and CN8,A,Annual,EU27_2020,"European Union - 27 countries (AT, BE, BG, CY, CZ, DE, DK, EE, ES, FI, FR, GR, HR, HU, IE, IT, LT, LU, LV, MT, NL, PL, PT, RO, SE, SI, SK)",EXT_EU27_2020,Extra-EU27 (from 2020),854231,"Electronic integrated circuits as processors and controllers, whether or not combined with memories, converters, logic circuits, amplifiers, clock and timing circuits, or other circuits",1,IMPORT,QUANTITY_IN_100KG,QUANTITY_IN_100KG,2019,,208601.90,
dataflow,ESTAT:DS-045409(1.0),EU trade since 1988 by HS2-4-6 and CN8,A,Annual,EU27_2020,"European Union - 27 countries (AT, BE, BG, CY, CZ, DE, DK, EE, ES, FI, FR, GR, HR, HU, IE, IT, LT, LU, LV, MT, NL, PL, PT, RO, SE, SI, SK)",EXT_EU27_2020,Extra-EU27 (from 2020),854231,"Electronic integrated circuits as processors and controllers, whether or not combined with memories, converters, logic circuits, amplifiers, clock and timing circuits, or other circuits",1,IMPORT,QUANTITY_IN_100KG,QUANTITY_IN_100KG,2020,,114715.58,
dataflow,ESTAT:DS-045409(1.0),EU trade since 1988 by HS2-4-6 and CN8,A,Annual,EU27_2020,"European Union - 27 countries (AT, BE, BG, CY, CZ, DE, DK, EE, ES, FI, FR, GR, HR, HU, IE, IT, LT, LU, LV, MT, NL, PL, PT, RO, SE, SI, SK)",EXT_EU27_2020,Extra-EU27 (from 2020),854231,"Electronic integrated circuits as processors and controllers, whether or not combined with memories, converters, logic circuits, amplifiers, clock and timing circuits, or other circuits",1,IMPORT,QUANTITY_IN_100KG,QUANTITY_IN_100KG,2021,,100988.35,
dataflow,ESTAT:DS-045409(1.0),EU trade since 1988 by HS2-4-6 and CN8,A,Annual,EU27_2020,"European Union - 27 countries (AT, BE, BG, CY, CZ, DE, DK, EE, ES, FI, FR, GR, HR, HU, IE, IT, LT, LU, LV, MT, NL, PL, PT, RO, SE, SI, SK)",EXT_EU27_2020,Extra-EU27 (from 2020),854231,"Electronic integrated circuits as processors and controllers, whether or not combined with memories, converters, logic circuits, amplifiers, clock and timing circuits, or other circuits",1,IMPORT,QUANTITY_IN_100KG,QUANTITY_IN_100KG,2022,,107646.48,
dataflow,ESTAT:DS-045409(1.0),EU trade since 1988 by HS2-4-6 and CN8,A,Annual,EU27_2020,"European Union - 27 countries (AT, BE, BG, CY, CZ, DE, DK, EE, ES, FI, FR, GR, HR, HU, IE, IT, LT, LU, LV, MT, NL, PL, PT, RO, SE, SI, SK)",EXT_EU27_2020,Extra-EU27 (from 2020),854231,"Electronic integrated circuits as processors and controllers, whether or not combined with memories, converters, logic circuits, amplifiers, clock and timing circuits, or other circuits",1,IMPORT,QUANTITY_IN_100KG,QUANTITY_IN_100KG,2023,,103434.14,
dataflow,ESTAT:DS-045409(1.0),EU trade since 1988 by HS2-4-6 and CN8,A,Annual,EU27_2020,"European Union - 27 countries (AT, BE, BG, CY, CZ, DE, DK, EE, ES, FI, FR, GR, HR, HU, IE, IT, LT, LU, LV, MT, NL, PL, PT, RO, SE, SI, SK)",EXT_EU27_2020,Extra-EU27 (from 2020),854231,"Electronic integrated circuits as processors and controllers, whether or not combined with memories, converters, logic circuits, amplifiers, clock and timing circuits, or other circuits",1,IMPORT,QUANTITY_IN_100KG,QUANTITY_IN_100KG,2024,,99538.19,
dataflow,ESTAT:DS-045409(1.0),EU trade since 1988 by HS2-4-6 and CN8,A,Annual,EU27_2020,"European Union - 27 countries (AT, BE, BG, CY, CZ, DE, DK, EE, ES, FI, FR, GR, HR, HU, IE, IT, LT, LU, LV, MT, NL, PL, PT, RO, SE, SI, SK)",EXT_EU27_2020,Extra-EU27 (from 2020),854231,"Electronic integrated circuits as processors and controllers, whether or not combined with memories, converters, logic circuits, amplifiers, clock and timing circuits, or other circuits",1,IMPORT,QUANTITY_IN_100KG,QUANTITY_IN_100KG,2025,,101395.14,
dataflow,ESTAT:DS-045409(1.0),EU trade since 1988 by HS2-4-6 and CN8,A,Annual,EU27_2020,"European Union - 27 countries (AT, BE, BG, CY, CZ, DE, DK, EE, ES, FI, FR, GR, HR, HU, IE, IT, LT, LU, LV, MT, NL, PL, PT, RO, SE, SI, SK)",EXT_EU27_2020,Extra-EU27 (from 2020),854231,"Electronic integrated circuits as processors and controllers, whether or not combined with memories, converters, logic circuits, amplifiers, clock and timing circuits, or other circuits",1,IMPORT,VALUE_IN_EUROS,VALUE_IN_EUROS,2007,,6681426717,
dataflow,ESTAT:DS-045409(1.0),EU trade since 1988 by HS2-4-6 and CN8,A,Annual,EU27_2020,"European Union - 27 countries (AT, BE, BG, CY, CZ, DE, DK, EE, ES, FI, FR, GR, HR, HU, IE, IT, LT, LU, LV, MT, NL, PL, PT, RO, SE, SI, SK)",EXT_EU27_2020,Extra-EU27 (from 2020),854231,"Electronic integrated circuits as processors and controllers, whether or not combined with memories, converters, logic circuits, amplifiers, clock and timing circuits, or other circuits",1,IMPORT,VALUE_IN_EUROS,VALUE_IN_EUROS,2008,,6074532720,
dataflow,ESTAT:DS-045409(1.0),EU trade since 1988 by HS2-4-6 and CN8,A,Annual,EU27_2020,"European Union - 27 countries (AT, BE, BG, CY, CZ, DE, DK, EE, ES, FI, FR, GR, HR, HU, IE, IT, LT, LU, LV, MT, NL, PL, PT, RO, SE, SI, SK)",EXT_EU27_2020,Extra-EU27 (from 2020),854231,"Electronic integrated circuits as processors and controllers, whether or not combined with memories, converters, logic circuits, amplifiers, clock and timing circuits, or other circuits",1,IMPORT,VALUE_IN_EUROS,VALUE_IN_EUROS,2009,,5264666310,
dataflow,ESTAT:DS-045409(1.0),EU trade since 1988 by HS2-4-6 and CN8,A,Annual,EU27_2020,"European Union - 27 countries (AT, BE, BG, CY, CZ, DE, DK, EE, ES, FI, FR, GR, HR, HU, IE, IT, LT, LU, LV, MT, NL, PL, PT, RO, SE, SI, SK)",EXT_EU27_2020,Extra-EU27 (from 2020),854231,"Electronic integrated circuits as processors and controllers, whether or not combined with memories, converters, logic circuits, amplifiers, clock and timing circuits, or other circuits",1,IMPORT,VALUE_IN_EUROS,VALUE_IN_EUROS,2010,,6661686186,
dataflow,ESTAT:DS-045409(1.0),EU trade since 1988 by HS2-4-6 and CN8,A,Annual,EU27_2020,"European Union - 27 countries (AT, BE, BG, CY, CZ, DE, DK, EE, ES, FI, FR, GR, HR, HU, IE, IT, LT, LU, LV, MT, NL, PL, PT, RO, SE, SI, SK)",EXT_EU27_2020,Extra-EU27 (from 2020),854231,"Electronic integrated circuits as processors and controllers, whether or not combined with memories, converters, logic circuits, amplifiers, clock and timing circuits, or other circuits",1,IMPORT,VALUE_IN_EUROS,VALUE_IN_EUROS,2011,,6150814159,
dataflow,ESTAT:DS-045409(1.0),EU trade since 1988 by HS2-4-6 and CN8,A,Annual,EU27_2020,"European Union - 27 countries (AT, BE, BG, CY, CZ, DE, DK, EE, ES, FI, FR, GR, HR, HU, IE, IT, LT, LU, LV, MT, NL, PL, PT, RO, SE, SI, SK)",EXT_EU27_2020,Extra-EU27 (from 2020),854231,"Electronic integrated circuits as processors and controllers, whether or not combined with memories, converters, logic circuits, amplifiers, clock and timing circuits, or other circuits",1,IMPORT,VALUE_IN_EUROS,VALUE_IN_EUROS,2012,,6057726789,
dataflow,ESTAT:DS-045409(1.0),EU trade since 1988 by HS2-4-6 and CN8,A,Annual,EU27_2020,"European Union - 27 countries (AT, BE, BG, CY, CZ, DE, DK, EE, ES, FI, FR, GR, HR, HU, IE, IT, LT, LU, LV, MT, NL, PL, PT, RO, SE, SI, SK)",EXT_EU27_2020,Extra-EU27 (from 2020),854231,"Electronic integrated circuits as processors and controllers, whether or not combined with memories, converters, logic circuits, amplifiers, clock and timing circuits, or other circuits",1,IMPORT,VALUE_IN_EUROS,VALUE_IN_EUROS,2013,,6167773869,
dataflow,ESTAT:DS-045409(1.0),EU trade since 1988 by HS2-4-6 and CN8,A,Annual,EU27_2020,"European Union - 27 countries (AT, BE, BG, CY, CZ, DE, DK, EE, ES, FI, FR, GR, HR, HU, IE, IT, LT, LU, LV, MT, NL, PL, PT, RO, SE, SI, SK)",EXT_EU27_2020,Extra-EU27 (from 2020),854231,"Electronic integrated circuits as processors and controllers, whether or not combined with memories, converters, logic circuits, amplifiers, clock and timing circuits, or other circuits",1,IMPORT,VALUE_IN_EUROS,VALUE_IN_EUROS,2014,,6299394074,
dataflow,ESTAT:DS-045409(1.0),EU trade since 1988 by HS2-4-6 and CN8,A,Annual,EU27_2020,"European Union - 27 countries (AT, BE, BG, CY, CZ, DE, DK, EE, ES, FI, FR, GR, HR, HU, IE, IT, LT, LU, LV, MT, NL, PL, PT, RO, SE, SI, SK)",EXT_EU27_2020,Extra-EU27 (from 2020),854231,"Electronic integrated circuits as processors and controllers, whether or not combined with memories, converters, logic circuits, amplifiers, clock and timing circuits, or other circuits",1,IMPORT,VALUE_IN_EUROS,VALUE_IN_EUROS,2015,,7658553407,
dataflow,ESTAT:DS-045409(1.0),EU trade since 1988 by HS2-4-6 and CN8,A,Annual,EU27_2020,"European Union - 27 countries (AT, BE, BG, CY, CZ, DE, DK, EE, ES, FI, FR, GR, HR, HU, IE, IT, LT, LU, LV, MT, NL, PL, PT, RO, SE, SI, SK)",EXT_EU27_2020,Extra-EU27 (from 2020),854231,"Electronic integrated circuits as processors and controllers, whether or not combined with memories, converters, logic circuits, amplifiers, clock and timing circuits, or other circuits",1,IMPORT,VALUE_IN_EUROS,VALUE_IN_EUROS,2016,,8789670040,
dataflow,ESTAT:DS-045409(1.0),EU trade since 1988 by HS2-4-6 and CN8,A,Annual,EU27_2020,"European Union - 27 countries (AT, BE, BG, CY, CZ, DE, DK, EE, ES, FI, FR, GR, HR, HU, IE, IT, LT, LU, LV, MT, NL, PL, PT, RO, SE, SI, SK)",EXT_EU27_2020,Extra-EU27 (from 2020),854231,"Electronic integrated circuits as processors and controllers, whether or not combined with memories, converters, logic circuits, amplifiers, clock and timing circuits, or other circuits",1,IMPORT,VALUE_IN_EUROS,VALUE_IN_EUROS,2017,,10737409497,
dataflow,ESTAT:DS-045409(1.0),EU trade since 1988 by HS2-4-6 and CN8,A,Annual,EU27_2020,"European Union - 27 countries (AT, BE, BG, CY, CZ, DE, DK, EE, ES, FI, FR, GR, HR, HU, IE, IT, LT, LU, LV, MT, NL, PL, PT, RO, SE, SI, SK)",EXT_EU27_2020,Extra-EU27 (from 2020),854231,"Electronic integrated circuits as processors and controllers, whether or not combined with memories, converters, logic circuits, amplifiers, clock and timing circuits, or other circuits",1,IMPORT,VALUE_IN_EUROS,VALUE_IN_EUROS,2018,,10890229423,
dataflow,ESTAT:DS-045409(1.0),EU trade since 1988 by HS2-4-6 and CN8,A,Annual,EU27_2020,"European Union - 27 countries (AT, BE, BG, CY, CZ, DE, DK, EE, ES, FI, FR, GR, HR, HU, IE, IT, LT, LU, LV, MT, NL, PL, PT, RO, SE, SI, SK)",EXT_EU27_2020,Extra-EU27 (from 2020),854231,"Electronic integrated circuits as processors and controllers, whether or not combined with memories, converters, logic circuits, amplifiers, clock and timing circuits, or other circuits",1,IMPORT,VALUE_IN_EUROS,VALUE_IN_EUROS,2019,,14769929627,
dataflow,ESTAT:DS-045409(1.0),EU trade since 1988 by HS2-4-6 and CN8,A,Annual,EU27_2020,"European Union - 27 countries (AT, BE, BG, CY, CZ, DE, DK, EE, ES, FI, FR, GR, HR, HU, IE, IT, LT, LU, LV, MT, NL, PL, PT, RO, SE, SI, SK)",EXT_EU27_2020,Extra-EU27 (from 2020),854231,"Electronic integrated circuits as processors and controllers, whether or not combined with memories, converters, logic circuits, amplifiers, clock and timing circuits, or other circuits",1,IMPORT,VALUE_IN_EUROS,VALUE_IN_EUROS,2020,,15916262283,
dataflow,ESTAT:DS-045409(1.0),EU trade since 1988 by HS2-4-6 and CN8,A,Annual,EU27_2020,"European Union - 27 countries (AT, BE, BG, CY, CZ, DE, DK, EE, ES, FI, FR, GR, HR, HU, IE, IT, LT, LU, LV, MT, NL, PL, PT, RO, SE, SI, SK)",EXT_EU27_2020,Extra-EU27 (from 2020),854231,"Electronic integrated circuits as processors and controllers, whether or not combined with memories, converters, logic circuits, amplifiers, clock and timing circuits, or other circuits",1,IMPORT,VALUE_IN_EUROS,VALUE_IN_EUROS,2021,,20425540965,
dataflow,ESTAT:DS-045409(1.0),EU trade since 1988 by HS2-4-6 and CN8,A,Annual,EU27_2020,"European Union - 27 countries (AT, BE, BG, CY, CZ, DE, DK, EE, ES, FI, FR, GR, HR, HU, IE, IT, LT, LU, LV, MT, NL, PL, PT, RO, SE, SI, SK)",EXT_EU27_2020,Extra-EU27 (from 2020),854231,"Electronic integrated circuits as processors and controllers, whether or not combined with memories, converters, logic circuits, amplifiers, clock and timing circuits, or other circuits",1,IMPORT,VALUE_IN_EUROS,VALUE_IN_EUROS,2022,,27511132802,
dataflow,ESTAT:DS-045409(1.0),EU trade since 1988 by HS2-4-6 and CN8,A,Annual,EU27_2020,"European Union - 27 countries (AT, BE, BG, CY, CZ, DE, DK, EE, ES, FI, FR, GR, HR, HU, IE, IT, LT, LU, LV, MT, NL, PL, PT, RO, SE, SI, SK)",EXT_EU27_2020,Extra-EU27 (from 2020),854231,"Electronic integrated circuits as processors and controllers, whether or not combined with memories, converters, logic circuits, amplifiers, clock and timing circuits, or other circuits",1,IMPORT,VALUE_IN_EUROS,VALUE_IN_EUROS,2023,,25120944463,
dataflow,ESTAT:DS-045409(1.0),EU trade since 1988 by HS2-4-6 and CN8,A,Annual,EU27_2020,"European Union - 27 countries (AT, BE, BG, CY, CZ, DE, DK, EE, ES, FI, FR, GR, HR, HU, IE, IT, LT, LU, LV, MT, NL, PL, PT, RO, SE, SI, SK)",EXT_EU27_2020,Extra-EU27 (from 2020),854231,"Electronic integrated circuits as processors and controllers, whether or not combined with memories, converters, logic circuits, amplifiers, clock and timing circuits, or other circuits",1,IMPORT,VALUE_IN_EUROS,VALUE_IN_EUROS,2024,,21270124442,
dataflow,ESTAT:DS-045409(1.0),EU trade since 1988 by HS2-4-6 and CN8,A,Annual,EU27_2020,"European Union - 27 countries (AT, BE, BG, CY, CZ, DE, DK, EE, ES, FI, FR, GR, HR, HU, IE, IT, LT, LU, LV, MT, NL, PL, PT, RO, SE, SI, SK)",EXT_EU27_2020,Extra-EU27 (from 2020),854231,"Electronic integrated circuits as processors and controllers, whether or not combined with memories, converters, logic circuits, amplifiers, clock and timing circuits, or other circuits",1,IMPORT,VALUE_IN_EUROS,VALUE_IN_EUROS,2025,,22213176105,
dataflow,ESTAT:DS-045409(1.0),EU trade since 1988 by HS2-4-6 and CN8,A,Annual,EU27_2020,"European Union - 27 countries (AT, BE, BG, CY, CZ, DE, DK, EE, ES, FI, FR, GR, HR, HU, IE, IT, LT, LU, LV, MT, NL, PL, PT, RO, SE, SI, SK)",EXT_EU27_2020,Extra-EU27 (from 2020),854231,"Electronic integrated circuits as processors and controllers, whether or not combined with memories, converters, logic circuits, amplifiers, clock and timing circuits, or other circuits",2,EXPORT,QUANTITY_IN_100KG,QUANTITY_IN_100KG,2007,,95788.92,
dataflow,ESTAT:DS-045409(1.0),EU trade since 1988 by HS2-4-6 and CN8,A,Annual,EU27_2020,"European Union - 27 countries (AT, BE, BG, CY, CZ, DE, DK, EE, ES, FI, FR, GR, HR, HU, IE, IT, LT, LU, LV, MT, NL, PL, PT, RO, SE, SI, SK)",EXT_EU27_2020,Extra-EU27 (from 2020),854231,"Electronic integrated circuits as processors and controllers, whether or not combined with memories, converters, logic circuits, amplifiers, clock and timing circuits, or other circuits",2,EXPORT,QUANTITY_IN_100KG,QUANTITY_IN_100KG,2008,,99535.44,
dataflow,ESTAT:DS-045409(1.0),EU trade since 1988 by HS2-4-6 and CN8,A,Annual,EU27_2020,"European Union - 27 countries (AT, BE, BG, CY, CZ, DE, DK, EE, ES, FI, FR, GR, HR, HU, IE, IT, LT, LU, LV, MT, NL, PL, PT, RO, SE, SI, SK)",EXT_EU27_2020,Extra-EU27 (from 2020),854231,"Electronic integrated circuits as processors and controllers, whether or not combined with memories, converters, logic circuits, amplifiers, clock and timing circuits, or other circuits",2,EXPORT,QUANTITY_IN_100KG,QUANTITY_IN_100KG,2009,,107090.94,
dataflow,ESTAT:DS-045409(1.0),EU trade since 1988 by HS2-4-6 and CN8,A,Annual,EU27_2020,"European Union - 27 countries (AT, BE, BG, CY, CZ, DE, DK, EE, ES, FI, FR, GR, HR, HU, IE, IT, LT, LU, LV, MT, NL, PL, PT, RO, SE, SI, SK)",EXT_EU27_2020,Extra-EU27 (from 2020),854231,"Electronic integrated circuits as processors and controllers, whether or not combined with memories, converters, logic circuits, amplifiers, clock and timing circuits, or other circuits",2,EXPORT,QUANTITY_IN_100KG,QUANTITY_IN_100KG,2010,,82943.62,
dataflow,ESTAT:DS-045409(1.0),EU trade since 1988 by HS2-4-6 and CN8,A,Annual,EU27_2020,"European Union - 27 countries (AT, BE, BG, CY, CZ, DE, DK, EE, ES, FI, FR, GR, HR, HU, IE, IT, LT, LU, LV, MT, NL, PL, PT, RO, SE, SI, SK)",EXT_EU27_2020,Extra-EU27 (from 2020),854231,"Electronic integrated circuits as processors and controllers, whether or not combined with memories, converters, logic circuits, amplifiers, clock and timing circuits, or other circuits",2,EXPORT,QUANTITY_IN_100KG,QUANTITY_IN_100KG,2011,,80737.10,
dataflow,ESTAT:DS-045409(1.0),EU trade since 1988 by HS2-4-6 and CN8,A,Annual,EU27_2020,"European Union - 27 countries (AT, BE, BG, CY, CZ, DE, DK, EE, ES, FI, FR, GR, HR, HU, IE, IT, LT, LU, LV, MT, NL, PL, PT, RO, SE, SI, SK)",EXT_EU27_2020,Extra-EU27 (from 2020),854231,"Electronic integrated circuits as processors and controllers, whether or not combined with memories, converters, logic circuits, amplifiers, clock and timing circuits, or other circuits",2,EXPORT,QUANTITY_IN_100KG,QUANTITY_IN_100KG,2012,,87315.27,
dataflow,ESTAT:DS-045409(1.0),EU trade since 1988 by HS2-4-6 and CN8,A,Annual,EU27_2020,"European Union - 27 countries (AT, BE, BG, CY, CZ, DE, DK, EE, ES, FI, FR, GR, HR, HU, IE, IT, LT, LU, LV, MT, NL, PL, PT, RO, SE, SI, SK)",EXT_EU27_2020,Extra-EU27 (from 2020),854231,"Electronic integrated circuits as processors and controllers, whether or not combined with memories, converters, logic circuits, amplifiers, clock and timing circuits, or other circuits",2,EXPORT,QUANTITY_IN_100KG,QUANTITY_IN_100KG,2013,,84691.99,
dataflow,ESTAT:DS-045409(1.0),EU trade since 1988 by HS2-4-6 and CN8,A,Annual,EU27_2020,"European Union - 27 countries (AT, BE, BG, CY, CZ, DE, DK, EE, ES, FI, FR, GR, HR, HU, IE, IT, LT, LU, LV, MT, NL, PL, PT, RO, SE, SI, SK)",EXT_EU27_2020,Extra-EU27 (from 2020),854231,"Electronic integrated circuits as processors and controllers, whether or not combined with memories, converters, logic circuits, amplifiers, clock and timing circuits, or other circuits",2,EXPORT,QUANTITY_IN_100KG,QUANTITY_IN_100KG,2014,,67525.80,
dataflow,ESTAT:DS-045409(1.0),EU trade since 1988 by HS2-4-6 and CN8,A,Annual,EU27_2020,"European Union - 27 countries (AT, BE, BG, CY, CZ, DE, DK, EE, ES, FI, FR, GR, HR, HU, IE, IT, LT, LU, LV, MT, NL, PL, PT, RO, SE, SI, SK)",EXT_EU27_2020,Extra-EU27 (from 2020),854231,"Electronic integrated circuits as processors and controllers, whether or not combined with memories, converters, logic circuits, amplifiers, clock and timing circuits, or other circuits",2,EXPORT,QUANTITY_IN_100KG,QUANTITY_IN_100KG,2015,,72739.49,
dataflow,ESTAT:DS-045409(1.0),EU trade since 1988 by HS2-4-6 and CN8,A,Annual,EU27_2020,"European Union - 27 countries (AT, BE, BG, CY, CZ, DE, DK, EE, ES, FI, FR, GR, HR, HU, IE, IT, LT, LU, LV, MT, NL, PL, PT, RO, SE, SI, SK)",EXT_EU27_2020,Extra-EU27 (from 2020),854231,"Electronic integrated circuits as processors and controllers, whether or not combined with memories, converters, logic circuits, amplifiers, clock and timing circuits, or other circuits",2,EXPORT,QUANTITY_IN_100KG,QUANTITY_IN_100KG,2016,,80636.35,
dataflow,ESTAT:DS-045409(1.0),EU trade since 1988 by HS2-4-6 and CN8,A,Annual,EU27_2020,"European Union - 27 countries (AT, BE, BG, CY, CZ, DE, DK, EE, ES, FI, FR, GR, HR, HU, IE, IT, LT, LU, LV, MT, NL, PL, PT, RO, SE, SI, SK)",EXT_EU27_2020,Extra-EU27 (from 2020),854231,"Electronic integrated circuits as processors and controllers, whether or not combined with memories, converters, logic circuits, amplifiers, clock and timing circuits, or other circuits",2,EXPORT,QUANTITY_IN_100KG,QUANTITY_IN_100KG,2017,,87661.53,
dataflow,ESTAT:DS-045409(1.0),EU trade since 1988 by HS2-4-6 and CN8,A,Annual,EU27_2020,"European Union - 27 countries (AT, BE, BG, CY, CZ, DE, DK, EE, ES, FI, FR, GR, HR, HU, IE, IT, LT, LU, LV, MT, NL, PL, PT, RO, SE, SI, SK)",EXT_EU27_2020,Extra-EU27 (from 2020),854231,"Electronic integrated circuits as processors and controllers, whether or not combined with memories, converters, logic circuits, amplifiers, clock and timing circuits, or other circuits",2,EXPORT,QUANTITY_IN_100KG,QUANTITY_IN_100KG,2018,,81438.16,
dataflow,ESTAT:DS-045409(1.0),EU trade since 1988 by HS2-4-6 and CN8,A,Annual,EU27_2020,"European Union - 27 countries (AT, BE, BG, CY, CZ, DE, DK, EE, ES, FI, FR, GR, HR, HU, IE, IT, LT, LU, LV, MT, NL, PL, PT, RO, SE, SI, SK)",EXT_EU27_2020,Extra-EU27 (from 2020),854231,"Electronic integrated circuits as processors and controllers, whether or not combined with memories, converters, logic circuits, amplifiers, clock and timing circuits, or other circuits",2,EXPORT,QUANTITY_IN_100KG,QUANTITY_IN_100KG,2019,,65520.03,
dataflow,ESTAT:DS-045409(1.0),EU trade since 1988 by HS2-4-6 and CN8,A,Annual,EU27_2020,"European Union - 27 countries (AT, BE, BG, CY, CZ, DE, DK, EE, ES, FI, FR, GR, HR, HU, IE, IT, LT, LU, LV, MT, NL, PL, PT, RO, SE, SI, SK)",EXT_EU27_2020,Extra-EU27 (from 2020),854231,"Electronic integrated circuits as processors and controllers, whether or not combined with memories, converters, logic circuits, amplifiers, clock and timing circuits, or other circuits",2,EXPORT,QUANTITY_IN_100KG,QUANTITY_IN_100KG,2020,,62479.22,
dataflow,ESTAT:DS-045409(1.0),EU trade since 1988 by HS2-4-6 and CN8,A,Annual,EU27_2020,"European Union - 27 countries (AT, BE, BG, CY, CZ, DE, DK, EE, ES, FI, FR, GR, HR, HU, IE, IT, LT, LU, LV, MT, NL, PL, PT, RO, SE, SI, SK)",EXT_EU27_2020,Extra-EU27 (from 2020),854231,"Electronic integrated circuits as processors and controllers, whether or not combined with memories, converters, logic circuits, amplifiers, clock and timing circuits, or other circuits",2,EXPORT,QUANTITY_IN_100KG,QUANTITY_IN_100KG,2021,,57728.44,
dataflow,ESTAT:DS-045409(1.0),EU trade since 1988 by HS2-4-6 and CN8,A,Annual,EU27_2020,"European Union - 27 countries (AT, BE, BG, CY, CZ, DE, DK, EE, ES, FI, FR, GR, HR, HU, IE, IT, LT, LU, LV, MT, NL, PL, PT, RO, SE, SI, SK)",EXT_EU27_2020,Extra-EU27 (from 2020),854231,"Electronic integrated circuits as processors and controllers, whether or not combined with memories, converters, logic circuits, amplifiers, clock and timing circuits, or other circuits",2,EXPORT,QUANTITY_IN_100KG,QUANTITY_IN_100KG,2022,,55171.23,
dataflow,ESTAT:DS-045409(1.0),EU trade since 1988 by HS2-4-6 and CN8,A,Annual,EU27_2020,"European Union - 27 countries (AT, BE, BG, CY, CZ, DE, DK, EE, ES, FI, FR, GR, HR, HU, IE, IT, LT, LU, LV, MT, NL, PL, PT, RO, SE, SI, SK)",EXT_EU27_2020,Extra-EU27 (from 2020),854231,"Electronic integrated circuits as processors and controllers, whether or not combined with memories, converters, logic circuits, amplifiers, clock and timing circuits, or other circuits",2,EXPORT,QUANTITY_IN_100KG,QUANTITY_IN_100KG,2023,,52826.40,
dataflow,ESTAT:DS-045409(1.0),EU trade since 1988 by HS2-4-6 and CN8,A,Annual,EU27_2020,"European Union - 27 countries (AT, BE, BG, CY, CZ, DE, DK, EE, ES, FI, FR, GR, HR, HU, IE, IT, LT, LU, LV, MT, NL, PL, PT, RO, SE, SI, SK)",EXT_EU27_2020,Extra-EU27 (from 2020),854231,"Electronic integrated circuits as processors and controllers, whether or not combined with memories, converters, logic circuits, amplifiers, clock and timing circuits, or other circuits",2,EXPORT,QUANTITY_IN_100KG,QUANTITY_IN_100KG,2024,,48613.07,
dataflow,ESTAT:DS-045409(1.0),EU trade since 1988 by HS2-4-6 and CN8,A,Annual,EU27_2020,"European Union - 27 countries (AT, BE, BG, CY, CZ, DE, DK, EE, ES, FI, FR, GR, HR, HU, IE, IT, LT, LU, LV, MT, NL, PL, PT, RO, SE, SI, SK)",EXT_EU27_2020,Extra-EU27 (from 2020),854231,"Electronic integrated circuits as processors and controllers, whether or not combined with memories, converters, logic circuits, amplifiers, clock and timing circuits, or other circuits",2,EXPORT,QUANTITY_IN_100KG,QUANTITY_IN_100KG,2025,,48763.41,
dataflow,ESTAT:DS-045409(1.0),EU trade since 1988 by HS2-4-6 and CN8,A,Annual,EU27_2020,"European Union - 27 countries (AT, BE, BG, CY, CZ, DE, DK, EE, ES, FI, FR, GR, HR, HU, IE, IT, LT, LU, LV, MT, NL, PL, PT, RO, SE, SI, SK)",EXT_EU27_2020,Extra-EU27 (from 2020),854231,"Electronic integrated circuits as processors and controllers, whether or not combined with memories, converters, logic circuits, amplifiers, clock and timing circuits, or other circuits",2,EXPORT,VALUE_IN_EUROS,VALUE_IN_EUROS,2007,,8035937557,
dataflow,ESTAT:DS-045409(1.0),EU trade since 1988 by HS2-4-6 and CN8,A,Annual,EU27_2020,"European Union - 27 countries (AT, BE, BG, CY, CZ, DE, DK, EE, ES, FI, FR, GR, HR, HU, IE, IT, LT, LU, LV, MT, NL, PL, PT, RO, SE, SI, SK)",EXT_EU27_2020,Extra-EU27 (from 2020),854231,"Electronic integrated circuits as processors and controllers, whether or not combined with memories, converters, logic circuits, amplifiers, clock and timing circuits, or other circuits",2,EXPORT,VALUE_IN_EUROS,VALUE_IN_EUROS,2008,,7067039011,
dataflow,ESTAT:DS-045409(1.0),EU trade since 1988 by HS2-4-6 and CN8,A,Annual,EU27_2020,"European Union - 27 countries (AT, BE, BG, CY, CZ, DE, DK, EE, ES, FI, FR, GR, HR, HU, IE, IT, LT, LU, LV, MT, NL, PL, PT, RO, SE, SI, SK)",EXT_EU27_2020,Extra-EU27 (from 2020),854231,"Electronic integrated circuits as processors and controllers, whether or not combined with memories, converters, logic circuits, amplifiers, clock and timing circuits, or other circuits",2,EXPORT,VALUE_IN_EUROS,VALUE_IN_EUROS,2009,,5524677696,
dataflow,ESTAT:DS-045409(1.0),EU trade since 1988 by HS2-4-6 and CN8,A,Annual,EU27_2020,"European Union - 27 countries (AT, BE, BG, CY, CZ, DE, DK, EE, ES, FI, FR, GR, HR, HU, IE, IT, LT, LU, LV, MT, NL, PL, PT, RO, SE, SI, SK)",EXT_EU27_2020,Extra-EU27 (from 2020),854231,"Electronic integrated circuits as processors and controllers, whether or not combined with memories, converters, logic circuits, amplifiers, clock and timing circuits, or other circuits",2,EXPORT,VALUE_IN_EUROS,VALUE_IN_EUROS,2010,,6365289326,
dataflow,ESTAT:DS-045409(1.0),EU trade since 1988 by HS2-4-6 and CN8,A,Annual,EU27_2020,"European Union - 27 countries (AT, BE, BG, CY, CZ, DE, DK, EE, ES, FI, FR, GR, HR, HU, IE, IT, LT, LU, LV, MT, NL, PL, PT, RO, SE, SI, SK)",EXT_EU27_2020,Extra-EU27 (from 2020),854231,"Electronic integrated circuits as processors and controllers, whether or not combined with memories, converters, logic circuits, amplifiers, clock and timing circuits, or other circuits",2,EXPORT,VALUE_IN_EUROS,VALUE_IN_EUROS,2011,,5563634074,
dataflow,ESTAT:DS-045409(1.0),EU trade since 1988 by HS2-4-6 and CN8,A,Annual,EU27_2020,"European Union - 27 countries (AT, BE, BG, CY, CZ, DE, DK, EE, ES, FI, FR, GR, HR, HU, IE, IT, LT, LU, LV, MT, NL, PL, PT, RO, SE, SI, SK)",EXT_EU27_2020,Extra-EU27 (from 2020),854231,"Electronic integrated circuits as processors and controllers, whether or not combined with memories, converters, logic circuits, amplifiers, clock and timing circuits, or other circuits",2,EXPORT,VALUE_IN_EUROS,VALUE_IN_EUROS,2012,,6448142599,
dataflow,ESTAT:DS-045409(1.0),EU trade since 1988 by HS2-4-6 and CN8,A,Annual,EU27_2020,"European Union - 27 countries (AT, BE, BG, CY, CZ, DE, DK, EE, ES, FI, FR, GR, HR, HU, IE, IT, LT, LU, LV, MT, NL, PL, PT, RO, SE, SI, SK)",EXT_EU27_2020,Extra-EU27 (from 2020),854231,"Electronic integrated circuits as processors and controllers, whether or not combined with memories, converters, logic circuits, amplifiers, clock and timing circuits, or other circuits",2,EXPORT,VALUE_IN_EUROS,VALUE_IN_EUROS,2013,,6278449077,
dataflow,ESTAT:DS-045409(1.0),EU trade since 1988 by HS2-4-6 and CN8,A,Annual,EU27_2020,"European Union - 27 countries (AT, BE, BG, CY, CZ, DE, DK, EE, ES, FI, FR, GR, HR, HU, IE, IT, LT, LU, LV, MT, NL, PL, PT, RO, SE, SI, SK)",EXT_EU27_2020,Extra-EU27 (from 2020),854231,"Electronic integrated circuits as processors and controllers, whether or not combined with memories, converters, logic circuits, amplifiers, clock and timing circuits, or other circuits",2,EXPORT,VALUE_IN_EUROS,VALUE_IN_EUROS,2014,,6481490698,
dataflow,ESTAT:DS-045409(1.0),EU trade since 1988 by HS2-4-6 and CN8,A,Annual,EU27_2020,"European Union - 27 countries (AT, BE, BG, CY, CZ, DE, DK, EE, ES, FI, FR, GR, HR, HU, IE, IT, LT, LU, LV, MT, NL, PL, PT, RO, SE, SI, SK)",EXT_EU27_2020,Extra-EU27 (from 2020),854231,"Electronic integrated circuits as processors and controllers, whether or not combined with memories, converters, logic circuits, amplifiers, clock and timing circuits, or other circuits",2,EXPORT,VALUE_IN_EUROS,VALUE_IN_EUROS,2015,,7150894903,
dataflow,ESTAT:DS-045409(1.0),EU trade since 1988 by HS2-4-6 and CN8,A,Annual,EU27_2020,"European Union - 27 countries (AT, BE, BG, CY, CZ, DE, DK, EE, ES, FI, FR, GR, HR, HU, IE, IT, LT, LU, LV, MT, NL, PL, PT, RO, SE, SI, SK)",EXT_EU27_2020,Extra-EU27 (from 2020),854231,"Electronic integrated circuits as processors and controllers, whether or not combined with memories, converters, logic circuits, amplifiers, clock and timing circuits, or other circuits",2,EXPORT,VALUE_IN_EUROS,VALUE_IN_EUROS,2016,,11892722364,
dataflow,ESTAT:DS-045409(1.0),EU trade since 1988 by HS2-4-6 and CN8,A,Annual,EU27_2020,"European Union - 27 countries (AT, BE, BG, CY, CZ, DE, DK, EE, ES, FI, FR, GR, HR, HU, IE, IT, LT, LU, LV, MT, NL, PL, PT, RO, SE, SI, SK)",EXT_EU27_2020,Extra-EU27 (from 2020),854231,"Electronic integrated circuits as processors and controllers, whether or not combined with memories, converters, logic circuits, amplifiers, clock and timing circuits, or other circuits",2,EXPORT,VALUE_IN_EUROS,VALUE_IN_EUROS,2017,,12616793090,
dataflow,ESTAT:DS-045409(1.0),EU trade since 1988 by HS2-4-6 and CN8,A,Annual,EU27_2020,"European Union - 27 countries (AT, BE, BG, CY, CZ, DE, DK, EE, ES, FI, FR, GR, HR, HU, IE, IT, LT, LU, LV, MT, NL, PL, PT, RO, SE, SI, SK)",EXT_EU27_2020,Extra-EU27 (from 2020),854231,"Electronic integrated circuits as processors and controllers, whether or not combined with memories, converters, logic circuits, amplifiers, clock and timing circuits, or other circuits",2,EXPORT,VALUE_IN_EUROS,VALUE_IN_EUROS,2018,,11665581712,
dataflow,ESTAT:DS-045409(1.0),EU trade since 1988 by HS2-4-6 and CN8,A,Annual,EU27_2020,"European Union - 27 countries (AT, BE, BG, CY, CZ, DE, DK, EE, ES, FI, FR, GR, HR, HU, IE, IT, LT, LU, LV, MT, NL, PL, PT, RO, SE, SI, SK)",EXT_EU27_2020,Extra-EU27 (from 2020),854231,"Electronic integrated circuits as processors and controllers, whether or not combined with memories, converters, logic circuits, amplifiers, clock and timing circuits, or other circuits",2,EXPORT,VALUE_IN_EUROS,VALUE_IN_EUROS,2019,,14882284971,
dataflow,ESTAT:DS-045409(1.0),EU trade since 1988 by HS2-4-6 and CN8,A,Annual,EU27_2020,"European Union - 27 countries (AT, BE, BG, CY, CZ, DE, DK, EE, ES, FI, FR, GR, HR, HU, IE, IT, LT, LU, LV, MT, NL, PL, PT, RO, SE, SI, SK)",EXT_EU27_2020,Extra-EU27 (from 2020),854231,"Electronic integrated circuits as processors and controllers, whether or not combined with memories, converters, logic circuits, amplifiers, clock and timing circuits, or other circuits",2,EXPORT,VALUE_IN_EUROS,VALUE_IN_EUROS,2020,,15281994538,
dataflow,ESTAT:DS-045409(1.0),EU trade since 1988 by HS2-4-6 and CN8,A,Annual,EU27_2020,"European Union - 27 countries (AT, BE, BG, CY, CZ, DE, DK, EE, ES, FI, FR, GR, HR, HU, IE, IT, LT, LU, LV, MT, NL, PL, PT, RO, SE, SI, SK)",EXT_EU27_2020,Extra-EU27 (from 2020),854231,"Electronic integrated circuits as processors and controllers, whether or not combined with memories, converters, logic circuits, amplifiers, clock and timing circuits, or other circuits",2,EXPORT,VALUE_IN_EUROS,VALUE_IN_EUROS,2021,,17693529277,
dataflow,ESTAT:DS-045409(1.0),EU trade since 1988 by HS2-4-6 and CN8,A,Annual,EU27_2020,"European Union - 27 countries (AT, BE, BG, CY, CZ, DE, DK, EE, ES, FI, FR, GR, HR, HU, IE, IT, LT, LU, LV, MT, NL, PL, PT, RO, SE, SI, SK)",EXT_EU27_2020,Extra-EU27 (from 2020),854231,"Electronic integrated circuits as processors and controllers, whether or not combined with memories, converters, logic circuits, amplifiers, clock and timing circuits, or other circuits",2,EXPORT,VALUE_IN_EUROS,VALUE_IN_EUROS,2022,,21604836703,
dataflow,ESTAT:DS-045409(1.0),EU trade since 1988 by HS2-4-6 and CN8,A,Annual,EU27_2020,"European Union - 27 countries (AT, BE, BG, CY, CZ, DE, DK, EE, ES, FI, FR, GR, HR, HU, IE, IT, LT, LU, LV, MT, NL, PL, PT, RO, SE, SI, SK)",EXT_EU27_2020,Extra-EU27 (from 2020),854231,"Electronic integrated circuits as processors and controllers, whether or not combined with memories, converters, logic circuits, amplifiers, clock and timing circuits, or other circuits",2,EXPORT,VALUE_IN_EUROS,VALUE_IN_EUROS,2023,,16488837976,
dataflow,ESTAT:DS-045409(1.0),EU trade since 1988 by HS2-4-6 and CN8,A,Annual,EU27_2020,"European Union - 27 countries (AT, BE, BG, CY, CZ, DE, DK, EE, ES, FI, FR, GR, HR, HU, IE, IT, LT, LU, LV, MT, NL, PL, PT, RO, SE, SI, SK)",EXT_EU27_2020,Extra-EU27 (from 2020),854231,"Electronic integrated circuits as processors and controllers, whether or not combined with memories, converters, logic circuits, amplifiers, clock and timing circuits, or other circuits",2,EXPORT,VALUE_IN_EUROS,VALUE_IN_EUROS,2024,,16772429736,
dataflow,ESTAT:DS-045409(1.0),EU trade since 1988 by HS2-4-6 and CN8,A,Annual,EU27_2020,"European Union - 27 countries (AT, BE, BG, CY, CZ, DE, DK, EE, ES, FI, FR, GR, HR, HU, IE, IT, LT, LU, LV, MT, NL, PL, PT, RO, SE, SI, SK)",EXT_EU27_2020,Extra-EU27 (from 2020),854231,"Electronic integrated circuits as processors and controllers, whether or not combined with memories, converters, logic circuits, amplifiers, clock and timing circuits, or other circuits",2,EXPORT,VALUE_IN_EUROS,VALUE_IN_EUROS,2025,,17281008938,
dataflow,ESTAT:DS-045409(1.0),EU trade since 1988 by HS2-4-6 and CN8,A,Annual,EU27_2020,"European Union - 27 countries (AT, BE, BG, CY, CZ, DE, DK, EE, ES, FI, FR, GR, HR, HU, IE, IT, LT, LU, LV, MT, NL, PL, PT, RO, SE, SI, SK)",EXT_EU27_2020,Extra-EU27 (from 2020),854232,Electronic integrated circuits as memories,1,IMPORT,QUANTITY_IN_100KG,QUANTITY_IN_100KG,2007,,58564.87,
dataflow,ESTAT:DS-045409(1.0),EU trade since 1988 by HS2-4-6 and CN8,A,Annual,EU27_2020,"European Union - 27 countries (AT, BE, BG, CY, CZ, DE, DK, EE, ES, FI, FR, GR, HR, HU, IE, IT, LT, LU, LV, MT, NL, PL, PT, RO, SE, SI, SK)",EXT_EU27_2020,Extra-EU27 (from 2020),854232,Electronic integrated circuits as memories,1,IMPORT,QUANTITY_IN_100KG,QUANTITY_IN_100KG,2008,,62748.21,
dataflow,ESTAT:DS-045409(1.0),EU trade since 1988 by HS2-4-6 and CN8,A,Annual,EU27_2020,"European Union - 27 countries (AT, BE, BG, CY, CZ, DE, DK, EE, ES, FI, FR, GR, HR, HU, IE, IT, LT, LU, LV, MT, NL, PL, PT, RO, SE, SI, SK)",EXT_EU27_2020,Extra-EU27 (from 2020),854232,Electronic integrated circuits as memories,1,IMPORT,QUANTITY_IN_100KG,QUANTITY_IN_100KG,2009,,45538.08,
dataflow,ESTAT:DS-045409(1.0),EU trade since 1988 by HS2-4-6 and CN8,A,Annual,EU27_2020,"European Union - 27 countries (AT, BE, BG, CY, CZ, DE, DK, EE, ES, FI, FR, GR, HR, HU, IE, IT, LT, LU, LV, MT, NL, PL, PT, RO, SE, SI, SK)",EXT_EU27_2020,Extra-EU27 (from 2020),854232,Electronic integrated circuits as memories,1,IMPORT,QUANTITY_IN_100KG,QUANTITY_IN_100KG,2010,,58851.27,
dataflow,ESTAT:DS-045409(1.0),EU trade since 1988 by HS2-4-6 and CN8,A,Annual,EU27_2020,"European Union - 27 countries (AT, BE, BG, CY, CZ, DE, DK, EE, ES, FI, FR, GR, HR, HU, IE, IT, LT, LU, LV, MT, NL, PL, PT, RO, SE, SI, SK)",EXT_EU27_2020,Extra-EU27 (from 2020),854232,Electronic integrated circuits as memories,1,IMPORT,QUANTITY_IN_100KG,QUANTITY_IN_100KG,2011,,58926.16,
dataflow,ESTAT:DS-045409(1.0),EU trade since 1988 by HS2-4-6 and CN8,A,Annual,EU27_2020,"European Union - 27 countries (AT, BE, BG, CY, CZ, DE, DK, EE, ES, FI, FR, GR, HR, HU, IE, IT, LT, LU, LV, MT, NL, PL, PT, RO, SE, SI, SK)",EXT_EU27_2020,Extra-EU27 (from 2020),854232,Electronic integrated circuits as memories,1,IMPORT,QUANTITY_IN_100KG,QUANTITY_IN_100KG,2012,,37923.29,
dataflow,ESTAT:DS-045409(1.0),EU trade since 1988 by HS2-4-6 and CN8,A,Annual,EU27_2020,"European Union - 27 countries (AT, BE, BG, CY, CZ, DE, DK, EE, ES, FI, FR, GR, HR, HU, IE, IT, LT, LU, LV, MT, NL, PL, PT, RO, SE, SI, SK)",EXT_EU27_2020,Extra-EU27 (from 2020),854232,Electronic integrated circuits as memories,1,IMPORT,QUANTITY_IN_100KG,QUANTITY_IN_100KG,2013,,46455.19,
dataflow,ESTAT:DS-045409(1.0),EU trade since 1988 by HS2-4-6 and CN8,A,Annual,EU27_2020,"European Union - 27 countries (AT, BE, BG, CY, CZ, DE, DK, EE, ES, FI, FR, GR, HR, HU, IE, IT, LT, LU, LV, MT, NL, PL, PT, RO, SE, SI, SK)",EXT_EU27_2020,Extra-EU27 (from 2020),854232,Electronic integrated circuits as memories,1,IMPORT,QUANTITY_IN_100KG,QUANTITY_IN_100KG,2014,,40010.83,
dataflow,ESTAT:DS-045409(1.0),EU trade since 1988 by HS2-4-6 and CN8,A,Annual,EU27_2020,"European Union - 27 countries (AT, BE, BG, CY, CZ, DE, DK, EE, ES, FI, FR, GR, HR, HU, IE, IT, LT, LU, LV, MT, NL, PL, PT, RO, SE, SI, SK)",EXT_EU27_2020,Extra-EU27 (from 2020),854232,Electronic integrated circuits as memories,1,IMPORT,QUANTITY_IN_100KG,QUANTITY_IN_100KG,2015,,35963.34,
dataflow,ESTAT:DS-045409(1.0),EU trade since 1988 by HS2-4-6 and CN8,A,Annual,EU27_2020,"European Union - 27 countries (AT, BE, BG, CY, CZ, DE, DK, EE, ES, FI, FR, GR, HR, HU, IE, IT, LT, LU, LV, MT, NL, PL, PT, RO, SE, SI, SK)",EXT_EU27_2020,Extra-EU27 (from 2020),854232,Electronic integrated circuits as memories,1,IMPORT,QUANTITY_IN_100KG,QUANTITY_IN_100KG,2016,,39928.85,
dataflow,ESTAT:DS-045409(1.0),EU trade since 1988 by HS2-4-6 and CN8,A,Annual,EU27_2020,"European Union - 27 countries (AT, BE, BG, CY, CZ, DE, DK, EE, ES, FI, FR, GR, HR, HU, IE, IT, LT, LU, LV, MT, NL, PL, PT, RO, SE, SI, SK)",EXT_EU27_2020,Extra-EU27 (from 2020),854232,Electronic integrated circuits as memories,1,IMPORT,QUANTITY_IN_100KG,QUANTITY_IN_100KG,2017,,51518.93,
dataflow,ESTAT:DS-045409(1.0),EU trade since 1988 by HS2-4-6 and CN8,A,Annual,EU27_2020,"European Union - 27 countries (AT, BE, BG, CY, CZ, DE, DK, EE, ES, FI, FR, GR, HR, HU, IE, IT, LT, LU, LV, MT, NL, PL, PT, RO, SE, SI, SK)",EXT_EU27_2020,Extra-EU27 (from 2020),854232,Electronic integrated circuits as memories,1,IMPORT,QUANTITY_IN_100KG,QUANTITY_IN_100KG,2018,,49504.05,
dataflow,ESTAT:DS-045409(1.0),EU trade since 1988 by HS2-4-6 and CN8,A,Annual,EU27_2020,"European Union - 27 countries (AT, BE, BG, CY, CZ, DE, DK, EE, ES, FI, FR, GR, HR, HU, IE, IT, LT, LU, LV, MT, NL, PL, PT, RO, SE, SI, SK)",EXT_EU27_2020,Extra-EU27 (from 2020),854232,Electronic integrated circuits as memories,1,IMPORT,QUANTITY_IN_100KG,QUANTITY_IN_100KG,2019,,39774.98,
dataflow,ESTAT:DS-045409(1.0),EU trade since 1988 by HS2-4-6 and CN8,A,Annual,EU27_2020,"European Union - 27 countries (AT, BE, BG, CY, CZ, DE, DK, EE, ES, FI, FR, GR, HR, HU, IE, IT, LT, LU, LV, MT, NL, PL, PT, RO, SE, SI, SK)",EXT_EU27_2020,Extra-EU27 (from 2020),854232,Electronic integrated circuits as memories,1,IMPORT,QUANTITY_IN_100KG,QUANTITY_IN_100KG,2020,,45376.02,
dataflow,ESTAT:DS-045409(1.0),EU trade since 1988 by HS2-4-6 and CN8,A,Annual,EU27_2020,"European Union - 27 countries (AT, BE, BG, CY, CZ, DE, DK, EE, ES, FI, FR, GR, HR, HU, IE, IT, LT, LU, LV, MT, NL, PL, PT, RO, SE, SI, SK)",EXT_EU27_2020,Extra-EU27 (from 2020),854232,Electronic integrated circuits as memories,1,IMPORT,QUANTITY_IN_100KG,QUANTITY_IN_100KG,2021,,32681.64,
dataflow,ESTAT:DS-045409(1.0),EU trade since 1988 by HS2-4-6 and CN8,A,Annual,EU27_2020,"European Union - 27 countries (AT, BE, BG, CY, CZ, DE, DK, EE, ES, FI, FR, GR, HR, HU, IE, IT, LT, LU, LV, MT, NL, PL, PT, RO, SE, SI, SK)",EXT_EU27_2020,Extra-EU27 (from 2020),854232,Electronic integrated circuits as memories,1,IMPORT,QUANTITY_IN_100KG,QUANTITY_IN_100KG,2022,,16983.13,
dataflow,ESTAT:DS-045409(1.0),EU trade since 1988 by HS2-4-6 and CN8,A,Annual,EU27_2020,"European Union - 27 countries (AT, BE, BG, CY, CZ, DE, DK, EE, ES, FI, FR, GR, HR, HU, IE, IT, LT, LU, LV, MT, NL, PL, PT, RO, SE, SI, SK)",EXT_EU27_2020,Extra-EU27 (from 2020),854232,Electronic integrated circuits as memories,1,IMPORT,QUANTITY_IN_100KG,QUANTITY_IN_100KG,2023,,15813.74,
dataflow,ESTAT:DS-045409(1.0),EU trade since 1988 by HS2-4-6 and CN8,A,Annual,EU27_2020,"European Union - 27 countries (AT, BE, BG, CY, CZ, DE, DK, EE, ES, FI, FR, GR, HR, HU, IE, IT, LT, LU, LV, MT, NL, PL, PT, RO, SE, SI, SK)",EXT_EU27_2020,Extra-EU27 (from 2020),854232,Electronic integrated circuits as memories,1,IMPORT,QUANTITY_IN_100KG,QUANTITY_IN_100KG,2024,,12417.04,
dataflow,ESTAT:DS-045409(1.0),EU trade since 1988 by HS2-4-6 and CN8,A,Annual,EU27_2020,"European Union - 27 countries (AT, BE, BG, CY, CZ, DE, DK, EE, ES, FI, FR, GR, HR, HU, IE, IT, LT, LU, LV, MT, NL, PL, PT, RO, SE, SI, SK)",EXT_EU27_2020,Extra-EU27 (from 2020),854232,Electronic integrated circuits as memories,1,IMPORT,QUANTITY_IN_100KG,QUANTITY_IN_100KG,2025,,13558.49,
dataflow,ESTAT:DS-045409(1.0),EU trade since 1988 by HS2-4-6 and CN8,A,Annual,EU27_2020,"European Union - 27 countries (AT, BE, BG, CY, CZ, DE, DK, EE, ES, FI, FR, GR, HR, HU, IE, IT, LT, LU, LV, MT, NL, PL, PT, RO, SE, SI, SK)",EXT_EU27_2020,Extra-EU27 (from 2020),854232,Electronic integrated circuits as memories,1,IMPORT,VALUE_IN_EUROS,VALUE_IN_EUROS,2007,,4610949106,
dataflow,ESTAT:DS-045409(1.0),EU trade since 1988 by HS2-4-6 and CN8,A,Annual,EU27_2020,"European Union - 27 countries (AT, BE, BG, CY, CZ, DE, DK, EE, ES, FI, FR, GR, HR, HU, IE, IT, LT, LU, LV, MT, NL, PL, PT, RO, SE, SI, SK)",EXT_EU27_2020,Extra-EU27 (from 2020),854232,Electronic integrated circuits as memories,1,IMPORT,VALUE_IN_EUROS,VALUE_IN_EUROS,2008,,3148518221,
dataflow,ESTAT:DS-045409(1.0),EU trade since 1988 by HS2-4-6 and CN8,A,Annual,EU27_2020,"European Union - 27 countries (AT, BE, BG, CY, CZ, DE, DK, EE, ES, FI, FR, GR, HR, HU, IE, IT, LT, LU, LV, MT, NL, PL, PT, RO, SE, SI, SK)",EXT_EU27_2020,Extra-EU27 (from 2020),854232,Electronic integrated circuits as memories,1,IMPORT,VALUE_IN_EUROS,VALUE_IN_EUROS,2009,,1841323029,
dataflow,ESTAT:DS-045409(1.0),EU trade since 1988 by HS2-4-6 and CN8,A,Annual,EU27_2020,"European Union - 27 countries (AT, BE, BG, CY, CZ, DE, DK, EE, ES, FI, FR, GR, HR, HU, IE, IT, LT, LU, LV, MT, NL, PL, PT, RO, SE, SI, SK)",EXT_EU27_2020,Extra-EU27 (from 2020),854232,Electronic integrated circuits as memories,1,IMPORT,VALUE_IN_EUROS,VALUE_IN_EUROS,2010,,2384404617,
dataflow,ESTAT:DS-045409(1.0),EU trade since 1988 by HS2-4-6 and CN8,A,Annual,EU27_2020,"European Union - 27 countries (AT, BE, BG, CY, CZ, DE, DK, EE, ES, FI, FR, GR, HR, HU, IE, IT, LT, LU, LV, MT, NL, PL, PT, RO, SE, SI, SK)",EXT_EU27_2020,Extra-EU27 (from 2020),854232,Electronic integrated circuits as memories,1,IMPORT,VALUE_IN_EUROS,VALUE_IN_EUROS,2011,,2065790037,
dataflow,ESTAT:DS-045409(1.0),EU trade since 1988 by HS2-4-6 and CN8,A,Annual,EU27_2020,"European Union - 27 countries (AT, BE, BG, CY, CZ, DE, DK, EE, ES, FI, FR, GR, HR, HU, IE, IT, LT, LU, LV, MT, NL, PL, PT, RO, SE, SI, SK)",EXT_EU27_2020,Extra-EU27 (from 2020),854232,Electronic integrated circuits as memories,1,IMPORT,VALUE_IN_EUROS,VALUE_IN_EUROS,2012,,1765275432,
dataflow,ESTAT:DS-045409(1.0),EU trade since 1988 by HS2-4-6 and CN8,A,Annual,EU27_2020,"European Union - 27 countries (AT, BE, BG, CY, CZ, DE, DK, EE, ES, FI, FR, GR, HR, HU, IE, IT, LT, LU, LV, MT, NL, PL, PT, RO, SE, SI, SK)",EXT_EU27_2020,Extra-EU27 (from 2020),854232,Electronic integrated circuits as memories,1,IMPORT,VALUE_IN_EUROS,VALUE_IN_EUROS,2013,,1796521159,
dataflow,ESTAT:DS-045409(1.0),EU trade since 1988 by HS2-4-6 and CN8,A,Annual,EU27_2020,"European Union - 27 countries (AT, BE, BG, CY, CZ, DE, DK, EE, ES, FI, FR, GR, HR, HU, IE, IT, LT, LU, LV, MT, NL, PL, PT, RO, SE, SI, SK)",EXT_EU27_2020,Extra-EU27 (from 2020),854232,Electronic integrated circuits as memories,1,IMPORT,VALUE_IN_EUROS,VALUE_IN_EUROS,2014,,1866658904,
dataflow,ESTAT:DS-045409(1.0),EU trade since 1988 by HS2-4-6 and CN8,A,Annual,EU27_2020,"European Union - 27 countries (AT, BE, BG, CY, CZ, DE, DK, EE, ES, FI, FR, GR, HR, HU, IE, IT, LT, LU, LV, MT, NL, PL, PT, RO, SE, SI, SK)",EXT_EU27_2020,Extra-EU27 (from 2020),854232,Electronic integrated circuits as memories,1,IMPORT,VALUE_IN_EUROS,VALUE_IN_EUROS,2015,,2195577824,
dataflow,ESTAT:DS-045409(1.0),EU trade since 1988 by HS2-4-6 and CN8,A,Annual,EU27_2020,"European Union - 27 countries (AT, BE, BG, CY, CZ, DE, DK, EE, ES, FI, FR, GR, HR, HU, IE, IT, LT, LU, LV, MT, NL, PL, PT, RO, SE, SI, SK)",EXT_EU27_2020,Extra-EU27 (from 2020),854232,Electronic integrated circuits as memories,1,IMPORT,VALUE_IN_EUROS,VALUE_IN_EUROS,2016,,2062120519,
dataflow,ESTAT:DS-045409(1.0),EU trade since 1988 by HS2-4-6 and CN8,A,Annual,EU27_2020,"European Union - 27 countries (AT, BE, BG, CY, CZ, DE, DK, EE, ES, FI, FR, GR, HR, HU, IE, IT, LT, LU, LV, MT, NL, PL, PT, RO, SE, SI, SK)",EXT_EU27_2020,Extra-EU27 (from 2020),854232,Electronic integrated circuits as memories,1,IMPORT,VALUE_IN_EUROS,VALUE_IN_EUROS,2017,,2943650046,
dataflow,ESTAT:DS-045409(1.0),EU trade since 1988 by HS2-4-6 and CN8,A,Annual,EU27_2020,"European Union - 27 countries (AT, BE, BG, CY, CZ, DE, DK, EE, ES, FI, FR, GR, HR, HU, IE, IT, LT, LU, LV, MT, NL, PL, PT, RO, SE, SI, SK)",EXT_EU27_2020,Extra-EU27 (from 2020),854232,Electronic integrated circuits as memories,1,IMPORT,VALUE_IN_EUROS,VALUE_IN_EUROS,2018,,3686921812,
dataflow,ESTAT:DS-045409(1.0),EU trade since 1988 by HS2-4-6 and CN8,A,Annual,EU27_2020,"European Union - 27 countries (AT, BE, BG, CY, CZ, DE, DK, EE, ES, FI, FR, GR, HR, HU, IE, IT, LT, LU, LV, MT, NL, PL, PT, RO, SE, SI, SK)",EXT_EU27_2020,Extra-EU27 (from 2020),854232,Electronic integrated circuits as memories,1,IMPORT,VALUE_IN_EUROS,VALUE_IN_EUROS,2019,,2885603016,
dataflow,ESTAT:DS-045409(1.0),EU trade since 1988 by HS2-4-6 and CN8,A,Annual,EU27_2020,"European Union - 27 countries (AT, BE, BG, CY, CZ, DE, DK, EE, ES, FI, FR, GR, HR, HU, IE, IT, LT, LU, LV, MT, NL, PL, PT, RO, SE, SI, SK)",EXT_EU27_2020,Extra-EU27 (from 2020),854232,Electronic integrated circuits as memories,1,IMPORT,VALUE_IN_EUROS,VALUE_IN_EUROS,2020,,2558601106,
dataflow,ESTAT:DS-045409(1.0),EU trade since 1988 by HS2-4-6 and CN8,A,Annual,EU27_2020,"European Union - 27 countries (AT, BE, BG, CY, CZ, DE, DK, EE, ES, FI, FR, GR, HR, HU, IE, IT, LT, LU, LV, MT, NL, PL, PT, RO, SE, SI, SK)",EXT_EU27_2020,Extra-EU27 (from 2020),854232,Electronic integrated circuits as memories,1,IMPORT,VALUE_IN_EUROS,VALUE_IN_EUROS,2021,,2539664044,
dataflow,ESTAT:DS-045409(1.0),EU trade since 1988 by HS2-4-6 and CN8,A,Annual,EU27_2020,"European Union - 27 countries (AT, BE, BG, CY, CZ, DE, DK, EE, ES, FI, FR, GR, HR, HU, IE, IT, LT, LU, LV, MT, NL, PL, PT, RO, SE, SI, SK)",EXT_EU27_2020,Extra-EU27 (from 2020),854232,Electronic integrated circuits as memories,1,IMPORT,VALUE_IN_EUROS,VALUE_IN_EUROS,2022,,3274257193,
dataflow,ESTAT:DS-045409(1.0),EU trade since 1988 by HS2-4-6 and CN8,A,Annual,EU27_2020,"European Union - 27 countries (AT, BE, BG, CY, CZ, DE, DK, EE, ES, FI, FR, GR, HR, HU, IE, IT, LT, LU, LV, MT, NL, PL, PT, RO, SE, SI, SK)",EXT_EU27_2020,Extra-EU27 (from 2020),854232,Electronic integrated circuits as memories,1,IMPORT,VALUE_IN_EUROS,VALUE_IN_EUROS,2023,,2757834892,
dataflow,ESTAT:DS-045409(1.0),EU trade since 1988 by HS2-4-6 and CN8,A,Annual,EU27_2020,"European Union - 27 countries (AT, BE, BG, CY, CZ, DE, DK, EE, ES, FI, FR, GR, HR, HU, IE, IT, LT, LU, LV, MT, NL, PL, PT, RO, SE, SI, SK)",EXT_EU27_2020,Extra-EU27 (from 2020),854232,Electronic integrated circuits as memories,1,IMPORT,VALUE_IN_EUROS,VALUE_IN_EUROS,2024,,2503528881,
dataflow,ESTAT:DS-045409(1.0),EU trade since 1988 by HS2-4-6 and CN8,A,Annual,EU27_2020,"European Union - 27 countries (AT, BE, BG, CY, CZ, DE, DK, EE, ES, FI, FR, GR, HR, HU, IE, IT, LT, LU, LV, MT, NL, PL, PT, RO, SE, SI, SK)",EXT_EU27_2020,Extra-EU27 (from 2020),854232,Electronic integrated circuits as memories,1,IMPORT,VALUE_IN_EUROS,VALUE_IN_EUROS,2025,,2858539271,
dataflow,ESTAT:DS-045409(1.0),EU trade since 1988 by HS2-4-6 and CN8,A,Annual,EU27_2020,"European Union - 27 countries (AT, BE, BG, CY, CZ, DE, DK, EE, ES, FI, FR, GR, HR, HU, IE, IT, LT, LU, LV, MT, NL, PL, PT, RO, SE, SI, SK)",EXT_EU27_2020,Extra-EU27 (from 2020),854232,Electronic integrated circuits as memories,2,EXPORT,QUANTITY_IN_100KG,QUANTITY_IN_100KG,2007,,27694.88,
dataflow,ESTAT:DS-045409(1.0),EU trade since 1988 by HS2-4-6 and CN8,A,Annual,EU27_2020,"European Union - 27 countries (AT, BE, BG, CY, CZ, DE, DK, EE, ES, FI, FR, GR, HR, HU, IE, IT, LT, LU, LV, MT, NL, PL, PT, RO, SE, SI, SK)",EXT_EU27_2020,Extra-EU27 (from 2020),854232,Electronic integrated circuits as memories,2,EXPORT,QUANTITY_IN_100KG,QUANTITY_IN_100KG,2008,,22276.54,
dataflow,ESTAT:DS-045409(1.0),EU trade since 1988 by HS2-4-6 and CN8,A,Annual,EU27_2020,"European Union - 27 countries (AT, BE, BG, CY, CZ, DE, DK, EE, ES, FI, FR, GR, HR, HU, IE, IT, LT, LU, LV, MT, NL, PL, PT, RO, SE, SI, SK)",EXT_EU27_2020,Extra-EU27 (from 2020),854232,Electronic integrated circuits as memories,2,EXPORT,QUANTITY_IN_100KG,QUANTITY_IN_100KG,2009,,11347.90,
dataflow,ESTAT:DS-045409(1.0),EU trade since 1988 by HS2-4-6 and CN8,A,Annual,EU27_2020,"European Union - 27 countries (AT, BE, BG, CY, CZ, DE, DK, EE, ES, FI, FR, GR, HR, HU, IE, IT, LT, LU, LV, MT, NL, PL, PT, RO, SE, SI, SK)",EXT_EU27_2020,Extra-EU27 (from 2020),854232,Electronic integrated circuits as memories,2,EXPORT,QUANTITY_IN_100KG,QUANTITY_IN_100KG,2010,,12763.17,
dataflow,ESTAT:DS-045409(1.0),EU trade since 1988 by HS2-4-6 and CN8,A,Annual,EU27_2020,"European Union - 27 countries (AT, BE, BG, CY, CZ, DE, DK, EE, ES, FI, FR, GR, HR, HU, IE, IT, LT, LU, LV, MT, NL, PL, PT, RO, SE, SI, SK)",EXT_EU27_2020,Extra-EU27 (from 2020),854232,Electronic integrated circuits as memories,2,EXPORT,QUANTITY_IN_100KG,QUANTITY_IN_100KG,2011,,10732.91,
dataflow,ESTAT:DS-045409(1.0),EU trade since 1988 by HS2-4-6 and CN8,A,Annual,EU27_2020,"European Union - 27 countries (AT, BE, BG, CY, CZ, DE, DK, EE, ES, FI, FR, GR, HR, HU, IE, IT, LT, LU, LV, MT, NL, PL, PT, RO, SE, SI, SK)",EXT_EU27_2020,Extra-EU27 (from 2020),854232,Electronic integrated circuits as memories,2,EXPORT,QUANTITY_IN_100KG,QUANTITY_IN_100KG,2012,,8100.65,
dataflow,ESTAT:DS-045409(1.0),EU trade since 1988 by HS2-4-6 and CN8,A,Annual,EU27_2020,"European Union - 27 countries (AT, BE, BG, CY, CZ, DE, DK, EE, ES, FI, FR, GR, HR, HU, IE, IT, LT, LU, LV, MT, NL, PL, PT, RO, SE, SI, SK)",EXT_EU27_2020,Extra-EU27 (from 2020),854232,Electronic integrated circuits as memories,2,EXPORT,QUANTITY_IN_100KG,QUANTITY_IN_100KG,2013,,7630.48,
dataflow,ESTAT:DS-045409(1.0),EU trade since 1988 by HS2-4-6 and CN8,A,Annual,EU27_2020,"European Union - 27 countries (AT, BE, BG, CY, CZ, DE, DK, EE, ES, FI, FR, GR, HR, HU, IE, IT, LT, LU, LV, MT, NL, PL, PT, RO, SE, SI, SK)",EXT_EU27_2020,Extra-EU27 (from 2020),854232,Electronic integrated circuits as memories,2,EXPORT,QUANTITY_IN_100KG,QUANTITY_IN_100KG,2014,,6575.19,
dataflow,ESTAT:DS-045409(1.0),EU trade since 1988 by HS2-4-6 and CN8,A,Annual,EU27_2020,"European Union - 27 countries (AT, BE, BG, CY, CZ, DE, DK, EE, ES, FI, FR, GR, HR, HU, IE, IT, LT, LU, LV, MT, NL, PL, PT, RO, SE, SI, SK)",EXT_EU27_2020,Extra-EU27 (from 2020),854232,Electronic integrated circuits as memories,2,EXPORT,QUANTITY_IN_100KG,QUANTITY_IN_100KG,2015,,8046.52,
dataflow,ESTAT:DS-045409(1.0),EU trade since 1988 by HS2-4-6 and CN8,A,Annual,EU27_2020,"European Union - 27 countries (AT, BE, BG, CY, CZ, DE, DK, EE, ES, FI, FR, GR, HR, HU, IE, IT, LT, LU, LV, MT, NL, PL, PT, RO, SE, SI, SK)",EXT_EU27_2020,Extra-EU27 (from 2020),854232,Electronic integrated circuits as memories,2,EXPORT,QUANTITY_IN_100KG,QUANTITY_IN_100KG,2016,,9087.07,
dataflow,ESTAT:DS-045409(1.0),EU trade since 1988 by HS2-4-6 and CN8,A,Annual,EU27_2020,"European Union - 27 countries (AT, BE, BG, CY, CZ, DE, DK, EE, ES, FI, FR, GR, HR, HU, IE, IT, LT, LU, LV, MT, NL, PL, PT, RO, SE, SI, SK)",EXT_EU27_2020,Extra-EU27 (from 2020),854232,Electronic integrated circuits as memories,2,EXPORT,QUANTITY_IN_100KG,QUANTITY_IN_100KG,2017,,10123.58,
dataflow,ESTAT:DS-045409(1.0),EU trade since 1988 by HS2-4-6 and CN8,A,Annual,EU27_2020,"European Union - 27 countries (AT, BE, BG, CY, CZ, DE, DK, EE, ES, FI, FR, GR, HR, HU, IE, IT, LT, LU, LV, MT, NL, PL, PT, RO, SE, SI, SK)",EXT_EU27_2020,Extra-EU27 (from 2020),854232,Electronic integrated circuits as memories,2,EXPORT,QUANTITY_IN_100KG,QUANTITY_IN_100KG,2018,,10072.19,
dataflow,ESTAT:DS-045409(1.0),EU trade since 1988 by HS2-4-6 and CN8,A,Annual,EU27_2020,"European Union - 27 countries (AT, BE, BG, CY, CZ, DE, DK, EE, ES, FI, FR, GR, HR, HU, IE, IT, LT, LU, LV, MT, NL, PL, PT, RO, SE, SI, SK)",EXT_EU27_2020,Extra-EU27 (from 2020),854232,Electronic integrated circuits as memories,2,EXPORT,QUANTITY_IN_100KG,QUANTITY_IN_100KG,2019,,11138.31,
dataflow,ESTAT:DS-045409(1.0),EU trade since 1988 by HS2-4-6 and CN8,A,Annual,EU27_2020,"European Union - 27 countries (AT, BE, BG, CY, CZ, DE, DK, EE, ES, FI, FR, GR, HR, HU, IE, IT, LT, LU, LV, MT, NL, PL, PT, RO, SE, SI, SK)",EXT_EU27_2020,Extra-EU27 (from 2020),854232,Electronic integrated circuits as memories,2,EXPORT,QUANTITY_IN_100KG,QUANTITY_IN_100KG,2020,,15757.81,
dataflow,ESTAT:DS-045409(1.0),EU trade since 1988 by HS2-4-6 and CN8,A,Annual,EU27_2020,"European Union - 27 countries (AT, BE, BG, CY, CZ, DE, DK, EE, ES, FI, FR, GR, HR, HU, IE, IT, LT, LU, LV, MT, NL, PL, PT, RO, SE, SI, SK)",EXT_EU27_2020,Extra-EU27 (from 2020),854232,Electronic integrated circuits as memories,2,EXPORT,QUANTITY_IN_100KG,QUANTITY_IN_100KG,2021,,19339.15,
dataflow,ESTAT:DS-045409(1.0),EU trade since 1988 by HS2-4-6 and CN8,A,Annual,EU27_2020,"European Union - 27 countries (AT, BE, BG, CY, CZ, DE, DK, EE, ES, FI, FR, GR, HR, HU, IE, IT, LT, LU, LV, MT, NL, PL, PT, RO, SE, SI, SK)",EXT_EU27_2020,Extra-EU27 (from 2020),854232,Electronic integrated circuits as memories,2,EXPORT,QUANTITY_IN_100KG,QUANTITY_IN_100KG,2022,,6703.29,
dataflow,ESTAT:DS-045409(1.0),EU trade since 1988 by HS2-4-6 and CN8,A,Annual,EU27_2020,"European Union - 27 countries (AT, BE, BG, CY, CZ, DE, DK, EE, ES, FI, FR, GR, HR, HU, IE, IT, LT, LU, LV, MT, NL, PL, PT, RO, SE, SI, SK)",EXT_EU27_2020,Extra-EU27 (from 2020),854232,Electronic integrated circuits as memories,2,EXPORT,QUANTITY_IN_100KG,QUANTITY_IN_100KG,2023,,7806.93,
dataflow,ESTAT:DS-045409(1.0),EU trade since 1988 by HS2-4-6 and CN8,A,Annual,EU27_2020,"European Union - 27 countries (AT, BE, BG, CY, CZ, DE, DK, EE, ES, FI, FR, GR, HR, HU, IE, IT, LT, LU, LV, MT, NL, PL, PT, RO, SE, SI, SK)",EXT_EU27_2020,Extra-EU27 (from 2020),854232,Electronic integrated circuits as memories,2,EXPORT,QUANTITY_IN_100KG,QUANTITY_IN_100KG,2024,,9338.24,
dataflow,ESTAT:DS-045409(1.0),EU trade since 1988 by HS2-4-6 and CN8,A,Annual,EU27_2020,"European Union - 27 countries (AT, BE, BG, CY, CZ, DE, DK, EE, ES, FI, FR, GR, HR, HU, IE, IT, LT, LU, LV, MT, NL, PL, PT, RO, SE, SI, SK)",EXT_EU27_2020,Extra-EU27 (from 2020),854232,Electronic integrated circuits as memories,2,EXPORT,QUANTITY_IN_100KG,QUANTITY_IN_100KG,2025,,8397.35,
dataflow,ESTAT:DS-045409(1.0),EU trade since 1988 by HS2-4-6 and CN8,A,Annual,EU27_2020,"European Union - 27 countries (AT, BE, BG, CY, CZ, DE, DK, EE, ES, FI, FR, GR, HR, HU, IE, IT, LT, LU, LV, MT, NL, PL, PT, RO, SE, SI, SK)",EXT_EU27_2020,Extra-EU27 (from 2020),854232,Electronic integrated circuits as memories,2,EXPORT,VALUE_IN_EUROS,VALUE_IN_EUROS,2007,,3169465486,
dataflow,ESTAT:DS-045409(1.0),EU trade since 1988 by HS2-4-6 and CN8,A,Annual,EU27_2020,"European Union - 27 countries (AT, BE, BG, CY, CZ, DE, DK, EE, ES, FI, FR, GR, HR, HU, IE, IT, LT, LU, LV, MT, NL, PL, PT, RO, SE, SI, SK)",EXT_EU27_2020,Extra-EU27 (from 2020),854232,Electronic integrated circuits as memories,2,EXPORT,VALUE_IN_EUROS,VALUE_IN_EUROS,2008,,2524726515,
dataflow,ESTAT:DS-045409(1.0),EU trade since 1988 by HS2-4-6 and CN8,A,Annual,EU27_2020,"European Union - 27 countries (AT, BE, BG, CY, CZ, DE, DK, EE, ES, FI, FR, GR, HR, HU, IE, IT, LT, LU, LV, MT, NL, PL, PT, RO, SE, SI, SK)",EXT_EU27_2020,Extra-EU27 (from 2020),854232,Electronic integrated circuits as memories,2,EXPORT,VALUE_IN_EUROS,VALUE_IN_EUROS,2009,,794174572,
dataflow,ESTAT:DS-045409(1.0),EU trade since 1988 by HS2-4-6 and CN8,A,Annual,EU27_2020,"European Union - 27 countries (AT, BE, BG, CY, CZ, DE, DK, EE, ES, FI, FR, GR, HR, HU, IE, IT, LT, LU, LV, MT, NL, PL, PT, RO, SE, SI, SK)",EXT_EU27_2020,Extra-EU27 (from 2020),854232,Electronic integrated circuits as memories,2,EXPORT,VALUE_IN_EUROS,VALUE_IN_EUROS,2010,,719003052,
dataflow,ESTAT:DS-045409(1.0),EU trade since 1988 by HS2-4-6 and CN8,A,Annual,EU27_2020,"European Union - 27 countries (AT, BE, BG, CY, CZ, DE, DK, EE, ES, FI, FR, GR, HR, HU, IE, IT, LT, LU, LV, MT, NL, PL, PT, RO, SE, SI, SK)",EXT_EU27_2020,Extra-EU27 (from 2020),854232,Electronic integrated circuits as memories,2,EXPORT,VALUE_IN_EUROS,VALUE_IN_EUROS,2011,,550924174,
dataflow,ESTAT:DS-045409(1.0),EU trade since 1988 by HS2-4-6 and CN8,A,Annual,EU27_2020,"European Union - 27 countries (AT, BE, BG, CY, CZ, DE, DK, EE, ES, FI, FR, GR, HR, HU, IE, IT, LT, LU, LV, MT, NL, PL, PT, RO, SE, SI, SK)",EXT_EU27_2020,Extra-EU27 (from 2020),854232,Electronic integrated circuits as memories,2,EXPORT,VALUE_IN_EUROS,VALUE_IN_EUROS,2012,,479547782,
dataflow,ESTAT:DS-045409(1.0),EU trade since 1988 by HS2-4-6 and CN8,A,Annual,EU27_2020,"European Union - 27 countries (AT, BE, BG, CY, CZ, DE, DK, EE, ES, FI, FR, GR, HR, HU, IE, IT, LT, LU, LV, MT, NL, PL, PT, RO, SE, SI, SK)",EXT_EU27_2020,Extra-EU27 (from 2020),854232,Electronic integrated circuits as memories,2,EXPORT,VALUE_IN_EUROS,VALUE_IN_EUROS,2013,,446218256,
dataflow,ESTAT:DS-045409(1.0),EU trade since 1988 by HS2-4-6 and CN8,A,Annual,EU27_2020,"European Union - 27 countries (AT, BE, BG, CY, CZ, DE, DK, EE, ES, FI, FR, GR, HR, HU, IE, IT, LT, LU, LV, MT, NL, PL, PT, RO, SE, SI, SK)",EXT_EU27_2020,Extra-EU27 (from 2020),854232,Electronic integrated circuits as memories,2,EXPORT,VALUE_IN_EUROS,VALUE_IN_EUROS,2014,,461377769,
dataflow,ESTAT:DS-045409(1.0),EU trade since 1988 by HS2-4-6 and CN8,A,Annual,EU27_2020,"European Union - 27 countries (AT, BE, BG, CY, CZ, DE, DK, EE, ES, FI, FR, GR, HR, HU, IE, IT, LT, LU, LV, MT, NL, PL, PT, RO, SE, SI, SK)",EXT_EU27_2020,Extra-EU27 (from 2020),854232,Electronic integrated circuits as memories,2,EXPORT,VALUE_IN_EUROS,VALUE_IN_EUROS,2015,,484439008,
dataflow,ESTAT:DS-045409(1.0),EU trade since 1988 by HS2-4-6 and CN8,A,Annual,EU27_2020,"European Union - 27 countries (AT, BE, BG, CY, CZ, DE, DK, EE, ES, FI, FR, GR, HR, HU, IE, IT, LT, LU, LV, MT, NL, PL, PT, RO, SE, SI, SK)",EXT_EU27_2020,Extra-EU27 (from 2020),854232,Electronic integrated circuits as memories,2,EXPORT,VALUE_IN_EUROS,VALUE_IN_EUROS,2016,,490850448,
dataflow,ESTAT:DS-045409(1.0),EU trade since 1988 by HS2-4-6 and CN8,A,Annual,EU27_2020,"European Union - 27 countries (AT, BE, BG, CY, CZ, DE, DK, EE, ES, FI, FR, GR, HR, HU, IE, IT, LT, LU, LV, MT, NL, PL, PT, RO, SE, SI, SK)",EXT_EU27_2020,Extra-EU27 (from 2020),854232,Electronic integrated circuits as memories,2,EXPORT,VALUE_IN_EUROS,VALUE_IN_EUROS,2017,,621553913,
dataflow,ESTAT:DS-045409(1.0),EU trade since 1988 by HS2-4-6 and CN8,A,Annual,EU27_2020,"European Union - 27 countries (AT, BE, BG, CY, CZ, DE, DK, EE, ES, FI, FR, GR, HR, HU, IE, IT, LT, LU, LV, MT, NL, PL, PT, RO, SE, SI, SK)",EXT_EU27_2020,Extra-EU27 (from 2020),854232,Electronic integrated circuits as memories,2,EXPORT,VALUE_IN_EUROS,VALUE_IN_EUROS,2018,,653869894,
dataflow,ESTAT:DS-045409(1.0),EU trade since 1988 by HS2-4-6 and CN8,A,Annual,EU27_2020,"European Union - 27 countries (AT, BE, BG, CY, CZ, DE, DK, EE, ES, FI, FR, GR, HR, HU, IE, IT, LT, LU, LV, MT, NL, PL, PT, RO, SE, SI, SK)",EXT_EU27_2020,Extra-EU27 (from 2020),854232,Electronic integrated circuits as memories,2,EXPORT,VALUE_IN_EUROS,VALUE_IN_EUROS,2019,,704744178,
dataflow,ESTAT:DS-045409(1.0),EU trade since 1988 by HS2-4-6 and CN8,A,Annual,EU27_2020,"European Union - 27 countries (AT, BE, BG, CY, CZ, DE, DK, EE, ES, FI, FR, GR, HR, HU, IE, IT, LT, LU, LV, MT, NL, PL, PT, RO, SE, SI, SK)",EXT_EU27_2020,Extra-EU27 (from 2020),854232,Electronic integrated circuits as memories,2,EXPORT,VALUE_IN_EUROS,VALUE_IN_EUROS,2020,,648095401,
dataflow,ESTAT:DS-045409(1.0),EU trade since 1988 by HS2-4-6 and CN8,A,Annual,EU27_2020,"European Union - 27 countries (AT, BE, BG, CY, CZ, DE, DK, EE, ES, FI, FR, GR, HR, HU, IE, IT, LT, LU, LV, MT, NL, PL, PT, RO, SE, SI, SK)",EXT_EU27_2020,Extra-EU27 (from 2020),854232,Electronic integrated circuits as memories,2,EXPORT,VALUE_IN_EUROS,VALUE_IN_EUROS,2021,,866555120,
dataflow,ESTAT:DS-045409(1.0),EU trade since 1988 by HS2-4-6 and CN8,A,Annual,EU27_2020,"European Union - 27 countries (AT, BE, BG, CY, CZ, DE, DK, EE, ES, FI, FR, GR, HR, HU, IE, IT, LT, LU, LV, MT, NL, PL, PT, RO, SE, SI, SK)",EXT_EU27_2020,Extra-EU27 (from 2020),854232,Electronic integrated circuits as memories,2,EXPORT,VALUE_IN_EUROS,VALUE_IN_EUROS,2022,,975149094,
dataflow,ESTAT:DS-045409(1.0),EU trade since 1988 by HS2-4-6 and CN8,A,Annual,EU27_2020,"European Union - 27 countries (AT, BE, BG, CY, CZ, DE, DK, EE, ES, FI, FR, GR, HR, HU, IE, IT, LT, LU, LV, MT, NL, PL, PT, RO, SE, SI, SK)",EXT_EU27_2020,Extra-EU27 (from 2020),854232,Electronic integrated circuits as memories,2,EXPORT,VALUE_IN_EUROS,VALUE_IN_EUROS,2023,,795350543,
dataflow,ESTAT:DS-045409(1.0),EU trade since 1988 by HS2-4-6 and CN8,A,Annual,EU27_2020,"European Union - 27 countries (AT, BE, BG, CY, CZ, DE, DK, EE, ES, FI, FR, GR, HR, HU, IE, IT, LT, LU, LV, MT, NL, PL, PT, RO, SE, SI, SK)",EXT_EU27_2020,Extra-EU27 (from 2020),854232,Electronic integrated circuits as memories,2,EXPORT,VALUE_IN_EUROS,VALUE_IN_EUROS,2024,,738538567,
dataflow,ESTAT:DS-045409(1.0),EU trade since 1988 by HS2-4-6 and CN8,A,Annual,EU27_2020,"European Union - 27 countries (AT, BE, BG, CY, CZ, DE, DK, EE, ES, FI, FR, GR, HR, HU, IE, IT, LT, LU, LV, MT, NL, PL, PT, RO, SE, SI, SK)",EXT_EU27_2020,Extra-EU27 (from 2020),854232,Electronic integrated circuits as memories,2,EXPORT,VALUE_IN_EUROS,VALUE_IN_EUROS,2025,,817133197,
dataflow,ESTAT:DS-045409(1.0),EU trade since 1988 by HS2-4-6 and CN8,A,Annual,EU27_2020,"European Union - 27 countries (AT, BE, BG, CY, CZ, DE, DK, EE, ES, FI, FR, GR, HR, HU, IE, IT, LT, LU, LV, MT, NL, PL, PT, RO, SE, SI, SK)",EXT_EU27_2020,Extra-EU27 (from 2020),854233,Electronic integrated circuits as amplifiers,1,IMPORT,QUANTITY_IN_100KG,QUANTITY_IN_100KG,2007,,13561.66,
dataflow,ESTAT:DS-045409(1.0),EU trade since 1988 by HS2-4-6 and CN8,A,Annual,EU27_2020,"European Union - 27 countries (AT, BE, BG, CY, CZ, DE, DK, EE, ES, FI, FR, GR, HR, HU, IE, IT, LT, LU, LV, MT, NL, PL, PT, RO, SE, SI, SK)",EXT_EU27_2020,Extra-EU27 (from 2020),854233,Electronic integrated circuits as amplifiers,1,IMPORT,QUANTITY_IN_100KG,QUANTITY_IN_100KG,2008,,12062.84,
dataflow,ESTAT:DS-045409(1.0),EU trade since 1988 by HS2-4-6 and CN8,A,Annual,EU27_2020,"European Union - 27 countries (AT, BE, BG, CY, CZ, DE, DK, EE, ES, FI, FR, GR, HR, HU, IE, IT, LT, LU, LV, MT, NL, PL, PT, RO, SE, SI, SK)",EXT_EU27_2020,Extra-EU27 (from 2020),854233,Electronic integrated circuits as amplifiers,1,IMPORT,QUANTITY_IN_100KG,QUANTITY_IN_100KG,2009,,6765.87,
dataflow,ESTAT:DS-045409(1.0),EU trade since 1988 by HS2-4-6 and CN8,A,Annual,EU27_2020,"European Union - 27 countries (AT, BE, BG, CY, CZ, DE, DK, EE, ES, FI, FR, GR, HR, HU, IE, IT, LT, LU, LV, MT, NL, PL, PT, RO, SE, SI, SK)",EXT_EU27_2020,Extra-EU27 (from 2020),854233,Electronic integrated circuits as amplifiers,1,IMPORT,QUANTITY_IN_100KG,QUANTITY_IN_100KG,2010,,11104.95,
dataflow,ESTAT:DS-045409(1.0),EU trade since 1988 by HS2-4-6 and CN8,A,Annual,EU27_2020,"European Union - 27 countries (AT, BE, BG, CY, CZ, DE, DK, EE, ES, FI, FR, GR, HR, HU, IE, IT, LT, LU, LV, MT, NL, PL, PT, RO, SE, SI, SK)",EXT_EU27_2020,Extra-EU27 (from 2020),854233,Electronic integrated circuits as amplifiers,1,IMPORT,QUANTITY_IN_100KG,QUANTITY_IN_100KG,2011,,10033.13,
dataflow,ESTAT:DS-045409(1.0),EU trade since 1988 by HS2-4-6 and CN8,A,Annual,EU27_2020,"European Union - 27 countries (AT, BE, BG, CY, CZ, DE, DK, EE, ES, FI, FR, GR, HR, HU, IE, IT, LT, LU, LV, MT, NL, PL, PT, RO, SE, SI, SK)",EXT_EU27_2020,Extra-EU27 (from 2020),854233,Electronic integrated circuits as amplifiers,1,IMPORT,QUANTITY_IN_100KG,QUANTITY_IN_100KG,2012,,8921.97,
dataflow,ESTAT:DS-045409(1.0),EU trade since 1988 by HS2-4-6 and CN8,A,Annual,EU27_2020,"European Union - 27 countries (AT, BE, BG, CY, CZ, DE, DK, EE, ES, FI, FR, GR, HR, HU, IE, IT, LT, LU, LV, MT, NL, PL, PT, RO, SE, SI, SK)",EXT_EU27_2020,Extra-EU27 (from 2020),854233,Electronic integrated circuits as amplifiers,1,IMPORT,QUANTITY_IN_100KG,QUANTITY_IN_100KG,2013,,9616.29,
dataflow,ESTAT:DS-045409(1.0),EU trade since 1988 by HS2-4-6 and CN8,A,Annual,EU27_2020,"European Union - 27 countries (AT, BE, BG, CY, CZ, DE, DK, EE, ES, FI, FR, GR, HR, HU, IE, IT, LT, LU, LV, MT, NL, PL, PT, RO, SE, SI, SK)",EXT_EU27_2020,Extra-EU27 (from 2020),854233,Electronic integrated circuits as amplifiers,1,IMPORT,QUANTITY_IN_100KG,QUANTITY_IN_100KG,2014,,10351.20,
dataflow,ESTAT:DS-045409(1.0),EU trade since 1988 by HS2-4-6 and CN8,A,Annual,EU27_2020,"European Union - 27 countries (AT, BE, BG, CY, CZ, DE, DK, EE, ES, FI, FR, GR, HR, HU, IE, IT, LT, LU, LV, MT, NL, PL, PT, RO, SE, SI, SK)",EXT_EU27_2020,Extra-EU27 (from 2020),854233,Electronic integrated circuits as amplifiers,1,IMPORT,QUANTITY_IN_100KG,QUANTITY_IN_100KG,2015,,8491.12,
dataflow,ESTAT:DS-045409(1.0),EU trade since 1988 by HS2-4-6 and CN8,A,Annual,EU27_2020,"European Union - 27 countries (AT, BE, BG, CY, CZ, DE, DK, EE, ES, FI, FR, GR, HR, HU, IE, IT, LT, LU, LV, MT, NL, PL, PT, RO, SE, SI, SK)",EXT_EU27_2020,Extra-EU27 (from 2020),854233,Electronic integrated circuits as amplifiers,1,IMPORT,QUANTITY_IN_100KG,QUANTITY_IN_100KG,2016,,8224.27,
dataflow,ESTAT:DS-045409(1.0),EU trade since 1988 by HS2-4-6 and CN8,A,Annual,EU27_2020,"European Union - 27 countries (AT, BE, BG, CY, CZ, DE, DK, EE, ES, FI, FR, GR, HR, HU, IE, IT, LT, LU, LV, MT, NL, PL, PT, RO, SE, SI, SK)",EXT_EU27_2020,Extra-EU27 (from 2020),854233,Electronic integrated circuits as amplifiers,1,IMPORT,QUANTITY_IN_100KG,QUANTITY_IN_100KG,2017,,9824.87,
dataflow,ESTAT:DS-045409(1.0),EU trade since 1988 by HS2-4-6 and CN8,A,Annual,EU27_2020,"European Union - 27 countries (AT, BE, BG, CY, CZ, DE, DK, EE, ES, FI, FR, GR, HR, HU, IE, IT, LT, LU, LV, MT, NL, PL, PT, RO, SE, SI, SK)",EXT_EU27_2020,Extra-EU27 (from 2020),854233,Electronic integrated circuits as amplifiers,1,IMPORT,QUANTITY_IN_100KG,QUANTITY_IN_100KG,2018,,12832.26,
dataflow,ESTAT:DS-045409(1.0),EU trade since 1988 by HS2-4-6 and CN8,A,Annual,EU27_2020,"European Union - 27 countries (AT, BE, BG, CY, CZ, DE, DK, EE, ES, FI, FR, GR, HR, HU, IE, IT, LT, LU, LV, MT, NL, PL, PT, RO, SE, SI, SK)",EXT_EU27_2020,Extra-EU27 (from 2020),854233,Electronic integrated circuits as amplifiers,1,IMPORT,QUANTITY_IN_100KG,QUANTITY_IN_100KG,2019,,8820.34,
dataflow,ESTAT:DS-045409(1.0),EU trade since 1988 by HS2-4-6 and CN8,A,Annual,EU27_2020,"European Union - 27 countries (AT, BE, BG, CY, CZ, DE, DK, EE, ES, FI, FR, GR, HR, HU, IE, IT, LT, LU, LV, MT, NL, PL, PT, RO, SE, SI, SK)",EXT_EU27_2020,Extra-EU27 (from 2020),854233,Electronic integrated circuits as amplifiers,1,IMPORT,QUANTITY_IN_100KG,QUANTITY_IN_100KG,2020,,9364.09,
dataflow,ESTAT:DS-045409(1.0),EU trade since 1988 by HS2-4-6 and CN8,A,Annual,EU27_2020,"European Union - 27 countries (AT, BE, BG, CY, CZ, DE, DK, EE, ES, FI, FR, GR, HR, HU, IE, IT, LT, LU, LV, MT, NL, PL, PT, RO, SE, SI, SK)",EXT_EU27_2020,Extra-EU27 (from 2020),854233,Electronic integrated circuits as amplifiers,1,IMPORT,QUANTITY_IN_100KG,QUANTITY_IN_100KG,2021,,8005.42,
dataflow,ESTAT:DS-045409(1.0),EU trade since 1988 by HS2-4-6 and CN8,A,Annual,EU27_2020,"European Union - 27 countries (AT, BE, BG, CY, CZ, DE, DK, EE, ES, FI, FR, GR, HR, HU, IE, IT, LT, LU, LV, MT, NL, PL, PT, RO, SE, SI, SK)",EXT_EU27_2020,Extra-EU27 (from 2020),854233,Electronic integrated circuits as amplifiers,1,IMPORT,QUANTITY_IN_100KG,QUANTITY_IN_100KG,2022,,9925.78,
dataflow,ESTAT:DS-045409(1.0),EU trade since 1988 by HS2-4-6 and CN8,A,Annual,EU27_2020,"European Union - 27 countries (AT, BE, BG, CY, CZ, DE, DK, EE, ES, FI, FR, GR, HR, HU, IE, IT, LT, LU, LV, MT, NL, PL, PT, RO, SE, SI, SK)",EXT_EU27_2020,Extra-EU27 (from 2020),854233,Electronic integrated circuits as amplifiers,1,IMPORT,QUANTITY_IN_100KG,QUANTITY_IN_100KG,2023,,8862.38,
dataflow,ESTAT:DS-045409(1.0),EU trade since 1988 by HS2-4-6 and CN8,A,Annual,EU27_2020,"European Union - 27 countries (AT, BE, BG, CY, CZ, DE, DK, EE, ES, FI, FR, GR, HR, HU, IE, IT, LT, LU, LV, MT, NL, PL, PT, RO, SE, SI, SK)",EXT_EU27_2020,Extra-EU27 (from 2020),854233,Electronic integrated circuits as amplifiers,1,IMPORT,QUANTITY_IN_100KG,QUANTITY_IN_100KG,2024,,6919.55,
dataflow,ESTAT:DS-045409(1.0),EU trade since 1988 by HS2-4-6 and CN8,A,Annual,EU27_2020,"European Union - 27 countries (AT, BE, BG, CY, CZ, DE, DK, EE, ES, FI, FR, GR, HR, HU, IE, IT, LT, LU, LV, MT, NL, PL, PT, RO, SE, SI, SK)",EXT_EU27_2020,Extra-EU27 (from 2020),854233,Electronic integrated circuits as amplifiers,1,IMPORT,QUANTITY_IN_100KG,QUANTITY_IN_100KG,2025,,6113.27,
dataflow,ESTAT:DS-045409(1.0),EU trade since 1988 by HS2-4-6 and CN8,A,Annual,EU27_2020,"European Union - 27 countries (AT, BE, BG, CY, CZ, DE, DK, EE, ES, FI, FR, GR, HR, HU, IE, IT, LT, LU, LV, MT, NL, PL, PT, RO, SE, SI, SK)",EXT_EU27_2020,Extra-EU27 (from 2020),854233,Electronic integrated circuits as amplifiers,1,IMPORT,VALUE_IN_EUROS,VALUE_IN_EUROS,2007,,393010169,
dataflow,ESTAT:DS-045409(1.0),EU trade since 1988 by HS2-4-6 and CN8,A,Annual,EU27_2020,"European Union - 27 countries (AT, BE, BG, CY, CZ, DE, DK, EE, ES, FI, FR, GR, HR, HU, IE, IT, LT, LU, LV, MT, NL, PL, PT, RO, SE, SI, SK)",EXT_EU27_2020,Extra-EU27 (from 2020),854233,Electronic integrated circuits as amplifiers,1,IMPORT,VALUE_IN_EUROS,VALUE_IN_EUROS,2008,,386968939,
dataflow,ESTAT:DS-045409(1.0),EU trade since 1988 by HS2-4-6 and CN8,A,Annual,EU27_2020,"European Union - 27 countries (AT, BE, BG, CY, CZ, DE, DK, EE, ES, FI, FR, GR, HR, HU, IE, IT, LT, LU, LV, MT, NL, PL, PT, RO, SE, SI, SK)",EXT_EU27_2020,Extra-EU27 (from 2020),854233,Electronic integrated circuits as amplifiers,1,IMPORT,VALUE_IN_EUROS,VALUE_IN_EUROS,2009,,329461889,
dataflow,ESTAT:DS-045409(1.0),EU trade since 1988 by HS2-4-6 and CN8,A,Annual,EU27_2020,"European Union - 27 countries (AT, BE, BG, CY, CZ, DE, DK, EE, ES, FI, FR, GR, HR, HU, IE, IT, LT, LU, LV, MT, NL, PL, PT, RO, SE, SI, SK)",EXT_EU27_2020,Extra-EU27 (from 2020),854233,Electronic integrated circuits as amplifiers,1,IMPORT,VALUE_IN_EUROS,VALUE_IN_EUROS,2010,,550541794,
dataflow,ESTAT:DS-045409(1.0),EU trade since 1988 by HS2-4-6 and CN8,A,Annual,EU27_2020,"European Union - 27 countries (AT, BE, BG, CY, CZ, DE, DK, EE, ES, FI, FR, GR, HR, HU, IE, IT, LT, LU, LV, MT, NL, PL, PT, RO, SE, SI, SK)",EXT_EU27_2020,Extra-EU27 (from 2020),854233,Electronic integrated circuits as amplifiers,1,IMPORT,VALUE_IN_EUROS,VALUE_IN_EUROS,2011,,454084573,
dataflow,ESTAT:DS-045409(1.0),EU trade since 1988 by HS2-4-6 and CN8,A,Annual,EU27_2020,"European Union - 27 countries (AT, BE, BG, CY, CZ, DE, DK, EE, ES, FI, FR, GR, HR, HU, IE, IT, LT, LU, LV, MT, NL, PL, PT, RO, SE, SI, SK)",EXT_EU27_2020,Extra-EU27 (from 2020),854233,Electronic integrated circuits as amplifiers,1,IMPORT,VALUE_IN_EUROS,VALUE_IN_EUROS,2012,,433154899,
dataflow,ESTAT:DS-045409(1.0),EU trade since 1988 by HS2-4-6 and CN8,A,Annual,EU27_2020,"European Union - 27 countries (AT, BE, BG, CY, CZ, DE, DK, EE, ES, FI, FR, GR, HR, HU, IE, IT, LT, LU, LV, MT, NL, PL, PT, RO, SE, SI, SK)",EXT_EU27_2020,Extra-EU27 (from 2020),854233,Electronic integrated circuits as amplifiers,1,IMPORT,VALUE_IN_EUROS,VALUE_IN_EUROS,2013,,477444570,
dataflow,ESTAT:DS-045409(1.0),EU trade since 1988 by HS2-4-6 and CN8,A,Annual,EU27_2020,"European Union - 27 countries (AT, BE, BG, CY, CZ, DE, DK, EE, ES, FI, FR, GR, HR, HU, IE, IT, LT, LU, LV, MT, NL, PL, PT, RO, SE, SI, SK)",EXT_EU27_2020,Extra-EU27 (from 2020),854233,Electronic integrated circuits as amplifiers,1,IMPORT,VALUE_IN_EUROS,VALUE_IN_EUROS,2014,,478879784,
dataflow,ESTAT:DS-045409(1.0),EU trade since 1988 by HS2-4-6 and CN8,A,Annual,EU27_2020,"European Union - 27 countries (AT, BE, BG, CY, CZ, DE, DK, EE, ES, FI, FR, GR, HR, HU, IE, IT, LT, LU, LV, MT, NL, PL, PT, RO, SE, SI, SK)",EXT_EU27_2020,Extra-EU27 (from 2020),854233,Electronic integrated circuits as amplifiers,1,IMPORT,VALUE_IN_EUROS,VALUE_IN_EUROS,2015,,805783661,
dataflow,ESTAT:DS-045409(1.0),EU trade since 1988 by HS2-4-6 and CN8,A,Annual,EU27_2020,"European Union - 27 countries (AT, BE, BG, CY, CZ, DE, DK, EE, ES, FI, FR, GR, HR, HU, IE, IT, LT, LU, LV, MT, NL, PL, PT, RO, SE, SI, SK)",EXT_EU27_2020,Extra-EU27 (from 2020),854233,Electronic integrated circuits as amplifiers,1,IMPORT,VALUE_IN_EUROS,VALUE_IN_EUROS,2016,,670381325,
dataflow,ESTAT:DS-045409(1.0),EU trade since 1988 by HS2-4-6 and CN8,A,Annual,EU27_2020,"European Union - 27 countries (AT, BE, BG, CY, CZ, DE, DK, EE, ES, FI, FR, GR, HR, HU, IE, IT, LT, LU, LV, MT, NL, PL, PT, RO, SE, SI, SK)",EXT_EU27_2020,Extra-EU27 (from 2020),854233,Electronic integrated circuits as amplifiers,1,IMPORT,VALUE_IN_EUROS,VALUE_IN_EUROS,2017,,674505209,
dataflow,ESTAT:DS-045409(1.0),EU trade since 1988 by HS2-4-6 and CN8,A,Annual,EU27_2020,"European Union - 27 countries (AT, BE, BG, CY, CZ, DE, DK, EE, ES, FI, FR, GR, HR, HU, IE, IT, LT, LU, LV, MT, NL, PL, PT, RO, SE, SI, SK)",EXT_EU27_2020,Extra-EU27 (from 2020),854233,Electronic integrated circuits as amplifiers,1,IMPORT,VALUE_IN_EUROS,VALUE_IN_EUROS,2018,,773427307,
dataflow,ESTAT:DS-045409(1.0),EU trade since 1988 by HS2-4-6 and CN8,A,Annual,EU27_2020,"European Union - 27 countries (AT, BE, BG, CY, CZ, DE, DK, EE, ES, FI, FR, GR, HR, HU, IE, IT, LT, LU, LV, MT, NL, PL, PT, RO, SE, SI, SK)",EXT_EU27_2020,Extra-EU27 (from 2020),854233,Electronic integrated circuits as amplifiers,1,IMPORT,VALUE_IN_EUROS,VALUE_IN_EUROS,2019,,736270390,
dataflow,ESTAT:DS-045409(1.0),EU trade since 1988 by HS2-4-6 and CN8,A,Annual,EU27_2020,"European Union - 27 countries (AT, BE, BG, CY, CZ, DE, DK, EE, ES, FI, FR, GR, HR, HU, IE, IT, LT, LU, LV, MT, NL, PL, PT, RO, SE, SI, SK)",EXT_EU27_2020,Extra-EU27 (from 2020),854233,Electronic integrated circuits as amplifiers,1,IMPORT,VALUE_IN_EUROS,VALUE_IN_EUROS,2020,,673251630,
dataflow,ESTAT:DS-045409(1.0),EU trade since 1988 by HS2-4-6 and CN8,A,Annual,EU27_2020,"European Union - 27 countries (AT, BE, BG, CY, CZ, DE, DK, EE, ES, FI, FR, GR, HR, HU, IE, IT, LT, LU, LV, MT, NL, PL, PT, RO, SE, SI, SK)",EXT_EU27_2020,Extra-EU27 (from 2020),854233,Electronic integrated circuits as amplifiers,1,IMPORT,VALUE_IN_EUROS,VALUE_IN_EUROS,2021,,922152072,
dataflow,ESTAT:DS-045409(1.0),EU trade since 1988 by HS2-4-6 and CN8,A,Annual,EU27_2020,"European Union - 27 countries (AT, BE, BG, CY, CZ, DE, DK, EE, ES, FI, FR, GR, HR, HU, IE, IT, LT, LU, LV, MT, NL, PL, PT, RO, SE, SI, SK)",EXT_EU27_2020,Extra-EU27 (from 2020),854233,Electronic integrated circuits as amplifiers,1,IMPORT,VALUE_IN_EUROS,VALUE_IN_EUROS,2022,,1456342067,
dataflow,ESTAT:DS-045409(1.0),EU trade since 1988 by HS2-4-6 and CN8,A,Annual,EU27_2020,"European Union - 27 countries (AT, BE, BG, CY, CZ, DE, DK, EE, ES, FI, FR, GR, HR, HU, IE, IT, LT, LU, LV, MT, NL, PL, PT, RO, SE, SI, SK)",EXT_EU27_2020,Extra-EU27 (from 2020),854233,Electronic integrated circuits as amplifiers,1,IMPORT,VALUE_IN_EUROS,VALUE_IN_EUROS,2023,,1229119750,
dataflow,ESTAT:DS-045409(1.0),EU trade since 1988 by HS2-4-6 and CN8,A,Annual,EU27_2020,"European Union - 27 countries (AT, BE, BG, CY, CZ, DE, DK, EE, ES, FI, FR, GR, HR, HU, IE, IT, LT, LU, LV, MT, NL, PL, PT, RO, SE, SI, SK)",EXT_EU27_2020,Extra-EU27 (from 2020),854233,Electronic integrated circuits as amplifiers,1,IMPORT,VALUE_IN_EUROS,VALUE_IN_EUROS,2024,,911987228,
dataflow,ESTAT:DS-045409(1.0),EU trade since 1988 by HS2-4-6 and CN8,A,Annual,EU27_2020,"European Union - 27 countries (AT, BE, BG, CY, CZ, DE, DK, EE, ES, FI, FR, GR, HR, HU, IE, IT, LT, LU, LV, MT, NL, PL, PT, RO, SE, SI, SK)",EXT_EU27_2020,Extra-EU27 (from 2020),854233,Electronic integrated circuits as amplifiers,1,IMPORT,VALUE_IN_EUROS,VALUE_IN_EUROS,2025,,926086408,
dataflow,ESTAT:DS-045409(1.0),EU trade since 1988 by HS2-4-6 and CN8,A,Annual,EU27_2020,"European Union - 27 countries (AT, BE, BG, CY, CZ, DE, DK, EE, ES, FI, FR, GR, HR, HU, IE, IT, LT, LU, LV, MT, NL, PL, PT, RO, SE, SI, SK)",EXT_EU27_2020,Extra-EU27 (from 2020),854233,Electronic integrated circuits as amplifiers,2,EXPORT,QUANTITY_IN_100KG,QUANTITY_IN_100KG,2007,,4451.06,
dataflow,ESTAT:DS-045409(1.0),EU trade since 1988 by HS2-4-6 and CN8,A,Annual,EU27_2020,"European Union - 27 countries (AT, BE, BG, CY, CZ, DE, DK, EE, ES, FI, FR, GR, HR, HU, IE, IT, LT, LU, LV, MT, NL, PL, PT, RO, SE, SI, SK)",EXT_EU27_2020,Extra-EU27 (from 2020),854233,Electronic integrated circuits as amplifiers,2,EXPORT,QUANTITY_IN_100KG,QUANTITY_IN_100KG,2008,,4537.02,
dataflow,ESTAT:DS-045409(1.0),EU trade since 1988 by HS2-4-6 and CN8,A,Annual,EU27_2020,"European Union - 27 countries (AT, BE, BG, CY, CZ, DE, DK, EE, ES, FI, FR, GR, HR, HU, IE, IT, LT, LU, LV, MT, NL, PL, PT, RO, SE, SI, SK)",EXT_EU27_2020,Extra-EU27 (from 2020),854233,Electronic integrated circuits as amplifiers,2,EXPORT,QUANTITY_IN_100KG,QUANTITY_IN_100KG,2009,,1963.87,
dataflow,ESTAT:DS-045409(1.0),EU trade since 1988 by HS2-4-6 and CN8,A,Annual,EU27_2020,"European Union - 27 countries (AT, BE, BG, CY, CZ, DE, DK, EE, ES, FI, FR, GR, HR, HU, IE, IT, LT, LU, LV, MT, NL, PL, PT, RO, SE, SI, SK)",EXT_EU27_2020,Extra-EU27 (from 2020),854233,Electronic integrated circuits as amplifiers,2,EXPORT,QUANTITY_IN_100KG,QUANTITY_IN_100KG,2010,,3836.49,
dataflow,ESTAT:DS-045409(1.0),EU trade since 1988 by HS2-4-6 and CN8,A,Annual,EU27_2020,"European Union - 27 countries (AT, BE, BG, CY, CZ, DE, DK, EE, ES, FI, FR, GR, HR, HU, IE, IT, LT, LU, LV, MT, NL, PL, PT, RO, SE, SI, SK)",EXT_EU27_2020,Extra-EU27 (from 2020),854233,Electronic integrated circuits as amplifiers,2,EXPORT,QUANTITY_IN_100KG,QUANTITY_IN_100KG,2011,,4470.21,
dataflow,ESTAT:DS-045409(1.0),EU trade since 1988 by HS2-4-6 and CN8,A,Annual,EU27_2020,"European Union - 27 countries (AT, BE, BG, CY, CZ, DE, DK, EE, ES, FI, FR, GR, HR, HU, IE, IT, LT, LU, LV, MT, NL, PL, PT, RO, SE, SI, SK)",EXT_EU27_2020,Extra-EU27 (from 2020),854233,Electronic integrated circuits as amplifiers,2,EXPORT,QUANTITY_IN_100KG,QUANTITY_IN_100KG,2012,,6377.97,
dataflow,ESTAT:DS-045409(1.0),EU trade since 1988 by HS2-4-6 and CN8,A,Annual,EU27_2020,"European Union - 27 countries (AT, BE, BG, CY, CZ, DE, DK, EE, ES, FI, FR, GR, HR, HU, IE, IT, LT, LU, LV, MT, NL, PL, PT, RO, SE, SI, SK)",EXT_EU27_2020,Extra-EU27 (from 2020),854233,Electronic integrated circuits as amplifiers,2,EXPORT,QUANTITY_IN_100KG,QUANTITY_IN_100KG,2013,,4342.14,
dataflow,ESTAT:DS-045409(1.0),EU trade since 1988 by HS2-4-6 and CN8,A,Annual,EU27_2020,"European Union - 27 countries (AT, BE, BG, CY, CZ, DE, DK, EE, ES, FI, FR, GR, HR, HU, IE, IT, LT, LU, LV, MT, NL, PL, PT, RO, SE, SI, SK)",EXT_EU27_2020,Extra-EU27 (from 2020),854233,Electronic integrated circuits as amplifiers,2,EXPORT,QUANTITY_IN_100KG,QUANTITY_IN_100KG,2014,,4269.07,
dataflow,ESTAT:DS-045409(1.0),EU trade since 1988 by HS2-4-6 and CN8,A,Annual,EU27_2020,"European Union - 27 countries (AT, BE, BG, CY, CZ, DE, DK, EE, ES, FI, FR, GR, HR, HU, IE, IT, LT, LU, LV, MT, NL, PL, PT, RO, SE, SI, SK)",EXT_EU27_2020,Extra-EU27 (from 2020),854233,Electronic integrated circuits as amplifiers,2,EXPORT,QUANTITY_IN_100KG,QUANTITY_IN_100KG,2015,,5071.10,
dataflow,ESTAT:DS-045409(1.0),EU trade since 1988 by HS2-4-6 and CN8,A,Annual,EU27_2020,"European Union - 27 countries (AT, BE, BG, CY, CZ, DE, DK, EE, ES, FI, FR, GR, HR, HU, IE, IT, LT, LU, LV, MT, NL, PL, PT, RO, SE, SI, SK)",EXT_EU27_2020,Extra-EU27 (from 2020),854233,Electronic integrated circuits as amplifiers,2,EXPORT,QUANTITY_IN_100KG,QUANTITY_IN_100KG,2016,,4032.42,
dataflow,ESTAT:DS-045409(1.0),EU trade since 1988 by HS2-4-6 and CN8,A,Annual,EU27_2020,"European Union - 27 countries (AT, BE, BG, CY, CZ, DE, DK, EE, ES, FI, FR, GR, HR, HU, IE, IT, LT, LU, LV, MT, NL, PL, PT, RO, SE, SI, SK)",EXT_EU27_2020,Extra-EU27 (from 2020),854233,Electronic integrated circuits as amplifiers,2,EXPORT,QUANTITY_IN_100KG,QUANTITY_IN_100KG,2017,,3873.10,
dataflow,ESTAT:DS-045409(1.0),EU trade since 1988 by HS2-4-6 and CN8,A,Annual,EU27_2020,"European Union - 27 countries (AT, BE, BG, CY, CZ, DE, DK, EE, ES, FI, FR, GR, HR, HU, IE, IT, LT, LU, LV, MT, NL, PL, PT, RO, SE, SI, SK)",EXT_EU27_2020,Extra-EU27 (from 2020),854233,Electronic integrated circuits as amplifiers,2,EXPORT,QUANTITY_IN_100KG,QUANTITY_IN_100KG,2018,,5062.08,
dataflow,ESTAT:DS-045409(1.0),EU trade since 1988 by HS2-4-6 and CN8,A,Annual,EU27_2020,"European Union - 27 countries (AT, BE, BG, CY, CZ, DE, DK, EE, ES, FI, FR, GR, HR, HU, IE, IT, LT, LU, LV, MT, NL, PL, PT, RO, SE, SI, SK)",EXT_EU27_2020,Extra-EU27 (from 2020),854233,Electronic integrated circuits as amplifiers,2,EXPORT,QUANTITY_IN_100KG,QUANTITY_IN_100KG,2019,,4178.31,
dataflow,ESTAT:DS-045409(1.0),EU trade since 1988 by HS2-4-6 and CN8,A,Annual,EU27_2020,"European Union - 27 countries (AT, BE, BG, CY, CZ, DE, DK, EE, ES, FI, FR, GR, HR, HU, IE, IT, LT, LU, LV, MT, NL, PL, PT, RO, SE, SI, SK)",EXT_EU27_2020,Extra-EU27 (from 2020),854233,Electronic integrated circuits as amplifiers,2,EXPORT,QUANTITY_IN_100KG,QUANTITY_IN_100KG,2020,,4232.48,
dataflow,ESTAT:DS-045409(1.0),EU trade since 1988 by HS2-4-6 and CN8,A,Annual,EU27_2020,"European Union - 27 countries (AT, BE, BG, CY, CZ, DE, DK, EE, ES, FI, FR, GR, HR, HU, IE, IT, LT, LU, LV, MT, NL, PL, PT, RO, SE, SI, SK)",EXT_EU27_2020,Extra-EU27 (from 2020),854233,Electronic integrated circuits as amplifiers,2,EXPORT,QUANTITY_IN_100KG,QUANTITY_IN_100KG,2021,,3188.81,
dataflow,ESTAT:DS-045409(1.0),EU trade since 1988 by HS2-4-6 and CN8,A,Annual,EU27_2020,"European Union - 27 countries (AT, BE, BG, CY, CZ, DE, DK, EE, ES, FI, FR, GR, HR, HU, IE, IT, LT, LU, LV, MT, NL, PL, PT, RO, SE, SI, SK)",EXT_EU27_2020,Extra-EU27 (from 2020),854233,Electronic integrated circuits as amplifiers,2,EXPORT,QUANTITY_IN_100KG,QUANTITY_IN_100KG,2022,,3881.19,
dataflow,ESTAT:DS-045409(1.0),EU trade since 1988 by HS2-4-6 and CN8,A,Annual,EU27_2020,"European Union - 27 countries (AT, BE, BG, CY, CZ, DE, DK, EE, ES, FI, FR, GR, HR, HU, IE, IT, LT, LU, LV, MT, NL, PL, PT, RO, SE, SI, SK)",EXT_EU27_2020,Extra-EU27 (from 2020),854233,Electronic integrated circuits as amplifiers,2,EXPORT,QUANTITY_IN_100KG,QUANTITY_IN_100KG,2023,,3058.80,
dataflow,ESTAT:DS-045409(1.0),EU trade since 1988 by HS2-4-6 and CN8,A,Annual,EU27_2020,"European Union - 27 countries (AT, BE, BG, CY, CZ, DE, DK, EE, ES, FI, FR, GR, HR, HU, IE, IT, LT, LU, LV, MT, NL, PL, PT, RO, SE, SI, SK)",EXT_EU27_2020,Extra-EU27 (from 2020),854233,Electronic integrated circuits as amplifiers,2,EXPORT,QUANTITY_IN_100KG,QUANTITY_IN_100KG,2024,,2523.10,
dataflow,ESTAT:DS-045409(1.0),EU trade since 1988 by HS2-4-6 and CN8,A,Annual,EU27_2020,"European Union - 27 countries (AT, BE, BG, CY, CZ, DE, DK, EE, ES, FI, FR, GR, HR, HU, IE, IT, LT, LU, LV, MT, NL, PL, PT, RO, SE, SI, SK)",EXT_EU27_2020,Extra-EU27 (from 2020),854233,Electronic integrated circuits as amplifiers,2,EXPORT,QUANTITY_IN_100KG,QUANTITY_IN_100KG,2025,,2688.78,
dataflow,ESTAT:DS-045409(1.0),EU trade since 1988 by HS2-4-6 and CN8,A,Annual,EU27_2020,"European Union - 27 countries (AT, BE, BG, CY, CZ, DE, DK, EE, ES, FI, FR, GR, HR, HU, IE, IT, LT, LU, LV, MT, NL, PL, PT, RO, SE, SI, SK)",EXT_EU27_2020,Extra-EU27 (from 2020),854233,Electronic integrated circuits as amplifiers,2,EXPORT,VALUE_IN_EUROS,VALUE_IN_EUROS,2007,,178748840,
dataflow,ESTAT:DS-045409(1.0),EU trade since 1988 by HS2-4-6 and CN8,A,Annual,EU27_2020,"European Union - 27 countries (AT, BE, BG, CY, CZ, DE, DK, EE, ES, FI, FR, GR, HR, HU, IE, IT, LT, LU, LV, MT, NL, PL, PT, RO, SE, SI, SK)",EXT_EU27_2020,Extra-EU27 (from 2020),854233,Electronic integrated circuits as amplifiers,2,EXPORT,VALUE_IN_EUROS,VALUE_IN_EUROS,2008,,149987146,
dataflow,ESTAT:DS-045409(1.0),EU trade since 1988 by HS2-4-6 and CN8,A,Annual,EU27_2020,"European Union - 27 countries (AT, BE, BG, CY, CZ, DE, DK, EE, ES, FI, FR, GR, HR, HU, IE, IT, LT, LU, LV, MT, NL, PL, PT, RO, SE, SI, SK)",EXT_EU27_2020,Extra-EU27 (from 2020),854233,Electronic integrated circuits as amplifiers,2,EXPORT,VALUE_IN_EUROS,VALUE_IN_EUROS,2009,,119815052,
dataflow,ESTAT:DS-045409(1.0),EU trade since 1988 by HS2-4-6 and CN8,A,Annual,EU27_2020,"European Union - 27 countries (AT, BE, BG, CY, CZ, DE, DK, EE, ES, FI, FR, GR, HR, HU, IE, IT, LT, LU, LV, MT, NL, PL, PT, RO, SE, SI, SK)",EXT_EU27_2020,Extra-EU27 (from 2020),854233,Electronic integrated circuits as amplifiers,2,EXPORT,VALUE_IN_EUROS,VALUE_IN_EUROS,2010,,176425150,
dataflow,ESTAT:DS-045409(1.0),EU trade since 1988 by HS2-4-6 and CN8,A,Annual,EU27_2020,"European Union - 27 countries (AT, BE, BG, CY, CZ, DE, DK, EE, ES, FI, FR, GR, HR, HU, IE, IT, LT, LU, LV, MT, NL, PL, PT, RO, SE, SI, SK)",EXT_EU27_2020,Extra-EU27 (from 2020),854233,Electronic integrated circuits as amplifiers,2,EXPORT,VALUE_IN_EUROS,VALUE_IN_EUROS,2011,,198052440,
dataflow,ESTAT:DS-045409(1.0),EU trade since 1988 by HS2-4-6 and CN8,A,Annual,EU27_2020,"European Union - 27 countries (AT, BE, BG, CY, CZ, DE, DK, EE, ES, FI, FR, GR, HR, HU, IE, IT, LT, LU, LV, MT, NL, PL, PT, RO, SE, SI, SK)",EXT_EU27_2020,Extra-EU27 (from 2020),854233,Electronic integrated circuits as amplifiers,2,EXPORT,VALUE_IN_EUROS,VALUE_IN_EUROS,2012,,208486300,
dataflow,ESTAT:DS-045409(1.0),EU trade since 1988 by HS2-4-6 and CN8,A,Annual,EU27_2020,"European Union - 27 countries (AT, BE, BG, CY, CZ, DE, DK, EE, ES, FI, FR, GR, HR, HU, IE, IT, LT, LU, LV, MT, NL, PL, PT, RO, SE, SI, SK)",EXT_EU27_2020,Extra-EU27 (from 2020),854233,Electronic integrated circuits as amplifiers,2,EXPORT,VALUE_IN_EUROS,VALUE_IN_EUROS,2013,,225994605,
dataflow,ESTAT:DS-045409(1.0),EU trade since 1988 by HS2-4-6 and CN8,A,Annual,EU27_2020,"European Union - 27 countries (AT, BE, BG, CY, CZ, DE, DK, EE, ES, FI, FR, GR, HR, HU, IE, IT, LT, LU, LV, MT, NL, PL, PT, RO, SE, SI, SK)",EXT_EU27_2020,Extra-EU27 (from 2020),854233,Electronic integrated circuits as amplifiers,2,EXPORT,VALUE_IN_EUROS,VALUE_IN_EUROS,2014,,239531450,
dataflow,ESTAT:DS-045409(1.0),EU trade since 1988 by HS2-4-6 and CN8,A,Annual,EU27_2020,"European Union - 27 countries (AT, BE, BG, CY, CZ, DE, DK, EE, ES, FI, FR, GR, HR, HU, IE, IT, LT, LU, LV, MT, NL, PL, PT, RO, SE, SI, SK)",EXT_EU27_2020,Extra-EU27 (from 2020),854233,Electronic integrated circuits as amplifiers,2,EXPORT,VALUE_IN_EUROS,VALUE_IN_EUROS,2015,,287977934,
dataflow,ESTAT:DS-045409(1.0),EU trade since 1988 by HS2-4-6 and CN8,A,Annual,EU27_2020,"European Union - 27 countries (AT, BE, BG, CY, CZ, DE, DK, EE, ES, FI, FR, GR, HR, HU, IE, IT, LT, LU, LV, MT, NL, PL, PT, RO, SE, SI, SK)",EXT_EU27_2020,Extra-EU27 (from 2020),854233,Electronic integrated circuits as amplifiers,2,EXPORT,VALUE_IN_EUROS,VALUE_IN_EUROS,2016,,282180289,
dataflow,ESTAT:DS-045409(1.0),EU trade since 1988 by HS2-4-6 and CN8,A,Annual,EU27_2020,"European Union - 27 countries (AT, BE, BG, CY, CZ, DE, DK, EE, ES, FI, FR, GR, HR, HU, IE, IT, LT, LU, LV, MT, NL, PL, PT, RO, SE, SI, SK)",EXT_EU27_2020,Extra-EU27 (from 2020),854233,Electronic integrated circuits as amplifiers,2,EXPORT,VALUE_IN_EUROS,VALUE_IN_EUROS,2017,,302444789,
dataflow,ESTAT:DS-045409(1.0),EU trade since 1988 by HS2-4-6 and CN8,A,Annual,EU27_2020,"European Union - 27 countries (AT, BE, BG, CY, CZ, DE, DK, EE, ES, FI, FR, GR, HR, HU, IE, IT, LT, LU, LV, MT, NL, PL, PT, RO, SE, SI, SK)",EXT_EU27_2020,Extra-EU27 (from 2020),854233,Electronic integrated circuits as amplifiers,2,EXPORT,VALUE_IN_EUROS,VALUE_IN_EUROS,2018,,357597900,
dataflow,ESTAT:DS-045409(1.0),EU trade since 1988 by HS2-4-6 and CN8,A,Annual,EU27_2020,"European Union - 27 countries (AT, BE, BG, CY, CZ, DE, DK, EE, ES, FI, FR, GR, HR, HU, IE, IT, LT, LU, LV, MT, NL, PL, PT, RO, SE, SI, SK)",EXT_EU27_2020,Extra-EU27 (from 2020),854233,Electronic integrated circuits as amplifiers,2,EXPORT,VALUE_IN_EUROS,VALUE_IN_EUROS,2019,,442711523,
dataflow,ESTAT:DS-045409(1.0),EU trade since 1988 by HS2-4-6 and CN8,A,Annual,EU27_2020,"European Union - 27 countries (AT, BE, BG, CY, CZ, DE, DK, EE, ES, FI, FR, GR, HR, HU, IE, IT, LT, LU, LV, MT, NL, PL, PT, RO, SE, SI, SK)",EXT_EU27_2020,Extra-EU27 (from 2020),854233,Electronic integrated circuits as amplifiers,2,EXPORT,VALUE_IN_EUROS,VALUE_IN_EUROS,2020,,437330422,
dataflow,ESTAT:DS-045409(1.0),EU trade since 1988 by HS2-4-6 and CN8,A,Annual,EU27_2020,"European Union - 27 countries (AT, BE, BG, CY, CZ, DE, DK, EE, ES, FI, FR, GR, HR, HU, IE, IT, LT, LU, LV, MT, NL, PL, PT, RO, SE, SI, SK)",EXT_EU27_2020,Extra-EU27 (from 2020),854233,Electronic integrated circuits as amplifiers,2,EXPORT,VALUE_IN_EUROS,VALUE_IN_EUROS,2021,,477189476,
dataflow,ESTAT:DS-045409(1.0),EU trade since 1988 by HS2-4-6 and CN8,A,Annual,EU27_2020,"European Union - 27 countries (AT, BE, BG, CY, CZ, DE, DK, EE, ES, FI, FR, GR, HR, HU, IE, IT, LT, LU, LV, MT, NL, PL, PT, RO, SE, SI, SK)",EXT_EU27_2020,Extra-EU27 (from 2020),854233,Electronic integrated circuits as amplifiers,2,EXPORT,VALUE_IN_EUROS,VALUE_IN_EUROS,2022,,762470184,
dataflow,ESTAT:DS-045409(1.0),EU trade since 1988 by HS2-4-6 and CN8,A,Annual,EU27_2020,"European Union - 27 countries (AT, BE, BG, CY, CZ, DE, DK, EE, ES, FI, FR, GR, HR, HU, IE, IT, LT, LU, LV, MT, NL, PL, PT, RO, SE, SI, SK)",EXT_EU27_2020,Extra-EU27 (from 2020),854233,Electronic integrated circuits as amplifiers,2,EXPORT,VALUE_IN_EUROS,VALUE_IN_EUROS,2023,,698151715,
dataflow,ESTAT:DS-045409(1.0),EU trade since 1988 by HS2-4-6 and CN8,A,Annual,EU27_2020,"European Union - 27 countries (AT, BE, BG, CY, CZ, DE, DK, EE, ES, FI, FR, GR, HR, HU, IE, IT, LT, LU, LV, MT, NL, PL, PT, RO, SE, SI, SK)",EXT_EU27_2020,Extra-EU27 (from 2020),854233,Electronic integrated circuits as amplifiers,2,EXPORT,VALUE_IN_EUROS,VALUE_IN_EUROS,2024,,637241168,
dataflow,ESTAT:DS-045409(1.0),EU trade since 1988 by HS2-4-6 and CN8,A,Annual,EU27_2020,"European Union - 27 countries (AT, BE, BG, CY, CZ, DE, DK, EE, ES, FI, FR, GR, HR, HU, IE, IT, LT, LU, LV, MT, NL, PL, PT, RO, SE, SI, SK)",EXT_EU27_2020,Extra-EU27 (from 2020),854233,Electronic integrated circuits as amplifiers,2,EXPORT,VALUE_IN_EUROS,VALUE_IN_EUROS,2025,,585759858,
dataflow,ESTAT:DS-045409(1.0),EU trade since 1988 by HS2-4-6 and CN8,A,Annual,EU27_2020,"European Union - 27 countries (AT, BE, BG, CY, CZ, DE, DK, EE, ES, FI, FR, GR, HR, HU, IE, IT, LT, LU, LV, MT, NL, PL, PT, RO, SE, SI, SK)",EXT_EU27_2020,Extra-EU27 (from 2020),854239,"Electronic integrated circuits (excl. such as processors, controllers, memories and amplifiers)",1,IMPORT,QUANTITY_IN_100KG,QUANTITY_IN_100KG,2007,,159069.95,
dataflow,ESTAT:DS-045409(1.0),EU trade since 1988 by HS2-4-6 and CN8,A,Annual,EU27_2020,"European Union - 27 countries (AT, BE, BG, CY, CZ, DE, DK, EE, ES, FI, FR, GR, HR, HU, IE, IT, LT, LU, LV, MT, NL, PL, PT, RO, SE, SI, SK)",EXT_EU27_2020,Extra-EU27 (from 2020),854239,"Electronic integrated circuits (excl. such as processors, controllers, memories and amplifiers)",1,IMPORT,QUANTITY_IN_100KG,QUANTITY_IN_100KG,2008,,267948.20,
dataflow,ESTAT:DS-045409(1.0),EU trade since 1988 by HS2-4-6 and CN8,A,Annual,EU27_2020,"European Union - 27 countries (AT, BE, BG, CY, CZ, DE, DK, EE, ES, FI, FR, GR, HR, HU, IE, IT, LT, LU, LV, MT, NL, PL, PT, RO, SE, SI, SK)",EXT_EU27_2020,Extra-EU27 (from 2020),854239,"Electronic integrated circuits (excl. such as processors, controllers, memories and amplifiers)",1,IMPORT,QUANTITY_IN_100KG,QUANTITY_IN_100KG,2009,,109337.27,
dataflow,ESTAT:DS-045409(1.0),EU trade since 1988 by HS2-4-6 and CN8,A,Annual,EU27_2020,"European Union - 27 countries (AT, BE, BG, CY, CZ, DE, DK, EE, ES, FI, FR, GR, HR, HU, IE, IT, LT, LU, LV, MT, NL, PL, PT, RO, SE, SI, SK)",EXT_EU27_2020,Extra-EU27 (from 2020),854239,"Electronic integrated circuits (excl. such as processors, controllers, memories and amplifiers)",1,IMPORT,QUANTITY_IN_100KG,QUANTITY_IN_100KG,2010,,119289.73,
dataflow,ESTAT:DS-045409(1.0),EU trade since 1988 by HS2-4-6 and CN8,A,Annual,EU27_2020,"European Union - 27 countries (AT, BE, BG, CY, CZ, DE, DK, EE, ES, FI, FR, GR, HR, HU, IE, IT, LT, LU, LV, MT, NL, PL, PT, RO, SE, SI, SK)",EXT_EU27_2020,Extra-EU27 (from 2020),854239,"Electronic integrated circuits (excl. such as processors, controllers, memories and amplifiers)",1,IMPORT,QUANTITY_IN_100KG,QUANTITY_IN_100KG,2011,,128812.10,
dataflow,ESTAT:DS-045409(1.0),EU trade since 1988 by HS2-4-6 and CN8,A,Annual,EU27_2020,"European Union - 27 countries (AT, BE, BG, CY, CZ, DE, DK, EE, ES, FI, FR, GR, HR, HU, IE, IT, LT, LU, LV, MT, NL, PL, PT, RO, SE, SI, SK)",EXT_EU27_2020,Extra-EU27 (from 2020),854239,"Electronic integrated circuits (excl. such as processors, controllers, memories and amplifiers)",1,IMPORT,QUANTITY_IN_100KG,QUANTITY_IN_100KG,2012,,170643.98,
dataflow,ESTAT:DS-045409(1.0),EU trade since 1988 by HS2-4-6 and CN8,A,Annual,EU27_2020,"European Union - 27 countries (AT, BE, BG, CY, CZ, DE, DK, EE, ES, FI, FR, GR, HR, HU, IE, IT, LT, LU, LV, MT, NL, PL, PT, RO, SE, SI, SK)",EXT_EU27_2020,Extra-EU27 (from 2020),854239,"Electronic integrated circuits (excl. such as processors, controllers, memories and amplifiers)",1,IMPORT,QUANTITY_IN_100KG,QUANTITY_IN_100KG,2013,,110982.07,
dataflow,ESTAT:DS-045409(1.0),EU trade since 1988 by HS2-4-6 and CN8,A,Annual,EU27_2020,"European Union - 27 countries (AT, BE, BG, CY, CZ, DE, DK, EE, ES, FI, FR, GR, HR, HU, IE, IT, LT, LU, LV, MT, NL, PL, PT, RO, SE, SI, SK)",EXT_EU27_2020,Extra-EU27 (from 2020),854239,"Electronic integrated circuits (excl. such as processors, controllers, memories and amplifiers)",1,IMPORT,QUANTITY_IN_100KG,QUANTITY_IN_100KG,2014,,139073.53,
dataflow,ESTAT:DS-045409(1.0),EU trade since 1988 by HS2-4-6 and CN8,A,Annual,EU27_2020,"European Union - 27 countries (AT, BE, BG, CY, CZ, DE, DK, EE, ES, FI, FR, GR, HR, HU, IE, IT, LT, LU, LV, MT, NL, PL, PT, RO, SE, SI, SK)",EXT_EU27_2020,Extra-EU27 (from 2020),854239,"Electronic integrated circuits (excl. such as processors, controllers, memories and amplifiers)",1,IMPORT,QUANTITY_IN_100KG,QUANTITY_IN_100KG,2015,,133524.80,
dataflow,ESTAT:DS-045409(1.0),EU trade since 1988 by HS2-4-6 and CN8,A,Annual,EU27_2020,"European Union - 27 countries (AT, BE, BG, CY, CZ, DE, DK, EE, ES, FI, FR, GR, HR, HU, IE, IT, LT, LU, LV, MT, NL, PL, PT, RO, SE, SI, SK)",EXT_EU27_2020,Extra-EU27 (from 2020),854239,"Electronic integrated circuits (excl. such as processors, controllers, memories and amplifiers)",1,IMPORT,QUANTITY_IN_100KG,QUANTITY_IN_100KG,2016,,239140.58,
dataflow,ESTAT:DS-045409(1.0),EU trade since 1988 by HS2-4-6 and CN8,A,Annual,EU27_2020,"European Union - 27 countries (AT, BE, BG, CY, CZ, DE, DK, EE, ES, FI, FR, GR, HR, HU, IE, IT, LT, LU, LV, MT, NL, PL, PT, RO, SE, SI, SK)",EXT_EU27_2020,Extra-EU27 (from 2020),854239,"Electronic integrated circuits (excl. such as processors, controllers, memories and amplifiers)",1,IMPORT,QUANTITY_IN_100KG,QUANTITY_IN_100KG,2017,,179669.52,
dataflow,ESTAT:DS-045409(1.0),EU trade since 1988 by HS2-4-6 and CN8,A,Annual,EU27_2020,"European Union - 27 countries (AT, BE, BG, CY, CZ, DE, DK, EE, ES, FI, FR, GR, HR, HU, IE, IT, LT, LU, LV, MT, NL, PL, PT, RO, SE, SI, SK)",EXT_EU27_2020,Extra-EU27 (from 2020),854239,"Electronic integrated circuits (excl. such as processors, controllers, memories and amplifiers)",1,IMPORT,QUANTITY_IN_100KG,QUANTITY_IN_100KG,2018,,221860.25,
dataflow,ESTAT:DS-045409(1.0),EU trade since 1988 by HS2-4-6 and CN8,A,Annual,EU27_2020,"European Union - 27 countries (AT, BE, BG, CY, CZ, DE, DK, EE, ES, FI, FR, GR, HR, HU, IE, IT, LT, LU, LV, MT, NL, PL, PT, RO, SE, SI, SK)",EXT_EU27_2020,Extra-EU27 (from 2020),854239,"Electronic integrated circuits (excl. such as processors, controllers, memories and amplifiers)",1,IMPORT,QUANTITY_IN_100KG,QUANTITY_IN_100KG,2019,,224632.15,
dataflow,ESTAT:DS-045409(1.0),EU trade since 1988 by HS2-4-6 and CN8,A,Annual,EU27_2020,"European Union - 27 countries (AT, BE, BG, CY, CZ, DE, DK, EE, ES, FI, FR, GR, HR, HU, IE, IT, LT, LU, LV, MT, NL, PL, PT, RO, SE, SI, SK)",EXT_EU27_2020,Extra-EU27 (from 2020),854239,"Electronic integrated circuits (excl. such as processors, controllers, memories and amplifiers)",1,IMPORT,QUANTITY_IN_100KG,QUANTITY_IN_100KG,2020,,121020.25,
dataflow,ESTAT:DS-045409(1.0),EU trade since 1988 by HS2-4-6 and CN8,A,Annual,EU27_2020,"European Union - 27 countries (AT, BE, BG, CY, CZ, DE, DK, EE, ES, FI, FR, GR, HR, HU, IE, IT, LT, LU, LV, MT, NL, PL, PT, RO, SE, SI, SK)",EXT_EU27_2020,Extra-EU27 (from 2020),854239,"Electronic integrated circuits (excl. such as processors, controllers, memories and amplifiers)",1,IMPORT,QUANTITY_IN_100KG,QUANTITY_IN_100KG,2021,,99745.74,
dataflow,ESTAT:DS-045409(1.0),EU trade since 1988 by HS2-4-6 and CN8,A,Annual,EU27_2020,"European Union - 27 countries (AT, BE, BG, CY, CZ, DE, DK, EE, ES, FI, FR, GR, HR, HU, IE, IT, LT, LU, LV, MT, NL, PL, PT, RO, SE, SI, SK)",EXT_EU27_2020,Extra-EU27 (from 2020),854239,"Electronic integrated circuits (excl. such as processors, controllers, memories and amplifiers)",1,IMPORT,QUANTITY_IN_100KG,QUANTITY_IN_100KG,2022,,108072.27,
dataflow,ESTAT:DS-045409(1.0),EU trade since 1988 by HS2-4-6 and CN8,A,Annual,EU27_2020,"European Union - 27 countries (AT, BE, BG, CY, CZ, DE, DK, EE, ES, FI, FR, GR, HR, HU, IE, IT, LT, LU, LV, MT, NL, PL, PT, RO, SE, SI, SK)",EXT_EU27_2020,Extra-EU27 (from 2020),854239,"Electronic integrated circuits (excl. such as processors, controllers, memories and amplifiers)",1,IMPORT,QUANTITY_IN_100KG,QUANTITY_IN_100KG,2023,,100906.50,
dataflow,ESTAT:DS-045409(1.0),EU trade since 1988 by HS2-4-6 and CN8,A,Annual,EU27_2020,"European Union - 27 countries (AT, BE, BG, CY, CZ, DE, DK, EE, ES, FI, FR, GR, HR, HU, IE, IT, LT, LU, LV, MT, NL, PL, PT, RO, SE, SI, SK)",EXT_EU27_2020,Extra-EU27 (from 2020),854239,"Electronic integrated circuits (excl. such as processors, controllers, memories and amplifiers)",1,IMPORT,QUANTITY_IN_100KG,QUANTITY_IN_100KG,2024,,94581.73,
dataflow,ESTAT:DS-045409(1.0),EU trade since 1988 by HS2-4-6 and CN8,A,Annual,EU27_2020,"European Union - 27 countries (AT, BE, BG, CY, CZ, DE, DK, EE, ES, FI, FR, GR, HR, HU, IE, IT, LT, LU, LV, MT, NL, PL, PT, RO, SE, SI, SK)",EXT_EU27_2020,Extra-EU27 (from 2020),854239,"Electronic integrated circuits (excl. such as processors, controllers, memories and amplifiers)",1,IMPORT,QUANTITY_IN_100KG,QUANTITY_IN_100KG,2025,,90627.42,
dataflow,ESTAT:DS-045409(1.0),EU trade since 1988 by HS2-4-6 and CN8,A,Annual,EU27_2020,"European Union - 27 countries (AT, BE, BG, CY, CZ, DE, DK, EE, ES, FI, FR, GR, HR, HU, IE, IT, LT, LU, LV, MT, NL, PL, PT, RO, SE, SI, SK)",EXT_EU27_2020,Extra-EU27 (from 2020),854239,"Electronic integrated circuits (excl. such as processors, controllers, memories and amplifiers)",1,IMPORT,VALUE_IN_EUROS,VALUE_IN_EUROS,2007,,5418826187,
dataflow,ESTAT:DS-045409(1.0),EU trade since 1988 by HS2-4-6 and CN8,A,Annual,EU27_2020,"European Union - 27 countries (AT, BE, BG, CY, CZ, DE, DK, EE, ES, FI, FR, GR, HR, HU, IE, IT, LT, LU, LV, MT, NL, PL, PT, RO, SE, SI, SK)",EXT_EU27_2020,Extra-EU27 (from 2020),854239,"Electronic integrated circuits (excl. such as processors, controllers, memories and amplifiers)",1,IMPORT,VALUE_IN_EUROS,VALUE_IN_EUROS,2008,,5137649667,
dataflow,ESTAT:DS-045409(1.0),EU trade since 1988 by HS2-4-6 and CN8,A,Annual,EU27_2020,"European Union - 27 countries (AT, BE, BG, CY, CZ, DE, DK, EE, ES, FI, FR, GR, HR, HU, IE, IT, LT, LU, LV, MT, NL, PL, PT, RO, SE, SI, SK)",EXT_EU27_2020,Extra-EU27 (from 2020),854239,"Electronic integrated circuits (excl. such as processors, controllers, memories and amplifiers)",1,IMPORT,VALUE_IN_EUROS,VALUE_IN_EUROS,2009,,4246891017,
dataflow,ESTAT:DS-045409(1.0),EU trade since 1988 by HS2-4-6 and CN8,A,Annual,EU27_2020,"European Union - 27 countries (AT, BE, BG, CY, CZ, DE, DK, EE, ES, FI, FR, GR, HR, HU, IE, IT, LT, LU, LV, MT, NL, PL, PT, RO, SE, SI, SK)",EXT_EU27_2020,Extra-EU27 (from 2020),854239,"Electronic integrated circuits (excl. such as processors, controllers, memories and amplifiers)",1,IMPORT,VALUE_IN_EUROS,VALUE_IN_EUROS,2010,,7134017539,
dataflow,ESTAT:DS-045409(1.0),EU trade since 1988 by HS2-4-6 and CN8,A,Annual,EU27_2020,"European Union - 27 countries (AT, BE, BG, CY, CZ, DE, DK, EE, ES, FI, FR, GR, HR, HU, IE, IT, LT, LU, LV, MT, NL, PL, PT, RO, SE, SI, SK)",EXT_EU27_2020,Extra-EU27 (from 2020),854239,"Electronic integrated circuits (excl. such as processors, controllers, memories and amplifiers)",1,IMPORT,VALUE_IN_EUROS,VALUE_IN_EUROS,2011,,5536518259,
dataflow,ESTAT:DS-045409(1.0),EU trade since 1988 by HS2-4-6 and CN8,A,Annual,EU27_2020,"European Union - 27 countries (AT, BE, BG, CY, CZ, DE, DK, EE, ES, FI, FR, GR, HR, HU, IE, IT, LT, LU, LV, MT, NL, PL, PT, RO, SE, SI, SK)",EXT_EU27_2020,Extra-EU27 (from 2020),854239,"Electronic integrated circuits (excl. such as processors, controllers, memories and amplifiers)",1,IMPORT,VALUE_IN_EUROS,VALUE_IN_EUROS,2012,,5125417620,
dataflow,ESTAT:DS-045409(1.0),EU trade since 1988 by HS2-4-6 and CN8,A,Annual,EU27_2020,"European Union - 27 countries (AT, BE, BG, CY, CZ, DE, DK, EE, ES, FI, FR, GR, HR, HU, IE, IT, LT, LU, LV, MT, NL, PL, PT, RO, SE, SI, SK)",EXT_EU27_2020,Extra-EU27 (from 2020),854239,"Electronic integrated circuits (excl. such as processors, controllers, memories and amplifiers)",1,IMPORT,VALUE_IN_EUROS,VALUE_IN_EUROS,2013,,5357549440,
dataflow,ESTAT:DS-045409(1.0),EU trade since 1988 by HS2-4-6 and CN8,A,Annual,EU27_2020,"European Union - 27 countries (AT, BE, BG, CY, CZ, DE, DK, EE, ES, FI, FR, GR, HR, HU, IE, IT, LT, LU, LV, MT, NL, PL, PT, RO, SE, SI, SK)",EXT_EU27_2020,Extra-EU27 (from 2020),854239,"Electronic integrated circuits (excl. such as processors, controllers, memories and amplifiers)",1,IMPORT,VALUE_IN_EUROS,VALUE_IN_EUROS,2014,,5811696001,
dataflow,ESTAT:DS-045409(1.0),EU trade since 1988 by HS2-4-6 and CN8,A,Annual,EU27_2020,"European Union - 27 countries (AT, BE, BG, CY, CZ, DE, DK, EE, ES, FI, FR, GR, HR, HU, IE, IT, LT, LU, LV, MT, NL, PL, PT, RO, SE, SI, SK)",EXT_EU27_2020,Extra-EU27 (from 2020),854239,"Electronic integrated circuits (excl. such as processors, controllers, memories and amplifiers)",1,IMPORT,VALUE_IN_EUROS,VALUE_IN_EUROS,2015,,6941638316,
dataflow,ESTAT:DS-045409(1.0),EU trade since 1988 by HS2-4-6 and CN8,A,Annual,EU27_2020,"European Union - 27 countries (AT, BE, BG, CY, CZ, DE, DK, EE, ES, FI, FR, GR, HR, HU, IE, IT, LT, LU, LV, MT, NL, PL, PT, RO, SE, SI, SK)",EXT_EU27_2020,Extra-EU27 (from 2020),854239,"Electronic integrated circuits (excl. such as processors, controllers, memories and amplifiers)",1,IMPORT,VALUE_IN_EUROS,VALUE_IN_EUROS,2016,,7029707422,
dataflow,ESTAT:DS-045409(1.0),EU trade since 1988 by HS2-4-6 and CN8,A,Annual,EU27_2020,"European Union - 27 countries (AT, BE, BG, CY, CZ, DE, DK, EE, ES, FI, FR, GR, HR, HU, IE, IT, LT, LU, LV, MT, NL, PL, PT, RO, SE, SI, SK)",EXT_EU27_2020,Extra-EU27 (from 2020),854239,"Electronic integrated circuits (excl. such as processors, controllers, memories and amplifiers)",1,IMPORT,VALUE_IN_EUROS,VALUE_IN_EUROS,2017,,8842497206,
dataflow,ESTAT:DS-045409(1.0),EU trade since 1988 by HS2-4-6 and CN8,A,Annual,EU27_2020,"European Union - 27 countries (AT, BE, BG, CY, CZ, DE, DK, EE, ES, FI, FR, GR, HR, HU, IE, IT, LT, LU, LV, MT, NL, PL, PT, RO, SE, SI, SK)",EXT_EU27_2020,Extra-EU27 (from 2020),854239,"Electronic integrated circuits (excl. such as processors, controllers, memories and amplifiers)",1,IMPORT,VALUE_IN_EUROS,VALUE_IN_EUROS,2018,,10022308046,
dataflow,ESTAT:DS-045409(1.0),EU trade since 1988 by HS2-4-6 and CN8,A,Annual,EU27_2020,"European Union - 27 countries (AT, BE, BG, CY, CZ, DE, DK, EE, ES, FI, FR, GR, HR, HU, IE, IT, LT, LU, LV, MT, NL, PL, PT, RO, SE, SI, SK)",EXT_EU27_2020,Extra-EU27 (from 2020),854239,"Electronic integrated circuits (excl. such as processors, controllers, memories and amplifiers)",1,IMPORT,VALUE_IN_EUROS,VALUE_IN_EUROS,2019,,9754259092,
dataflow,ESTAT:DS-045409(1.0),EU trade since 1988 by HS2-4-6 and CN8,A,Annual,EU27_2020,"European Union - 27 countries (AT, BE, BG, CY, CZ, DE, DK, EE, ES, FI, FR, GR, HR, HU, IE, IT, LT, LU, LV, MT, NL, PL, PT, RO, SE, SI, SK)",EXT_EU27_2020,Extra-EU27 (from 2020),854239,"Electronic integrated circuits (excl. such as processors, controllers, memories and amplifiers)",1,IMPORT,VALUE_IN_EUROS,VALUE_IN_EUROS,2020,,8988950530,
dataflow,ESTAT:DS-045409(1.0),EU trade since 1988 by HS2-4-6 and CN8,A,Annual,EU27_2020,"European Union - 27 countries (AT, BE, BG, CY, CZ, DE, DK, EE, ES, FI, FR, GR, HR, HU, IE, IT, LT, LU, LV, MT, NL, PL, PT, RO, SE, SI, SK)",EXT_EU27_2020,Extra-EU27 (from 2020),854239,"Electronic integrated circuits (excl. such as processors, controllers, memories and amplifiers)",1,IMPORT,VALUE_IN_EUROS,VALUE_IN_EUROS,2021,,11659986003,
dataflow,ESTAT:DS-045409(1.0),EU trade since 1988 by HS2-4-6 and CN8,A,Annual,EU27_2020,"European Union - 27 countries (AT, BE, BG, CY, CZ, DE, DK, EE, ES, FI, FR, GR, HR, HU, IE, IT, LT, LU, LV, MT, NL, PL, PT, RO, SE, SI, SK)",EXT_EU27_2020,Extra-EU27 (from 2020),854239,"Electronic integrated circuits (excl. such as processors, controllers, memories and amplifiers)",1,IMPORT,VALUE_IN_EUROS,VALUE_IN_EUROS,2022,,18637857847,
dataflow,ESTAT:DS-045409(1.0),EU trade since 1988 by HS2-4-6 and CN8,A,Annual,EU27_2020,"European Union - 27 countries (AT, BE, BG, CY, CZ, DE, DK, EE, ES, FI, FR, GR, HR, HU, IE, IT, LT, LU, LV, MT, NL, PL, PT, RO, SE, SI, SK)",EXT_EU27_2020,Extra-EU27 (from 2020),854239,"Electronic integrated circuits (excl. such as processors, controllers, memories and amplifiers)",1,IMPORT,VALUE_IN_EUROS,VALUE_IN_EUROS,2023,,16384629942,
dataflow,ESTAT:DS-045409(1.0),EU trade since 1988 by HS2-4-6 and CN8,A,Annual,EU27_2020,"European Union - 27 countries (AT, BE, BG, CY, CZ, DE, DK, EE, ES, FI, FR, GR, HR, HU, IE, IT, LT, LU, LV, MT, NL, PL, PT, RO, SE, SI, SK)",EXT_EU27_2020,Extra-EU27 (from 2020),854239,"Electronic integrated circuits (excl. such as processors, controllers, memories and amplifiers)",1,IMPORT,VALUE_IN_EUROS,VALUE_IN_EUROS,2024,,12727314838,
dataflow,ESTAT:DS-045409(1.0),EU trade since 1988 by HS2-4-6 and CN8,A,Annual,EU27_2020,"European Union - 27 countries (AT, BE, BG, CY, CZ, DE, DK, EE, ES, FI, FR, GR, HR, HU, IE, IT, LT, LU, LV, MT, NL, PL, PT, RO, SE, SI, SK)",EXT_EU27_2020,Extra-EU27 (from 2020),854239,"Electronic integrated circuits (excl. such as processors, controllers, memories and amplifiers)",1,IMPORT,VALUE_IN_EUROS,VALUE_IN_EUROS,2025,,12838358273,
dataflow,ESTAT:DS-045409(1.0),EU trade since 1988 by HS2-4-6 and CN8,A,Annual,EU27_2020,"European Union - 27 countries (AT, BE, BG, CY, CZ, DE, DK, EE, ES, FI, FR, GR, HR, HU, IE, IT, LT, LU, LV, MT, NL, PL, PT, RO, SE, SI, SK)",EXT_EU27_2020,Extra-EU27 (from 2020),854239,"Electronic integrated circuits (excl. such as processors, controllers, memories and amplifiers)",2,EXPORT,QUANTITY_IN_100KG,QUANTITY_IN_100KG,2007,,50606.94,
dataflow,ESTAT:DS-045409(1.0),EU trade since 1988 by HS2-4-6 and CN8,A,Annual,EU27_2020,"European Union - 27 countries (AT, BE, BG, CY, CZ, DE, DK, EE, ES, FI, FR, GR, HR, HU, IE, IT, LT, LU, LV, MT, NL, PL, PT, RO, SE, SI, SK)",EXT_EU27_2020,Extra-EU27 (from 2020),854239,"Electronic integrated circuits (excl. such as processors, controllers, memories and amplifiers)",2,EXPORT,QUANTITY_IN_100KG,QUANTITY_IN_100KG,2008,,41877.25,
dataflow,ESTAT:DS-045409(1.0),EU trade since 1988 by HS2-4-6 and CN8,A,Annual,EU27_2020,"European Union - 27 countries (AT, BE, BG, CY, CZ, DE, DK, EE, ES, FI, FR, GR, HR, HU, IE, IT, LT, LU, LV, MT, NL, PL, PT, RO, SE, SI, SK)",EXT_EU27_2020,Extra-EU27 (from 2020),854239,"Electronic integrated circuits (excl. such as processors, controllers, memories and amplifiers)",2,EXPORT,QUANTITY_IN_100KG,QUANTITY_IN_100KG,2009,,27162.66,
dataflow,ESTAT:DS-045409(1.0),EU trade since 1988 by HS2-4-6 and CN8,A,Annual,EU27_2020,"European Union - 27 countries (AT, BE, BG, CY, CZ, DE, DK, EE, ES, FI, FR, GR, HR, HU, IE, IT, LT, LU, LV, MT, NL, PL, PT, RO, SE, SI, SK)",EXT_EU27_2020,Extra-EU27 (from 2020),854239,"Electronic integrated circuits (excl. such as processors, controllers, memories and amplifiers)",2,EXPORT,QUANTITY_IN_100KG,QUANTITY_IN_100KG,2010,,36363.20,
dataflow,ESTAT:DS-045409(1.0),EU trade since 1988 by HS2-4-6 and CN8,A,Annual,EU27_2020,"European Union - 27 countries (AT, BE, BG, CY, CZ, DE, DK, EE, ES, FI, FR, GR, HR, HU, IE, IT, LT, LU, LV, MT, NL, PL, PT, RO, SE, SI, SK)",EXT_EU27_2020,Extra-EU27 (from 2020),854239,"Electronic integrated circuits (excl. such as processors, controllers, memories and amplifiers)",2,EXPORT,QUANTITY_IN_100KG,QUANTITY_IN_100KG,2011,,36936.21,
dataflow,ESTAT:DS-045409(1.0),EU trade since 1988 by HS2-4-6 and CN8,A,Annual,EU27_2020,"European Union - 27 countries (AT, BE, BG, CY, CZ, DE, DK, EE, ES, FI, FR, GR, HR, HU, IE, IT, LT, LU, LV, MT, NL, PL, PT, RO, SE, SI, SK)",EXT_EU27_2020,Extra-EU27 (from 2020),854239,"Electronic integrated circuits (excl. such as processors, controllers, memories and amplifiers)",2,EXPORT,QUANTITY_IN_100KG,QUANTITY_IN_100KG,2012,,37681.26,
dataflow,ESTAT:DS-045409(1.0),EU trade since 1988 by HS2-4-6 and CN8,A,Annual,EU27_2020,"European Union - 27 countries (AT, BE, BG, CY, CZ, DE, DK, EE, ES, FI, FR, GR, HR, HU, IE, IT, LT, LU, LV, MT, NL, PL, PT, RO, SE, SI, SK)",EXT_EU27_2020,Extra-EU27 (from 2020),854239,"Electronic integrated circuits (excl. such as processors, controllers, memories and amplifiers)",2,EXPORT,QUANTITY_IN_100KG,QUANTITY_IN_100KG,2013,,42937.03,
dataflow,ESTAT:DS-045409(1.0),EU trade since 1988 by HS2-4-6 and CN8,A,Annual,EU27_2020,"European Union - 27 countries (AT, BE, BG, CY, CZ, DE, DK, EE, ES, FI, FR, GR, HR, HU, IE, IT, LT, LU, LV, MT, NL, PL, PT, RO, SE, SI, SK)",EXT_EU27_2020,Extra-EU27 (from 2020),854239,"Electronic integrated circuits (excl. such as processors, controllers, memories and amplifiers)",2,EXPORT,QUANTITY_IN_100KG,QUANTITY_IN_100KG,2014,,45097.29,
dataflow,ESTAT:DS-045409(1.0),EU trade since 1988 by HS2-4-6 and CN8,A,Annual,EU27_2020,"European Union - 27 countries (AT, BE, BG, CY, CZ, DE, DK, EE, ES, FI, FR, GR, HR, HU, IE, IT, LT, LU, LV, MT, NL, PL, PT, RO, SE, SI, SK)",EXT_EU27_2020,Extra-EU27 (from 2020),854239,"Electronic integrated circuits (excl. such as processors, controllers, memories and amplifiers)",2,EXPORT,QUANTITY_IN_100KG,QUANTITY_IN_100KG,2015,,40472.45,
dataflow,ESTAT:DS-045409(1.0),EU trade since 1988 by HS2-4-6 and CN8,A,Annual,EU27_2020,"European Union - 27 countries (AT, BE, BG, CY, CZ, DE, DK, EE, ES, FI, FR, GR, HR, HU, IE, IT, LT, LU, LV, MT, NL, PL, PT, RO, SE, SI, SK)",EXT_EU27_2020,Extra-EU27 (from 2020),854239,"Electronic integrated circuits (excl. such as processors, controllers, memories and amplifiers)",2,EXPORT,QUANTITY_IN_100KG,QUANTITY_IN_100KG,2016,,38079.68,
dataflow,ESTAT:DS-045409(1.0),EU trade since 1988 by HS2-4-6 and CN8,A,Annual,EU27_2020,"European Union - 27 countries (AT, BE, BG, CY, CZ, DE, DK, EE, ES, FI, FR, GR, HR, HU, IE, IT, LT, LU, LV, MT, NL, PL, PT, RO, SE, SI, SK)",EXT_EU27_2020,Extra-EU27 (from 2020),854239,"Electronic integrated circuits (excl. such as processors, controllers, memories and amplifiers)",2,EXPORT,QUANTITY_IN_100KG,QUANTITY_IN_100KG,2017,,43278.09,
dataflow,ESTAT:DS-045409(1.0),EU trade since 1988 by HS2-4-6 and CN8,A,Annual,EU27_2020,"European Union - 27 countries (AT, BE, BG, CY, CZ, DE, DK, EE, ES, FI, FR, GR, HR, HU, IE, IT, LT, LU, LV, MT, NL, PL, PT, RO, SE, SI, SK)",EXT_EU27_2020,Extra-EU27 (from 2020),854239,"Electronic integrated circuits (excl. such as processors, controllers, memories and amplifiers)",2,EXPORT,QUANTITY_IN_100KG,QUANTITY_IN_100KG,2018,,54950.95,
dataflow,ESTAT:DS-045409(1.0),EU trade since 1988 by HS2-4-6 and CN8,A,Annual,EU27_2020,"European Union - 27 countries (AT, BE, BG, CY, CZ, DE, DK, EE, ES, FI, FR, GR, HR, HU, IE, IT, LT, LU, LV, MT, NL, PL, PT, RO, SE, SI, SK)",EXT_EU27_2020,Extra-EU27 (from 2020),854239,"Electronic integrated circuits (excl. such as processors, controllers, memories and amplifiers)",2,EXPORT,QUANTITY_IN_100KG,QUANTITY_IN_100KG,2019,,49809.02,
dataflow,ESTAT:DS-045409(1.0),EU trade since 1988 by HS2-4-6 and CN8,A,Annual,EU27_2020,"European Union - 27 countries (AT, BE, BG, CY, CZ, DE, DK, EE, ES, FI, FR, GR, HR, HU, IE, IT, LT, LU, LV, MT, NL, PL, PT, RO, SE, SI, SK)",EXT_EU27_2020,Extra-EU27 (from 2020),854239,"Electronic integrated circuits (excl. such as processors, controllers, memories and amplifiers)",2,EXPORT,QUANTITY_IN_100KG,QUANTITY_IN_100KG,2020,,39239.69,
dataflow,ESTAT:DS-045409(1.0),EU trade since 1988 by HS2-4-6 and CN8,A,Annual,EU27_2020,"European Union - 27 countries (AT, BE, BG, CY, CZ, DE, DK, EE, ES, FI, FR, GR, HR, HU, IE, IT, LT, LU, LV, MT, NL, PL, PT, RO, SE, SI, SK)",EXT_EU27_2020,Extra-EU27 (from 2020),854239,"Electronic integrated circuits (excl. such as processors, controllers, memories and amplifiers)",2,EXPORT,QUANTITY_IN_100KG,QUANTITY_IN_100KG,2021,,34743.22,
dataflow,ESTAT:DS-045409(1.0),EU trade since 1988 by HS2-4-6 and CN8,A,Annual,EU27_2020,"European Union - 27 countries (AT, BE, BG, CY, CZ, DE, DK, EE, ES, FI, FR, GR, HR, HU, IE, IT, LT, LU, LV, MT, NL, PL, PT, RO, SE, SI, SK)",EXT_EU27_2020,Extra-EU27 (from 2020),854239,"Electronic integrated circuits (excl. such as processors, controllers, memories and amplifiers)",2,EXPORT,QUANTITY_IN_100KG,QUANTITY_IN_100KG,2022,,40378.01,
dataflow,ESTAT:DS-045409(1.0),EU trade since 1988 by HS2-4-6 and CN8,A,Annual,EU27_2020,"European Union - 27 countries (AT, BE, BG, CY, CZ, DE, DK, EE, ES, FI, FR, GR, HR, HU, IE, IT, LT, LU, LV, MT, NL, PL, PT, RO, SE, SI, SK)",EXT_EU27_2020,Extra-EU27 (from 2020),854239,"Electronic integrated circuits (excl. such as processors, controllers, memories and amplifiers)",2,EXPORT,QUANTITY_IN_100KG,QUANTITY_IN_100KG,2023,,41039.06,
dataflow,ESTAT:DS-045409(1.0),EU trade since 1988 by HS2-4-6 and CN8,A,Annual,EU27_2020,"European Union - 27 countries (AT, BE, BG, CY, CZ, DE, DK, EE, ES, FI, FR, GR, HR, HU, IE, IT, LT, LU, LV, MT, NL, PL, PT, RO, SE, SI, SK)",EXT_EU27_2020,Extra-EU27 (from 2020),854239,"Electronic integrated circuits (excl. such as processors, controllers, memories and amplifiers)",2,EXPORT,QUANTITY_IN_100KG,QUANTITY_IN_100KG,2024,,35597.96,
dataflow,ESTAT:DS-045409(1.0),EU trade since 1988 by HS2-4-6 and CN8,A,Annual,EU27_2020,"European Union - 27 countries (AT, BE, BG, CY, CZ, DE, DK, EE, ES, FI, FR, GR, HR, HU, IE, IT, LT, LU, LV, MT, NL, PL, PT, RO, SE, SI, SK)",EXT_EU27_2020,Extra-EU27 (from 2020),854239,"Electronic integrated circuits (excl. such as processors, controllers, memories and amplifiers)",2,EXPORT,QUANTITY_IN_100KG,QUANTITY_IN_100KG,2025,,39746.09,
dataflow,ESTAT:DS-045409(1.0),EU trade since 1988 by HS2-4-6 and CN8,A,Annual,EU27_2020,"European Union - 27 countries (AT, BE, BG, CY, CZ, DE, DK, EE, ES, FI, FR, GR, HR, HU, IE, IT, LT, LU, LV, MT, NL, PL, PT, RO, SE, SI, SK)",EXT_EU27_2020,Extra-EU27 (from 2020),854239,"Electronic integrated circuits (excl. such as processors, controllers, memories and amplifiers)",2,EXPORT,VALUE_IN_EUROS,VALUE_IN_EUROS,2007,,4232915747,
dataflow,ESTAT:DS-045409(1.0),EU trade since 1988 by HS2-4-6 and CN8,A,Annual,EU27_2020,"European Union - 27 countries (AT, BE, BG, CY, CZ, DE, DK, EE, ES, FI, FR, GR, HR, HU, IE, IT, LT, LU, LV, MT, NL, PL, PT, RO, SE, SI, SK)",EXT_EU27_2020,Extra-EU27 (from 2020),854239,"Electronic integrated circuits (excl. such as processors, controllers, memories and amplifiers)",2,EXPORT,VALUE_IN_EUROS,VALUE_IN_EUROS,2008,,4271270098,
dataflow,ESTAT:DS-045409(1.0),EU trade since 1988 by HS2-4-6 and CN8,A,Annual,EU27_2020,"European Union - 27 countries (AT, BE, BG, CY, CZ, DE, DK, EE, ES, FI, FR, GR, HR, HU, IE, IT, LT, LU, LV, MT, NL, PL, PT, RO, SE, SI, SK)",EXT_EU27_2020,Extra-EU27 (from 2020),854239,"Electronic integrated circuits (excl. such as processors, controllers, memories and amplifiers)",2,EXPORT,VALUE_IN_EUROS,VALUE_IN_EUROS,2009,,2817313533,
dataflow,ESTAT:DS-045409(1.0),EU trade since 1988 by HS2-4-6 and CN8,A,Annual,EU27_2020,"European Union - 27 countries (AT, BE, BG, CY, CZ, DE, DK, EE, ES, FI, FR, GR, HR, HU, IE, IT, LT, LU, LV, MT, NL, PL, PT, RO, SE, SI, SK)",EXT_EU27_2020,Extra-EU27 (from 2020),854239,"Electronic integrated circuits (excl. such as processors, controllers, memories and amplifiers)",2,EXPORT,VALUE_IN_EUROS,VALUE_IN_EUROS,2010,,3535818750,
dataflow,ESTAT:DS-045409(1.0),EU trade since 1988 by HS2-4-6 and CN8,A,Annual,EU27_2020,"European Union - 27 countries (AT, BE, BG, CY, CZ, DE, DK, EE, ES, FI, FR, GR, HR, HU, IE, IT, LT, LU, LV, MT, NL, PL, PT, RO, SE, SI, SK)",EXT_EU27_2020,Extra-EU27 (from 2020),854239,"Electronic integrated circuits (excl. such as processors, controllers, memories and amplifiers)",2,EXPORT,VALUE_IN_EUROS,VALUE_IN_EUROS,2011,,4246502742,
dataflow,ESTAT:DS-045409(1.0),EU trade since 1988 by HS2-4-6 and CN8,A,Annual,EU27_2020,"European Union - 27 countries (AT, BE, BG, CY, CZ, DE, DK, EE, ES, FI, FR, GR, HR, HU, IE, IT, LT, LU, LV, MT, NL, PL, PT, RO, SE, SI, SK)",EXT_EU27_2020,Extra-EU27 (from 2020),854239,"Electronic integrated circuits (excl. such as processors, controllers, memories and amplifiers)",2,EXPORT,VALUE_IN_EUROS,VALUE_IN_EUROS,2012,,4427543386,
dataflow,ESTAT:DS-045409(1.0),EU trade since 1988 by HS2-4-6 and CN8,A,Annual,EU27_2020,"European Union - 27 countries (AT, BE, BG, CY, CZ, DE, DK, EE, ES, FI, FR, GR, HR, HU, IE, IT, LT, LU, LV, MT, NL, PL, PT, RO, SE, SI, SK)",EXT_EU27_2020,Extra-EU27 (from 2020),854239,"Electronic integrated circuits (excl. such as processors, controllers, memories and amplifiers)",2,EXPORT,VALUE_IN_EUROS,VALUE_IN_EUROS,2013,,4052342738,
dataflow,ESTAT:DS-045409(1.0),EU trade since 1988 by HS2-4-6 and CN8,A,Annual,EU27_2020,"European Union - 27 countries (AT, BE, BG, CY, CZ, DE, DK, EE, ES, FI, FR, GR, HR, HU, IE, IT, LT, LU, LV, MT, NL, PL, PT, RO, SE, SI, SK)",EXT_EU27_2020,Extra-EU27 (from 2020),854239,"Electronic integrated circuits (excl. such as processors, controllers, memories and amplifiers)",2,EXPORT,VALUE_IN_EUROS,VALUE_IN_EUROS,2014,,4261000430,
dataflow,ESTAT:DS-045409(1.0),EU trade since 1988 by HS2-4-6 and CN8,A,Annual,EU27_2020,"European Union - 27 countries (AT, BE, BG, CY, CZ, DE, DK, EE, ES, FI, FR, GR, HR, HU, IE, IT, LT, LU, LV, MT, NL, PL, PT, RO, SE, SI, SK)",EXT_EU27_2020,Extra-EU27 (from 2020),854239,"Electronic integrated circuits (excl. such as processors, controllers, memories and amplifiers)",2,EXPORT,VALUE_IN_EUROS,VALUE_IN_EUROS,2015,,4587429674,
dataflow,ESTAT:DS-045409(1.0),EU trade since 1988 by HS2-4-6 and CN8,A,Annual,EU27_2020,"European Union - 27 countries (AT, BE, BG, CY, CZ, DE, DK, EE, ES, FI, FR, GR, HR, HU, IE, IT, LT, LU, LV, MT, NL, PL, PT, RO, SE, SI, SK)",EXT_EU27_2020,Extra-EU27 (from 2020),854239,"Electronic integrated circuits (excl. such as processors, controllers, memories and amplifiers)",2,EXPORT,VALUE_IN_EUROS,VALUE_IN_EUROS,2016,,4232028378,
dataflow,ESTAT:DS-045409(1.0),EU trade since 1988 by HS2-4-6 and CN8,A,Annual,EU27_2020,"European Union - 27 countries (AT, BE, BG, CY, CZ, DE, DK, EE, ES, FI, FR, GR, HR, HU, IE, IT, LT, LU, LV, MT, NL, PL, PT, RO, SE, SI, SK)",EXT_EU27_2020,Extra-EU27 (from 2020),854239,"Electronic integrated circuits (excl. such as processors, controllers, memories and amplifiers)",2,EXPORT,VALUE_IN_EUROS,VALUE_IN_EUROS,2017,,5100581361,
dataflow,ESTAT:DS-045409(1.0),EU trade since 1988 by HS2-4-6 and CN8,A,Annual,EU27_2020,"European Union - 27 countries (AT, BE, BG, CY, CZ, DE, DK, EE, ES, FI, FR, GR, HR, HU, IE, IT, LT, LU, LV, MT, NL, PL, PT, RO, SE, SI, SK)",EXT_EU27_2020,Extra-EU27 (from 2020),854239,"Electronic integrated circuits (excl. such as processors, controllers, memories and amplifiers)",2,EXPORT,VALUE_IN_EUROS,VALUE_IN_EUROS,2018,,5894246809,
dataflow,ESTAT:DS-045409(1.0),EU trade since 1988 by HS2-4-6 and CN8,A,Annual,EU27_2020,"European Union - 27 countries (AT, BE, BG, CY, CZ, DE, DK, EE, ES, FI, FR, GR, HR, HU, IE, IT, LT, LU, LV, MT, NL, PL, PT, RO, SE, SI, SK)",EXT_EU27_2020,Extra-EU27 (from 2020),854239,"Electronic integrated circuits (excl. such as processors, controllers, memories and amplifiers)",2,EXPORT,VALUE_IN_EUROS,VALUE_IN_EUROS,2019,,5961715100,
dataflow,ESTAT:DS-045409(1.0),EU trade since 1988 by HS2-4-6 and CN8,A,Annual,EU27_2020,"European Union - 27 countries (AT, BE, BG, CY, CZ, DE, DK, EE, ES, FI, FR, GR, HR, HU, IE, IT, LT, LU, LV, MT, NL, PL, PT, RO, SE, SI, SK)",EXT_EU27_2020,Extra-EU27 (from 2020),854239,"Electronic integrated circuits (excl. such as processors, controllers, memories and amplifiers)",2,EXPORT,VALUE_IN_EUROS,VALUE_IN_EUROS,2020,,5567542603,
dataflow,ESTAT:DS-045409(1.0),EU trade since 1988 by HS2-4-6 and CN8,A,Annual,EU27_2020,"European Union - 27 countries (AT, BE, BG, CY, CZ, DE, DK, EE, ES, FI, FR, GR, HR, HU, IE, IT, LT, LU, LV, MT, NL, PL, PT, RO, SE, SI, SK)",EXT_EU27_2020,Extra-EU27 (from 2020),854239,"Electronic integrated circuits (excl. such as processors, controllers, memories and amplifiers)",2,EXPORT,VALUE_IN_EUROS,VALUE_IN_EUROS,2021,,6697715580,
dataflow,ESTAT:DS-045409(1.0),EU trade since 1988 by HS2-4-6 and CN8,A,Annual,EU27_2020,"European Union - 27 countries (AT, BE, BG, CY, CZ, DE, DK, EE, ES, FI, FR, GR, HR, HU, IE, IT, LT, LU, LV, MT, NL, PL, PT, RO, SE, SI, SK)",EXT_EU27_2020,Extra-EU27 (from 2020),854239,"Electronic integrated circuits (excl. such as processors, controllers, memories and amplifiers)",2,EXPORT,VALUE_IN_EUROS,VALUE_IN_EUROS,2022,,9687981208,
dataflow,ESTAT:DS-045409(1.0),EU trade since 1988 by HS2-4-6 and CN8,A,Annual,EU27_2020,"European Union - 27 countries (AT, BE, BG, CY, CZ, DE, DK, EE, ES, FI, FR, GR, HR, HU, IE, IT, LT, LU, LV, MT, NL, PL, PT, RO, SE, SI, SK)",EXT_EU27_2020,Extra-EU27 (from 2020),854239,"Electronic integrated circuits (excl. such as processors, controllers, memories and amplifiers)",2,EXPORT,VALUE_IN_EUROS,VALUE_IN_EUROS,2023,,9036983886,
dataflow,ESTAT:DS-045409(1.0),EU trade since 1988 by HS2-4-6 and CN8,A,Annual,EU27_2020,"European Union - 27 countries (AT, BE, BG, CY, CZ, DE, DK, EE, ES, FI, FR, GR, HR, HU, IE, IT, LT, LU, LV, MT, NL, PL, PT, RO, SE, SI, SK)",EXT_EU27_2020,Extra-EU27 (from 2020),854239,"Electronic integrated circuits (excl. such as processors, controllers, memories and amplifiers)",2,EXPORT,VALUE_IN_EUROS,VALUE_IN_EUROS,2024,,8596774735,
dataflow,ESTAT:DS-045409(1.0),EU trade since 1988 by HS2-4-6 and CN8,A,Annual,EU27_2020,"European Union - 27 countries (AT, BE, BG, CY, CZ, DE, DK, EE, ES, FI, FR, GR, HR, HU, IE, IT, LT, LU, LV, MT, NL, PL, PT, RO, SE, SI, SK)",EXT_EU27_2020,Extra-EU27 (from 2020),854239,"Electronic integrated circuits (excl. such as processors, controllers, memories and amplifiers)",2,EXPORT,VALUE_IN_EUROS,VALUE_IN_EUROS,2025,,9278449877,
dataflow,ESTAT:DS-045409(1.0),EU trade since 1988 by HS2-4-6 and CN8,A,Annual,EU27_2020,"European Union - 27 countries (AT, BE, BG, CY, CZ, DE, DK, EE, ES, FI, FR, GR, HR, HU, IE, IT, LT, LU, LV, MT, NL, PL, PT, RO, SE, SI, SK)",EXT_EU27_2020,Extra-EU27 (from 2020),TOTAL,Total,1,IMPORT,QUANTITY_IN_100KG,QUANTITY_IN_100KG,2000,,14842383514.12,
dataflow,ESTAT:DS-045409(1.0),EU trade since 1988 by HS2-4-6 and CN8,A,Annual,EU27_2020,"European Union - 27 countries (AT, BE, BG, CY, CZ, DE, DK, EE, ES, FI, FR, GR, HR, HU, IE, IT, LT, LU, LV, MT, NL, PL, PT, RO, SE, SI, SK)",EXT_EU27_2020,Extra-EU27 (from 2020),TOTAL,Total,1,IMPORT,QUANTITY_IN_100KG,QUANTITY_IN_100KG,2001,,14827898290.30,
dataflow,ESTAT:DS-045409(1.0),EU trade since 1988 by HS2-4-6 and CN8,A,Annual,EU27_2020,"European Union - 27 countries (AT, BE, BG, CY, CZ, DE, DK, EE, ES, FI, FR, GR, HR, HU, IE, IT, LT, LU, LV, MT, NL, PL, PT, RO, SE, SI, SK)",EXT_EU27_2020,Extra-EU27 (from 2020),TOTAL,Total,1,IMPORT,QUANTITY_IN_100KG,QUANTITY_IN_100KG,2002,,15237584168.95,
dataflow,ESTAT:DS-045409(1.0),EU trade since 1988 by HS2-4-6 and CN8,A,Annual,EU27_2020,"European Union - 27 countries (AT, BE, BG, CY, CZ, DE, DK, EE, ES, FI, FR, GR, HR, HU, IE, IT, LT, LU, LV, MT, NL, PL, PT, RO, SE, SI, SK)",EXT_EU27_2020,Extra-EU27 (from 2020),TOTAL,Total,1,IMPORT,QUANTITY_IN_100KG,QUANTITY_IN_100KG,2003,,16052829213.85,
dataflow,ESTAT:DS-045409(1.0),EU trade since 1988 by HS2-4-6 and CN8,A,Annual,EU27_2020,"European Union - 27 countries (AT, BE, BG, CY, CZ, DE, DK, EE, ES, FI, FR, GR, HR, HU, IE, IT, LT, LU, LV, MT, NL, PL, PT, RO, SE, SI, SK)",EXT_EU27_2020,Extra-EU27 (from 2020),TOTAL,Total,1,IMPORT,QUANTITY_IN_100KG,QUANTITY_IN_100KG,2004,,16571611171.21,
dataflow,ESTAT:DS-045409(1.0),EU trade since 1988 by HS2-4-6 and CN8,A,Annual,EU27_2020,"European Union - 27 countries (AT, BE, BG, CY, CZ, DE, DK, EE, ES, FI, FR, GR, HR, HU, IE, IT, LT, LU, LV, MT, NL, PL, PT, RO, SE, SI, SK)",EXT_EU27_2020,Extra-EU27 (from 2020),TOTAL,Total,1,IMPORT,QUANTITY_IN_100KG,QUANTITY_IN_100KG,2005,,16835349971.19,
dataflow,ESTAT:DS-045409(1.0),EU trade since 1988 by HS2-4-6 and CN8,A,Annual,EU27_2020,"European Union - 27 countries (AT, BE, BG, CY, CZ, DE, DK, EE, ES, FI, FR, GR, HR, HU, IE, IT, LT, LU, LV, MT, NL, PL, PT, RO, SE, SI, SK)",EXT_EU27_2020,Extra-EU27 (from 2020),TOTAL,Total,1,IMPORT,QUANTITY_IN_100KG,QUANTITY_IN_100KG,2006,,17247063465.75,
dataflow,ESTAT:DS-045409(1.0),EU trade since 1988 by HS2-4-6 and CN8,A,Annual,EU27_2020,"European Union - 27 countries (AT, BE, BG, CY, CZ, DE, DK, EE, ES, FI, FR, GR, HR, HU, IE, IT, LT, LU, LV, MT, NL, PL, PT, RO, SE, SI, SK)",EXT_EU27_2020,Extra-EU27 (from 2020),TOTAL,Total,1,IMPORT,QUANTITY_IN_100KG,QUANTITY_IN_100KG,2007,,17552490227.64,
dataflow,ESTAT:DS-045409(1.0),EU trade since 1988 by HS2-4-6 and CN8,A,Annual,EU27_2020,"European Union - 27 countries (AT, BE, BG, CY, CZ, DE, DK, EE, ES, FI, FR, GR, HR, HU, IE, IT, LT, LU, LV, MT, NL, PL, PT, RO, SE, SI, SK)",EXT_EU27_2020,Extra-EU27 (from 2020),TOTAL,Total,1,IMPORT,QUANTITY_IN_100KG,QUANTITY_IN_100KG,2008,,17368488036.07,
dataflow,ESTAT:DS-045409(1.0),EU trade since 1988 by HS2-4-6 and CN8,A,Annual,EU27_2020,"European Union - 27 countries (AT, BE, BG, CY, CZ, DE, DK, EE, ES, FI, FR, GR, HR, HU, IE, IT, LT, LU, LV, MT, NL, PL, PT, RO, SE, SI, SK)",EXT_EU27_2020,Extra-EU27 (from 2020),TOTAL,Total,1,IMPORT,QUANTITY_IN_100KG,QUANTITY_IN_100KG,2009,,14726729609.94,
dataflow,ESTAT:DS-045409(1.0),EU trade since 1988 by HS2-4-6 and CN8,A,Annual,EU27_2020,"European Union - 27 countries (AT, BE, BG, CY, CZ, DE, DK, EE, ES, FI, FR, GR, HR, HU, IE, IT, LT, LU, LV, MT, NL, PL, PT, RO, SE, SI, SK)",EXT_EU27_2020,Extra-EU27 (from 2020),TOTAL,Total,1,IMPORT,QUANTITY_IN_100KG,QUANTITY_IN_100KG,2010,,15828544790.30,
dataflow,ESTAT:DS-045409(1.0),EU trade since 1988 by HS2-4-6 and CN8,A,Annual,EU27_2020,"European Union - 27 countries (AT, BE, BG, CY, CZ, DE, DK, EE, ES, FI, FR, GR, HR, HU, IE, IT, LT, LU, LV, MT, NL, PL, PT, RO, SE, SI, SK)",EXT_EU27_2020,Extra-EU27 (from 2020),TOTAL,Total,1,IMPORT,QUANTITY_IN_100KG,QUANTITY_IN_100KG,2011,,16067783535.14,
dataflow,ESTAT:DS-045409(1.0),EU trade since 1988 by HS2-4-6 and CN8,A,Annual,EU27_2020,"European Union - 27 countries (AT, BE, BG, CY, CZ, DE, DK, EE, ES, FI, FR, GR, HR, HU, IE, IT, LT, LU, LV, MT, NL, PL, PT, RO, SE, SI, SK)",EXT_EU27_2020,Extra-EU27 (from 2020),TOTAL,Total,1,IMPORT,QUANTITY_IN_100KG,QUANTITY_IN_100KG,2012,,15567561624.21,
dataflow,ESTAT:DS-045409(1.0),EU trade since 1988 by HS2-4-6 and CN8,A,Annual,EU27_2020,"European Union - 27 countries (AT, BE, BG, CY, CZ, DE, DK, EE, ES, FI, FR, GR, HR, HU, IE, IT, LT, LU, LV, MT, NL, PL, PT, RO, SE, SI, SK)",EXT_EU27_2020,Extra-EU27 (from 2020),TOTAL,Total,1,IMPORT,QUANTITY_IN_100KG,QUANTITY_IN_100KG,2013,,15426675314.15,
dataflow,ESTAT:DS-045409(1.0),EU trade since 1988 by HS2-4-6 and CN8,A,Annual,EU27_2020,"European Union - 27 countries (AT, BE, BG, CY, CZ, DE, DK, EE, ES, FI, FR, GR, HR, HU, IE, IT, LT, LU, LV, MT, NL, PL, PT, RO, SE, SI, SK)",EXT_EU27_2020,Extra-EU27 (from 2020),TOTAL,Total,1,IMPORT,QUANTITY_IN_100KG,QUANTITY_IN_100KG,2014,,15620801409.59,
dataflow,ESTAT:DS-045409(1.0),EU trade since 1988 by HS2-4-6 and CN8,A,Annual,EU27_2020,"European Union - 27 countries (AT, BE, BG, CY, CZ, DE, DK, EE, ES, FI, FR, GR, HR, HU, IE, IT, LT, LU, LV, MT, NL, PL, PT, RO, SE, SI, SK)",EXT_EU27_2020,Extra-EU27 (from 2020),TOTAL,Total,1,IMPORT,QUANTITY_IN_100KG,QUANTITY_IN_100KG,2015,,16292852482.57,
dataflow,ESTAT:DS-045409(1.0),EU trade since 1988 by HS2-4-6 and CN8,A,Annual,EU27_2020,"European Union - 27 countries (AT, BE, BG, CY, CZ, DE, DK, EE, ES, FI, FR, GR, HR, HU, IE, IT, LT, LU, LV, MT, NL, PL, PT, RO, SE, SI, SK)",EXT_EU27_2020,Extra-EU27 (from 2020),TOTAL,Total,1,IMPORT,QUANTITY_IN_100KG,QUANTITY_IN_100KG,2016,,16474291892.43,
dataflow,ESTAT:DS-045409(1.0),EU trade since 1988 by HS2-4-6 and CN8,A,Annual,EU27_2020,"European Union - 27 countries (AT, BE, BG, CY, CZ, DE, DK, EE, ES, FI, FR, GR, HR, HU, IE, IT, LT, LU, LV, MT, NL, PL, PT, RO, SE, SI, SK)",EXT_EU27_2020,Extra-EU27 (from 2020),TOTAL,Total,1,IMPORT,QUANTITY_IN_100KG,QUANTITY_IN_100KG,2017,,16913361201.70,
dataflow,ESTAT:DS-045409(1.0),EU trade since 1988 by HS2-4-6 and CN8,A,Annual,EU27_2020,"European Union - 27 countries (AT, BE, BG, CY, CZ, DE, DK, EE, ES, FI, FR, GR, HR, HU, IE, IT, LT, LU, LV, MT, NL, PL, PT, RO, SE, SI, SK)",EXT_EU27_2020,Extra-EU27 (from 2020),TOTAL,Total,1,IMPORT,QUANTITY_IN_100KG,QUANTITY_IN_100KG,2018,,17248679963.74,
dataflow,ESTAT:DS-045409(1.0),EU trade since 1988 by HS2-4-6 and CN8,A,Annual,EU27_2020,"European Union - 27 countries (AT, BE, BG, CY, CZ, DE, DK, EE, ES, FI, FR, GR, HR, HU, IE, IT, LT, LU, LV, MT, NL, PL, PT, RO, SE, SI, SK)",EXT_EU27_2020,Extra-EU27 (from 2020),TOTAL,Total,1,IMPORT,QUANTITY_IN_100KG,QUANTITY_IN_100KG,2019,,16925018059.03,
dataflow,ESTAT:DS-045409(1.0),EU trade since 1988 by HS2-4-6 and CN8,A,Annual,EU27_2020,"European Union - 27 countries (AT, BE, BG, CY, CZ, DE, DK, EE, ES, FI, FR, GR, HR, HU, IE, IT, LT, LU, LV, MT, NL, PL, PT, RO, SE, SI, SK)",EXT_EU27_2020,Extra-EU27 (from 2020),TOTAL,Total,1,IMPORT,QUANTITY_IN_100KG,QUANTITY_IN_100KG,2020,,15232885758.38,
dataflow,ESTAT:DS-045409(1.0),EU trade since 1988 by HS2-4-6 and CN8,A,Annual,EU27_2020,"European Union - 27 countries (AT, BE, BG, CY, CZ, DE, DK, EE, ES, FI, FR, GR, HR, HU, IE, IT, LT, LU, LV, MT, NL, PL, PT, RO, SE, SI, SK)",EXT_EU27_2020,Extra-EU27 (from 2020),TOTAL,Total,1,IMPORT,QUANTITY_IN_100KG,QUANTITY_IN_100KG,2021,,16060420561.54,
dataflow,ESTAT:DS-045409(1.0),EU trade since 1988 by HS2-4-6 and CN8,A,Annual,EU27_2020,"European Union - 27 countries (AT, BE, BG, CY, CZ, DE, DK, EE, ES, FI, FR, GR, HR, HU, IE, IT, LT, LU, LV, MT, NL, PL, PT, RO, SE, SI, SK)",EXT_EU27_2020,Extra-EU27 (from 2020),TOTAL,Total,1,IMPORT,QUANTITY_IN_100KG,QUANTITY_IN_100KG,2022,,16513897596.93,
dataflow,ESTAT:DS-045409(1.0),EU trade since 1988 by HS2-4-6 and CN8,A,Annual,EU27_2020,"European Union - 27 countries (AT, BE, BG, CY, CZ, DE, DK, EE, ES, FI, FR, GR, HR, HU, IE, IT, LT, LU, LV, MT, NL, PL, PT, RO, SE, SI, SK)",EXT_EU27_2020,Extra-EU27 (from 2020),TOTAL,Total,1,IMPORT,QUANTITY_IN_100KG,QUANTITY_IN_100KG,2023,,14982946456.42,
dataflow,ESTAT:DS-045409(1.0),EU trade since 1988 by HS2-4-6 and CN8,A,Annual,EU27_2020,"European Union - 27 countries (AT, BE, BG, CY, CZ, DE, DK, EE, ES, FI, FR, GR, HR, HU, IE, IT, LT, LU, LV, MT, NL, PL, PT, RO, SE, SI, SK)",EXT_EU27_2020,Extra-EU27 (from 2020),TOTAL,Total,1,IMPORT,QUANTITY_IN_100KG,QUANTITY_IN_100KG,2024,,14917391774.45,
dataflow,ESTAT:DS-045409(1.0),EU trade since 1988 by HS2-4-6 and CN8,A,Annual,EU27_2020,"European Union - 27 countries (AT, BE, BG, CY, CZ, DE, DK, EE, ES, FI, FR, GR, HR, HU, IE, IT, LT, LU, LV, MT, NL, PL, PT, RO, SE, SI, SK)",EXT_EU27_2020,Extra-EU27 (from 2020),TOTAL,Total,1,IMPORT,QUANTITY_IN_100KG,QUANTITY_IN_100KG,2025,,15020260624.05,
dataflow,ESTAT:DS-045409(1.0),EU trade since 1988 by HS2-4-6 and CN8,A,Annual,EU27_2020,"European Union - 27 countries (AT, BE, BG, CY, CZ, DE, DK, EE, ES, FI, FR, GR, HR, HU, IE, IT, LT, LU, LV, MT, NL, PL, PT, RO, SE, SI, SK)",EXT_EU27_2020,Extra-EU27 (from 2020),TOTAL,Total,1,IMPORT,VALUE_IN_EUROS,VALUE_IN_EUROS,2000,,988471101401,
dataflow,ESTAT:DS-045409(1.0),EU trade since 1988 by HS2-4-6 and CN8,A,Annual,EU27_2020,"European Union - 27 countries (AT, BE, BG, CY, CZ, DE, DK, EE, ES, FI, FR, GR, HR, HU, IE, IT, LT, LU, LV, MT, NL, PL, PT, RO, SE, SI, SK)",EXT_EU27_2020,Extra-EU27 (from 2020),TOTAL,Total,1,IMPORT,VALUE_IN_EUROS,VALUE_IN_EUROS,2001,,973247681775,
dataflow,ESTAT:DS-045409(1.0),EU trade since 1988 by HS2-4-6 and CN8,A,Annual,EU27_2020,"European Union - 27 countries (AT, BE, BG, CY, CZ, DE, DK, EE, ES, FI, FR, GR, HR, HU, IE, IT, LT, LU, LV, MT, NL, PL, PT, RO, SE, SI, SK)",EXT_EU27_2020,Extra-EU27 (from 2020),TOTAL,Total,1,IMPORT,VALUE_IN_EUROS,VALUE_IN_EUROS,2002,,940865868523,
dataflow,ESTAT:DS-045409(1.0),EU trade since 1988 by HS2-4-6 and CN8,A,Annual,EU27_2020,"European Union - 27 countries (AT, BE, BG, CY, CZ, DE, DK, EE, ES, FI, FR, GR, HR, HU, IE, IT, LT, LU, LV, MT, NL, PL, PT, RO, SE, SI, SK)",EXT_EU27_2020,Extra-EU27 (from 2020),TOTAL,Total,1,IMPORT,VALUE_IN_EUROS,VALUE_IN_EUROS,2003,,938330171018,
dataflow,ESTAT:DS-045409(1.0),EU trade since 1988 by HS2-4-6 and CN8,A,Annual,EU27_2020,"European Union - 27 countries (AT, BE, BG, CY, CZ, DE, DK, EE, ES, FI, FR, GR, HR, HU, IE, IT, LT, LU, LV, MT, NL, PL, PT, RO, SE, SI, SK)",EXT_EU27_2020,Extra-EU27 (from 2020),TOTAL,Total,1,IMPORT,VALUE_IN_EUROS,VALUE_IN_EUROS,2004,,1023482936785,
dataflow,ESTAT:DS-045409(1.0),EU trade since 1988 by HS2-4-6 and CN8,A,Annual,EU27_2020,"European Union - 27 countries (AT, BE, BG, CY, CZ, DE, DK, EE, ES, FI, FR, GR, HR, HU, IE, IT, LT, LU, LV, MT, NL, PL, PT, RO, SE, SI, SK)",EXT_EU27_2020,Extra-EU27 (from 2020),TOTAL,Total,1,IMPORT,VALUE_IN_EUROS,VALUE_IN_EUROS,2005,,1171392661524,
dataflow,ESTAT:DS-045409(1.0),EU trade since 1988 by HS2-4-6 and CN8,A,Annual,EU27_2020,"European Union - 27 countries (AT, BE, BG, CY, CZ, DE, DK, EE, ES, FI, FR, GR, HR, HU, IE, IT, LT, LU, LV, MT, NL, PL, PT, RO, SE, SI, SK)",EXT_EU27_2020,Extra-EU27 (from 2020),TOTAL,Total,1,IMPORT,VALUE_IN_EUROS,VALUE_IN_EUROS,2006,,1342703512275,
dataflow,ESTAT:DS-045409(1.0),EU trade since 1988 by HS2-4-6 and CN8,A,Annual,EU27_2020,"European Union - 27 countries (AT, BE, BG, CY, CZ, DE, DK, EE, ES, FI, FR, GR, HR, HU, IE, IT, LT, LU, LV, MT, NL, PL, PT, RO, SE, SI, SK)",EXT_EU27_2020,Extra-EU27 (from 2020),TOTAL,Total,1,IMPORT,VALUE_IN_EUROS,VALUE_IN_EUROS,2007,,1427744248466,
dataflow,ESTAT:DS-045409(1.0),EU trade since 1988 by HS2-4-6 and CN8,A,Annual,EU27_2020,"European Union - 27 countries (AT, BE, BG, CY, CZ, DE, DK, EE, ES, FI, FR, GR, HR, HU, IE, IT, LT, LU, LV, MT, NL, PL, PT, RO, SE, SI, SK)",EXT_EU27_2020,Extra-EU27 (from 2020),TOTAL,Total,1,IMPORT,VALUE_IN_EUROS,VALUE_IN_EUROS,2008,,1554636239581,
dataflow,ESTAT:DS-045409(1.0),EU trade since 1988 by HS2-4-6 and CN8,A,Annual,EU27_2020,"European Union - 27 countries (AT, BE, BG, CY, CZ, DE, DK, EE, ES, FI, FR, GR, HR, HU, IE, IT, LT, LU, LV, MT, NL, PL, PT, RO, SE, SI, SK)",EXT_EU27_2020,Extra-EU27 (from 2020),TOTAL,Total,1,IMPORT,VALUE_IN_EUROS,VALUE_IN_EUROS,2009,,1193316764323,
dataflow,ESTAT:DS-045409(1.0),EU trade since 1988 by HS2-4-6 and CN8,A,Annual,EU27_2020,"European Union - 27 countries (AT, BE, BG, CY, CZ, DE, DK, EE, ES, FI, FR, GR, HR, HU, IE, IT, LT, LU, LV, MT, NL, PL, PT, RO, SE, SI, SK)",EXT_EU27_2020,Extra-EU27 (from 2020),TOTAL,Total,1,IMPORT,VALUE_IN_EUROS,VALUE_IN_EUROS,2010,,1471032250842,
dataflow,ESTAT:DS-045409(1.0),EU trade since 1988 by HS2-4-6 and CN8,A,Annual,EU27_2020,"European Union - 27 countries (AT, BE, BG, CY, CZ, DE, DK, EE, ES, FI, FR, GR, HR, HU, IE, IT, LT, LU, LV, MT, NL, PL, PT, RO, SE, SI, SK)",EXT_EU27_2020,Extra-EU27 (from 2020),TOTAL,Total,1,IMPORT,VALUE_IN_EUROS,VALUE_IN_EUROS,2011,,1666126631511,
dataflow,ESTAT:DS-045409(1.0),EU trade since 1988 by HS2-4-6 and CN8,A,Annual,EU27_2020,"European Union - 27 countries (AT, BE, BG, CY, CZ, DE, DK, EE, ES, FI, FR, GR, HR, HU, IE, IT, LT, LU, LV, MT, NL, PL, PT, RO, SE, SI, SK)",EXT_EU27_2020,Extra-EU27 (from 2020),TOTAL,Total,1,IMPORT,VALUE_IN_EUROS,VALUE_IN_EUROS,2012,,1702497682945,
dataflow,ESTAT:DS-045409(1.0),EU trade since 1988 by HS2-4-6 and CN8,A,Annual,EU27_2020,"European Union - 27 countries (AT, BE, BG, CY, CZ, DE, DK, EE, ES, FI, FR, GR, HR, HU, IE, IT, LT, LU, LV, MT, NL, PL, PT, RO, SE, SI, SK)",EXT_EU27_2020,Extra-EU27 (from 2020),TOTAL,Total,1,IMPORT,VALUE_IN_EUROS,VALUE_IN_EUROS,2013,,1630762450221,
dataflow,ESTAT:DS-045409(1.0),EU trade since 1988 by HS2-4-6 and CN8,A,Annual,EU27_2020,"European Union - 27 countries (AT, BE, BG, CY, CZ, DE, DK, EE, ES, FI, FR, GR, HR, HU, IE, IT, LT, LU, LV, MT, NL, PL, PT, RO, SE, SI, SK)",EXT_EU27_2020,Extra-EU27 (from 2020),TOTAL,Total,1,IMPORT,VALUE_IN_EUROS,VALUE_IN_EUROS,2014,,1625384261154,
dataflow,ESTAT:DS-045409(1.0),EU trade since 1988 by HS2-4-6 and CN8,A,Annual,EU27_2020,"European Union - 27 countries (AT, BE, BG, CY, CZ, DE, DK, EE, ES, FI, FR, GR, HR, HU, IE, IT, LT, LU, LV, MT, NL, PL, PT, RO, SE, SI, SK)",EXT_EU27_2020,Extra-EU27 (from 2020),TOTAL,Total,1,IMPORT,VALUE_IN_EUROS,VALUE_IN_EUROS,2015,,1648094552684,
dataflow,ESTAT:DS-045409(1.0),EU trade since 1988 by HS2-4-6 and CN8,A,Annual,EU27_2020,"European Union - 27 countries (AT, BE, BG, CY, CZ, DE, DK, EE, ES, FI, FR, GR, HR, HU, IE, IT, LT, LU, LV, MT, NL, PL, PT, RO, SE, SI, SK)",EXT_EU27_2020,Extra-EU27 (from 2020),TOTAL,Total,1,IMPORT,VALUE_IN_EUROS,VALUE_IN_EUROS,2016,,1602417781682,
dataflow,ESTAT:DS-045409(1.0),EU trade since 1988 by HS2-4-6 and CN8,A,Annual,EU27_2020,"European Union - 27 countries (AT, BE, BG, CY, CZ, DE, DK, EE, ES, FI, FR, GR, HR, HU, IE, IT, LT, LU, LV, MT, NL, PL, PT, RO, SE, SI, SK)",EXT_EU27_2020,Extra-EU27 (from 2020),TOTAL,Total,1,IMPORT,VALUE_IN_EUROS,VALUE_IN_EUROS,2017,,1771944221650,
dataflow,ESTAT:DS-045409(1.0),EU trade since 1988 by HS2-4-6 and CN8,A,Annual,EU27_2020,"European Union - 27 countries (AT, BE, BG, CY, CZ, DE, DK, EE, ES, FI, FR, GR, HR, HU, IE, IT, LT, LU, LV, MT, NL, PL, PT, RO, SE, SI, SK)",EXT_EU27_2020,Extra-EU27 (from 2020),TOTAL,Total,1,IMPORT,VALUE_IN_EUROS,VALUE_IN_EUROS,2018,,1910413811964,
dataflow,ESTAT:DS-045409(1.0),EU trade since 1988 by HS2-4-6 and CN8,A,Annual,EU27_2020,"European Union - 27 countries (AT, BE, BG, CY, CZ, DE, DK, EE, ES, FI, FR, GR, HR, HU, IE, IT, LT, LU, LV, MT, NL, PL, PT, RO, SE, SI, SK)",EXT_EU27_2020,Extra-EU27 (from 2020),TOTAL,Total,1,IMPORT,VALUE_IN_EUROS,VALUE_IN_EUROS,2019,,1940369166084,
dataflow,ESTAT:DS-045409(1.0),EU trade since 1988 by HS2-4-6 and CN8,A,Annual,EU27_2020,"European Union - 27 countries (AT, BE, BG, CY, CZ, DE, DK, EE, ES, FI, FR, GR, HR, HU, IE, IT, LT, LU, LV, MT, NL, PL, PT, RO, SE, SI, SK)",EXT_EU27_2020,Extra-EU27 (from 2020),TOTAL,Total,1,IMPORT,VALUE_IN_EUROS,VALUE_IN_EUROS,2020,,1715118537893,
dataflow,ESTAT:DS-045409(1.0),EU trade since 1988 by HS2-4-6 and CN8,A,Annual,EU27_2020,"European Union - 27 countries (AT, BE, BG, CY, CZ, DE, DK, EE, ES, FI, FR, GR, HR, HU, IE, IT, LT, LU, LV, MT, NL, PL, PT, RO, SE, SI, SK)",EXT_EU27_2020,Extra-EU27 (from 2020),TOTAL,Total,1,IMPORT,VALUE_IN_EUROS,VALUE_IN_EUROS,2021,,2123271328473,
dataflow,ESTAT:DS-045409(1.0),EU trade since 1988 by HS2-4-6 and CN8,A,Annual,EU27_2020,"European Union - 27 countries (AT, BE, BG, CY, CZ, DE, DK, EE, ES, FI, FR, GR, HR, HU, IE, IT, LT, LU, LV, MT, NL, PL, PT, RO, SE, SI, SK)",EXT_EU27_2020,Extra-EU27 (from 2020),TOTAL,Total,1,IMPORT,VALUE_IN_EUROS,VALUE_IN_EUROS,2022,,3008523269154,
dataflow,ESTAT:DS-045409(1.0),EU trade since 1988 by HS2-4-6 and CN8,A,Annual,EU27_2020,"European Union - 27 countries (AT, BE, BG, CY, CZ, DE, DK, EE, ES, FI, FR, GR, HR, HU, IE, IT, LT, LU, LV, MT, NL, PL, PT, RO, SE, SI, SK)",EXT_EU27_2020,Extra-EU27 (from 2020),TOTAL,Total,1,IMPORT,VALUE_IN_EUROS,VALUE_IN_EUROS,2023,,2523861697798,
dataflow,ESTAT:DS-045409(1.0),EU trade since 1988 by HS2-4-6 and CN8,A,Annual,EU27_2020,"European Union - 27 countries (AT, BE, BG, CY, CZ, DE, DK, EE, ES, FI, FR, GR, HR, HU, IE, IT, LT, LU, LV, MT, NL, PL, PT, RO, SE, SI, SK)",EXT_EU27_2020,Extra-EU27 (from 2020),TOTAL,Total,1,IMPORT,VALUE_IN_EUROS,VALUE_IN_EUROS,2024,,2454142981164,
dataflow,ESTAT:DS-045409(1.0),EU trade since 1988 by HS2-4-6 and CN8,A,Annual,EU27_2020,"European Union - 27 countries (AT, BE, BG, CY, CZ, DE, DK, EE, ES, FI, FR, GR, HR, HU, IE, IT, LT, LU, LV, MT, NL, PL, PT, RO, SE, SI, SK)",EXT_EU27_2020,Extra-EU27 (from 2020),TOTAL,Total,1,IMPORT,VALUE_IN_EUROS,VALUE_IN_EUROS,2025,,2522606229415,
dataflow,ESTAT:DS-045409(1.0),EU trade since 1988 by HS2-4-6 and CN8,A,Annual,EU27_2020,"European Union - 27 countries (AT, BE, BG, CY, CZ, DE, DK, EE, ES, FI, FR, GR, HR, HU, IE, IT, LT, LU, LV, MT, NL, PL, PT, RO, SE, SI, SK)",EXT_EU27_2020,Extra-EU27 (from 2020),TOTAL,Total,2,EXPORT,QUANTITY_IN_100KG,QUANTITY_IN_100KG,2000,,4450329985.93,
dataflow,ESTAT:DS-045409(1.0),EU trade since 1988 by HS2-4-6 and CN8,A,Annual,EU27_2020,"European Union - 27 countries (AT, BE, BG, CY, CZ, DE, DK, EE, ES, FI, FR, GR, HR, HU, IE, IT, LT, LU, LV, MT, NL, PL, PT, RO, SE, SI, SK)",EXT_EU27_2020,Extra-EU27 (from 2020),TOTAL,Total,2,EXPORT,QUANTITY_IN_100KG,QUANTITY_IN_100KG,2001,,4419922952.18,
dataflow,ESTAT:DS-045409(1.0),EU trade since 1988 by HS2-4-6 and CN8,A,Annual,EU27_2020,"European Union - 27 countries (AT, BE, BG, CY, CZ, DE, DK, EE, ES, FI, FR, GR, HR, HU, IE, IT, LT, LU, LV, MT, NL, PL, PT, RO, SE, SI, SK)",EXT_EU27_2020,Extra-EU27 (from 2020),TOTAL,Total,2,EXPORT,QUANTITY_IN_100KG,QUANTITY_IN_100KG,2002,,4670493781.95,
dataflow,ESTAT:DS-045409(1.0),EU trade since 1988 by HS2-4-6 and CN8,A,Annual,EU27_2020,"European Union - 27 countries (AT, BE, BG, CY, CZ, DE, DK, EE, ES, FI, FR, GR, HR, HU, IE, IT, LT, LU, LV, MT, NL, PL, PT, RO, SE, SI, SK)",EXT_EU27_2020,Extra-EU27 (from 2020),TOTAL,Total,2,EXPORT,QUANTITY_IN_100KG,QUANTITY_IN_100KG,2003,,4798668054.60,
dataflow,ESTAT:DS-045409(1.0),EU trade since 1988 by HS2-4-6 and CN8,A,Annual,EU27_2020,"European Union - 27 countries (AT, BE, BG, CY, CZ, DE, DK, EE, ES, FI, FR, GR, HR, HU, IE, IT, LT, LU, LV, MT, NL, PL, PT, RO, SE, SI, SK)",EXT_EU27_2020,Extra-EU27 (from 2020),TOTAL,Total,2,EXPORT,QUANTITY_IN_100KG,QUANTITY_IN_100KG,2004,,5093182720.42,
dataflow,ESTAT:DS-045409(1.0),EU trade since 1988 by HS2-4-6 and CN8,A,Annual,EU27_2020,"European Union - 27 countries (AT, BE, BG, CY, CZ, DE, DK, EE, ES, FI, FR, GR, HR, HU, IE, IT, LT, LU, LV, MT, NL, PL, PT, RO, SE, SI, SK)",EXT_EU27_2020,Extra-EU27 (from 2020),TOTAL,Total,2,EXPORT,QUANTITY_IN_100KG,QUANTITY_IN_100KG,2005,,5375619729.95,
dataflow,ESTAT:DS-045409(1.0),EU trade since 1988 by HS2-4-6 and CN8,A,Annual,EU27_2020,"European Union - 27 countries (AT, BE, BG, CY, CZ, DE, DK, EE, ES, FI, FR, GR, HR, HU, IE, IT, LT, LU, LV, MT, NL, PL, PT, RO, SE, SI, SK)",EXT_EU27_2020,Extra-EU27 (from 2020),TOTAL,Total,2,EXPORT,QUANTITY_IN_100KG,QUANTITY_IN_100KG,2006,,5579426746.86,
dataflow,ESTAT:DS-045409(1.0),EU trade since 1988 by HS2-4-6 and CN8,A,Annual,EU27_2020,"European Union - 27 countries (AT, BE, BG, CY, CZ, DE, DK, EE, ES, FI, FR, GR, HR, HU, IE, IT, LT, LU, LV, MT, NL, PL, PT, RO, SE, SI, SK)",EXT_EU27_2020,Extra-EU27 (from 2020),TOTAL,Total,2,EXPORT,QUANTITY_IN_100KG,QUANTITY_IN_100KG,2007,,5720275496.47,
dataflow,ESTAT:DS-045409(1.0),EU trade since 1988 by HS2-4-6 and CN8,A,Annual,EU27_2020,"European Union - 27 countries (AT, BE, BG, CY, CZ, DE, DK, EE, ES, FI, FR, GR, HR, HU, IE, IT, LT, LU, LV, MT, NL, PL, PT, RO, SE, SI, SK)",EXT_EU27_2020,Extra-EU27 (from 2020),TOTAL,Total,2,EXPORT,QUANTITY_IN_100KG,QUANTITY_IN_100KG,2008,,5841181703.41,
dataflow,ESTAT:DS-045409(1.0),EU trade since 1988 by HS2-4-6 and CN8,A,Annual,EU27_2020,"European Union - 27 countries (AT, BE, BG, CY, CZ, DE, DK, EE, ES, FI, FR, GR, HR, HU, IE, IT, LT, LU, LV, MT, NL, PL, PT, RO, SE, SI, SK)",EXT_EU27_2020,Extra-EU27 (from 2020),TOTAL,Total,2,EXPORT,QUANTITY_IN_100KG,QUANTITY_IN_100KG,2009,,5538484620.24,
dataflow,ESTAT:DS-045409(1.0),EU trade since 1988 by HS2-4-6 and CN8,A,Annual,EU27_2020,"European Union - 27 countries (AT, BE, BG, CY, CZ, DE, DK, EE, ES, FI, FR, GR, HR, HU, IE, IT, LT, LU, LV, MT, NL, PL, PT, RO, SE, SI, SK)",EXT_EU27_2020,Extra-EU27 (from 2020),TOTAL,Total,2,EXPORT,QUANTITY_IN_100KG,QUANTITY_IN_100KG,2010,,6130723729.07,
dataflow,ESTAT:DS-045409(1.0),EU trade since 1988 by HS2-4-6 and CN8,A,Annual,EU27_2020,"European Union - 27 countries (AT, BE, BG, CY, CZ, DE, DK, EE, ES, FI, FR, GR, HR, HU, IE, IT, LT, LU, LV, MT, NL, PL, PT, RO, SE, SI, SK)",EXT_EU27_2020,Extra-EU27 (from 2020),TOTAL,Total,2,EXPORT,QUANTITY_IN_100KG,QUANTITY_IN_100KG,2011,,6344047901.45,
dataflow,ESTAT:DS-045409(1.0),EU trade since 1988 by HS2-4-6 and CN8,A,Annual,EU27_2020,"European Union - 27 countries (AT, BE, BG, CY, CZ, DE, DK, EE, ES, FI, FR, GR, HR, HU, IE, IT, LT, LU, LV, MT, NL, PL, PT, RO, SE, SI, SK)",EXT_EU27_2020,Extra-EU27 (from 2020),TOTAL,Total,2,EXPORT,QUANTITY_IN_100KG,QUANTITY_IN_100KG,2012,,6768657184.31,
dataflow,ESTAT:DS-045409(1.0),EU trade since 1988 by HS2-4-6 and CN8,A,Annual,EU27_2020,"European Union - 27 countries (AT, BE, BG, CY, CZ, DE, DK, EE, ES, FI, FR, GR, HR, HU, IE, IT, LT, LU, LV, MT, NL, PL, PT, RO, SE, SI, SK)",EXT_EU27_2020,Extra-EU27 (from 2020),TOTAL,Total,2,EXPORT,QUANTITY_IN_100KG,QUANTITY_IN_100KG,2013,,7075639406.32,
dataflow,ESTAT:DS-045409(1.0),EU trade since 1988 by HS2-4-6 and CN8,A,Annual,EU27_2020,"European Union - 27 countries (AT, BE, BG, CY, CZ, DE, DK, EE, ES, FI, FR, GR, HR, HU, IE, IT, LT, LU, LV, MT, NL, PL, PT, RO, SE, SI, SK)",EXT_EU27_2020,Extra-EU27 (from 2020),TOTAL,Total,2,EXPORT,QUANTITY_IN_100KG,QUANTITY_IN_100KG,2014,,7176415566.44,
dataflow,ESTAT:DS-045409(1.0),EU trade since 1988 by HS2-4-6 and CN8,A,Annual,EU27_2020,"European Union - 27 countries (AT, BE, BG, CY, CZ, DE, DK, EE, ES, FI, FR, GR, HR, HU, IE, IT, LT, LU, LV, MT, NL, PL, PT, RO, SE, SI, SK)",EXT_EU27_2020,Extra-EU27 (from 2020),TOTAL,Total,2,EXPORT,QUANTITY_IN_100KG,QUANTITY_IN_100KG,2015,,7214565472.42,
dataflow,ESTAT:DS-045409(1.0),EU trade since 1988 by HS2-4-6 and CN8,A,Annual,EU27_2020,"European Union - 27 countries (AT, BE, BG, CY, CZ, DE, DK, EE, ES, FI, FR, GR, HR, HU, IE, IT, LT, LU, LV, MT, NL, PL, PT, RO, SE, SI, SK)",EXT_EU27_2020,Extra-EU27 (from 2020),TOTAL,Total,2,EXPORT,QUANTITY_IN_100KG,QUANTITY_IN_100KG,2016,,7446391890.09,
dataflow,ESTAT:DS-045409(1.0),EU trade since 1988 by HS2-4-6 and CN8,A,Annual,EU27_2020,"European Union - 27 countries (AT, BE, BG, CY, CZ, DE, DK, EE, ES, FI, FR, GR, HR, HU, IE, IT, LT, LU, LV, MT, NL, PL, PT, RO, SE, SI, SK)",EXT_EU27_2020,Extra-EU27 (from 2020),TOTAL,Total,2,EXPORT,QUANTITY_IN_100KG,QUANTITY_IN_100KG,2017,,7699304802.84,
dataflow,ESTAT:DS-045409(1.0),EU trade since 1988 by HS2-4-6 and CN8,A,Annual,EU27_2020,"European Union - 27 countries (AT, BE, BG, CY, CZ, DE, DK, EE, ES, FI, FR, GR, HR, HU, IE, IT, LT, LU, LV, MT, NL, PL, PT, RO, SE, SI, SK)",EXT_EU27_2020,Extra-EU27 (from 2020),TOTAL,Total,2,EXPORT,QUANTITY_IN_100KG,QUANTITY_IN_100KG,2018,,7506075738.13,
dataflow,ESTAT:DS-045409(1.0),EU trade since 1988 by HS2-4-6 and CN8,A,Annual,EU27_2020,"European Union - 27 countries (AT, BE, BG, CY, CZ, DE, DK, EE, ES, FI, FR, GR, HR, HU, IE, IT, LT, LU, LV, MT, NL, PL, PT, RO, SE, SI, SK)",EXT_EU27_2020,Extra-EU27 (from 2020),TOTAL,Total,2,EXPORT,QUANTITY_IN_100KG,QUANTITY_IN_100KG,2019,,7487257304.92,
dataflow,ESTAT:DS-045409(1.0),EU trade since 1988 by HS2-4-6 and CN8,A,Annual,EU27_2020,"European Union - 27 countries (AT, BE, BG, CY, CZ, DE, DK, EE, ES, FI, FR, GR, HR, HU, IE, IT, LT, LU, LV, MT, NL, PL, PT, RO, SE, SI, SK)",EXT_EU27_2020,Extra-EU27 (from 2020),TOTAL,Total,2,EXPORT,QUANTITY_IN_100KG,QUANTITY_IN_100KG,2020,,7198252413.58,
dataflow,ESTAT:DS-045409(1.0),EU trade since 1988 by HS2-4-6 and CN8,A,Annual,EU27_2020,"European Union - 27 countries (AT, BE, BG, CY, CZ, DE, DK, EE, ES, FI, FR, GR, HR, HU, IE, IT, LT, LU, LV, MT, NL, PL, PT, RO, SE, SI, SK)",EXT_EU27_2020,Extra-EU27 (from 2020),TOTAL,Total,2,EXPORT,QUANTITY_IN_100KG,QUANTITY_IN_100KG,2021,,7460960371.61,
dataflow,ESTAT:DS-045409(1.0),EU trade since 1988 by HS2-4-6 and CN8,A,Annual,EU27_2020,"European Union - 27 countries (AT, BE, BG, CY, CZ, DE, DK, EE, ES, FI, FR, GR, HR, HU, IE, IT, LT, LU, LV, MT, NL, PL, PT, RO, SE, SI, SK)",EXT_EU27_2020,Extra-EU27 (from 2020),TOTAL,Total,2,EXPORT,QUANTITY_IN_100KG,QUANTITY_IN_100KG,2022,,6922730928.92,
dataflow,ESTAT:DS-045409(1.0),EU trade since 1988 by HS2-4-6 and CN8,A,Annual,EU27_2020,"European Union - 27 countries (AT, BE, BG, CY, CZ, DE, DK, EE, ES, FI, FR, GR, HR, HU, IE, IT, LT, LU, LV, MT, NL, PL, PT, RO, SE, SI, SK)",EXT_EU27_2020,Extra-EU27 (from 2020),TOTAL,Total,2,EXPORT,QUANTITY_IN_100KG,QUANTITY_IN_100KG,2023,,6705045377.84,
dataflow,ESTAT:DS-045409(1.0),EU trade since 1988 by HS2-4-6 and CN8,A,Annual,EU27_2020,"European Union - 27 countries (AT, BE, BG, CY, CZ, DE, DK, EE, ES, FI, FR, GR, HR, HU, IE, IT, LT, LU, LV, MT, NL, PL, PT, RO, SE, SI, SK)",EXT_EU27_2020,Extra-EU27 (from 2020),TOTAL,Total,2,EXPORT,QUANTITY_IN_100KG,QUANTITY_IN_100KG,2024,,6607227817.02,
dataflow,ESTAT:DS-045409(1.0),EU trade since 1988 by HS2-4-6 and CN8,A,Annual,EU27_2020,"European Union - 27 countries (AT, BE, BG, CY, CZ, DE, DK, EE, ES, FI, FR, GR, HR, HU, IE, IT, LT, LU, LV, MT, NL, PL, PT, RO, SE, SI, SK)",EXT_EU27_2020,Extra-EU27 (from 2020),TOTAL,Total,2,EXPORT,QUANTITY_IN_100KG,QUANTITY_IN_100KG,2025,,6494241842.80,
dataflow,ESTAT:DS-045409(1.0),EU trade since 1988 by HS2-4-6 and CN8,A,Annual,EU27_2020,"European Union - 27 countries (AT, BE, BG, CY, CZ, DE, DK, EE, ES, FI, FR, GR, HR, HU, IE, IT, LT, LU, LV, MT, NL, PL, PT, RO, SE, SI, SK)",EXT_EU27_2020,Extra-EU27 (from 2020),TOTAL,Total,2,EXPORT,VALUE_IN_EUROS,VALUE_IN_EUROS,2000,,928630560748,
dataflow,ESTAT:DS-045409(1.0),EU trade since 1988 by HS2-4-6 and CN8,A,Annual,EU27_2020,"European Union - 27 countries (AT, BE, BG, CY, CZ, DE, DK, EE, ES, FI, FR, GR, HR, HU, IE, IT, LT, LU, LV, MT, NL, PL, PT, RO, SE, SI, SK)",EXT_EU27_2020,Extra-EU27 (from 2020),TOTAL,Total,2,EXPORT,VALUE_IN_EUROS,VALUE_IN_EUROS,2001,,980780995595,
dataflow,ESTAT:DS-045409(1.0),EU trade since 1988 by HS2-4-6 and CN8,A,Annual,EU27_2020,"European Union - 27 countries (AT, BE, BG, CY, CZ, DE, DK, EE, ES, FI, FR, GR, HR, HU, IE, IT, LT, LU, LV, MT, NL, PL, PT, RO, SE, SI, SK)",EXT_EU27_2020,Extra-EU27 (from 2020),TOTAL,Total,2,EXPORT,VALUE_IN_EUROS,VALUE_IN_EUROS,2002,,999452762560,
dataflow,ESTAT:DS-045409(1.0),EU trade since 1988 by HS2-4-6 and CN8,A,Annual,EU27_2020,"European Union - 27 countries (AT, BE, BG, CY, CZ, DE, DK, EE, ES, FI, FR, GR, HR, HU, IE, IT, LT, LU, LV, MT, NL, PL, PT, RO, SE, SI, SK)",EXT_EU27_2020,Extra-EU27 (from 2020),TOTAL,Total,2,EXPORT,VALUE_IN_EUROS,VALUE_IN_EUROS,2003,,968096280137,
dataflow,ESTAT:DS-045409(1.0),EU trade since 1988 by HS2-4-6 and CN8,A,Annual,EU27_2020,"European Union - 27 countries (AT, BE, BG, CY, CZ, DE, DK, EE, ES, FI, FR, GR, HR, HU, IE, IT, LT, LU, LV, MT, NL, PL, PT, RO, SE, SI, SK)",EXT_EU27_2020,Extra-EU27 (from 2020),TOTAL,Total,2,EXPORT,VALUE_IN_EUROS,VALUE_IN_EUROS,2004,,1060939356622,
dataflow,ESTAT:DS-045409(1.0),EU trade since 1988 by HS2-4-6 and CN8,A,Annual,EU27_2020,"European Union - 27 countries (AT, BE, BG, CY, CZ, DE, DK, EE, ES, FI, FR, GR, HR, HU, IE, IT, LT, LU, LV, MT, NL, PL, PT, RO, SE, SI, SK)",EXT_EU27_2020,Extra-EU27 (from 2020),TOTAL,Total,2,EXPORT,VALUE_IN_EUROS,VALUE_IN_EUROS,2005,,1143975337510,
dataflow,ESTAT:DS-045409(1.0),EU trade since 1988 by HS2-4-6 and CN8,A,Annual,EU27_2020,"European Union - 27 countries (AT, BE, BG, CY, CZ, DE, DK, EE, ES, FI, FR, GR, HR, HU, IE, IT, LT, LU, LV, MT, NL, PL, PT, RO, SE, SI, SK)",EXT_EU27_2020,Extra-EU27 (from 2020),TOTAL,Total,2,EXPORT,VALUE_IN_EUROS,VALUE_IN_EUROS,2006,,1266518038782,
dataflow,ESTAT:DS-045409(1.0),EU trade since 1988 by HS2-4-6 and CN8,A,Annual,EU27_2020,"European Union - 27 countries (AT, BE, BG, CY, CZ, DE, DK, EE, ES, FI, FR, GR, HR, HU, IE, IT, LT, LU, LV, MT, NL, PL, PT, RO, SE, SI, SK)",EXT_EU27_2020,Extra-EU27 (from 2020),TOTAL,Total,2,EXPORT,VALUE_IN_EUROS,VALUE_IN_EUROS,2007,,1361375819807,
dataflow,ESTAT:DS-045409(1.0),EU trade since 1988 by HS2-4-6 and CN8,A,Annual,EU27_2020,"European Union - 27 countries (AT, BE, BG, CY, CZ, DE, DK, EE, ES, FI, FR, GR, HR, HU, IE, IT, LT, LU, LV, MT, NL, PL, PT, RO, SE, SI, SK)",EXT_EU27_2020,Extra-EU27 (from 2020),TOTAL,Total,2,EXPORT,VALUE_IN_EUROS,VALUE_IN_EUROS,2008,,1420848771070,
dataflow,ESTAT:DS-045409(1.0),EU trade since 1988 by HS2-4-6 and CN8,A,Annual,EU27_2020,"European Union - 27 countries (AT, BE, BG, CY, CZ, DE, DK, EE, ES, FI, FR, GR, HR, HU, IE, IT, LT, LU, LV, MT, NL, PL, PT, RO, SE, SI, SK)",EXT_EU27_2020,Extra-EU27 (from 2020),TOTAL,Total,2,EXPORT,VALUE_IN_EUROS,VALUE_IN_EUROS,2009,,1184116688144,
dataflow,ESTAT:DS-045409(1.0),EU trade since 1988 by HS2-4-6 and CN8,A,Annual,EU27_2020,"European Union - 27 countries (AT, BE, BG, CY, CZ, DE, DK, EE, ES, FI, FR, GR, HR, HU, IE, IT, LT, LU, LV, MT, NL, PL, PT, RO, SE, SI, SK)",EXT_EU27_2020,Extra-EU27 (from 2020),TOTAL,Total,2,EXPORT,VALUE_IN_EUROS,VALUE_IN_EUROS,2010,,1435577806995,
dataflow,ESTAT:DS-045409(1.0),EU trade since 1988 by HS2-4-6 and CN8,A,Annual,EU27_2020,"European Union - 27 countries (AT, BE, BG, CY, CZ, DE, DK, EE, ES, FI, FR, GR, HR, HU, IE, IT, LT, LU, LV, MT, NL, PL, PT, RO, SE, SI, SK)",EXT_EU27_2020,Extra-EU27 (from 2020),TOTAL,Total,2,EXPORT,VALUE_IN_EUROS,VALUE_IN_EUROS,2011,,1624461104366,
dataflow,ESTAT:DS-045409(1.0),EU trade since 1988 by HS2-4-6 and CN8,A,Annual,EU27_2020,"European Union - 27 countries (AT, BE, BG, CY, CZ, DE, DK, EE, ES, FI, FR, GR, HR, HU, IE, IT, LT, LU, LV, MT, NL, PL, PT, RO, SE, SI, SK)",EXT_EU27_2020,Extra-EU27 (from 2020),TOTAL,Total,2,EXPORT,VALUE_IN_EUROS,VALUE_IN_EUROS,2012,,1770879784419,
dataflow,ESTAT:DS-045409(1.0),EU trade since 1988 by HS2-4-6 and CN8,A,Annual,EU27_2020,"European Union - 27 countries (AT, BE, BG, CY, CZ, DE, DK, EE, ES, FI, FR, GR, HR, HU, IE, IT, LT, LU, LV, MT, NL, PL, PT, RO, SE, SI, SK)",EXT_EU27_2020,Extra-EU27 (from 2020),TOTAL,Total,2,EXPORT,VALUE_IN_EUROS,VALUE_IN_EUROS,2013,,1780131780104,
dataflow,ESTAT:DS-045409(1.0),EU trade since 1988 by HS2-4-6 and CN8,A,Annual,EU27_2020,"European Union - 27 countries (AT, BE, BG, CY, CZ, DE, DK, EE, ES, FI, FR, GR, HR, HU, IE, IT, LT, LU, LV, MT, NL, PL, PT, RO, SE, SI, SK)",EXT_EU27_2020,Extra-EU27 (from 2020),TOTAL,Total,2,EXPORT,VALUE_IN_EUROS,VALUE_IN_EUROS,2014,,1796783656685,
dataflow,ESTAT:DS-045409(1.0),EU trade since 1988 by HS2-4-6 and CN8,A,Annual,EU27_2020,"European Union - 27 countries (AT, BE, BG, CY, CZ, DE, DK, EE, ES, FI, FR, GR, HR, HU, IE, IT, LT, LU, LV, MT, NL, PL, PT, RO, SE, SI, SK)",EXT_EU27_2020,Extra-EU27 (from 2020),TOTAL,Total,2,EXPORT,VALUE_IN_EUROS,VALUE_IN_EUROS,2015,,1876310887090,
dataflow,ESTAT:DS-045409(1.0),EU trade since 1988 by HS2-4-6 and CN8,A,Annual,EU27_2020,"European Union - 27 countries (AT, BE, BG, CY, CZ, DE, DK, EE, ES, FI, FR, GR, HR, HU, IE, IT, LT, LU, LV, MT, NL, PL, PT, RO, SE, SI, SK)",EXT_EU27_2020,Extra-EU27 (from 2020),TOTAL,Total,2,EXPORT,VALUE_IN_EUROS,VALUE_IN_EUROS,2016,,1866819615238,
dataflow,ESTAT:DS-045409(1.0),EU trade since 1988 by HS2-4-6 and CN8,A,Annual,EU27_2020,"European Union - 27 countries (AT, BE, BG, CY, CZ, DE, DK, EE, ES, FI, FR, GR, HR, HU, IE, IT, LT, LU, LV, MT, NL, PL, PT, RO, SE, SI, SK)",EXT_EU27_2020,Extra-EU27 (from 2020),TOTAL,Total,2,EXPORT,VALUE_IN_EUROS,VALUE_IN_EUROS,2017,,1994149030645,
dataflow,ESTAT:DS-045409(1.0),EU trade since 1988 by HS2-4-6 and CN8,A,Annual,EU27_2020,"European Union - 27 countries (AT, BE, BG, CY, CZ, DE, DK, EE, ES, FI, FR, GR, HR, HU, IE, IT, LT, LU, LV, MT, NL, PL, PT, RO, SE, SI, SK)",EXT_EU27_2020,Extra-EU27 (from 2020),TOTAL,Total,2,EXPORT,VALUE_IN_EUROS,VALUE_IN_EUROS,2018,,2058469742912,
dataflow,ESTAT:DS-045409(1.0),EU trade since 1988 by HS2-4-6 and CN8,A,Annual,EU27_2020,"European Union - 27 countries (AT, BE, BG, CY, CZ, DE, DK, EE, ES, FI, FR, GR, HR, HU, IE, IT, LT, LU, LV, MT, NL, PL, PT, RO, SE, SI, SK)",EXT_EU27_2020,Extra-EU27 (from 2020),TOTAL,Total,2,EXPORT,VALUE_IN_EUROS,VALUE_IN_EUROS,2019,,2132048081411,
dataflow,ESTAT:DS-045409(1.0),EU trade since 1988 by HS2-4-6 and CN8,A,Annual,EU27_2020,"European Union - 27 countries (AT, BE, BG, CY, CZ, DE, DK, EE, ES, FI, FR, GR, HR, HU, IE, IT, LT, LU, LV, MT, NL, PL, PT, RO, SE, SI, SK)",EXT_EU27_2020,Extra-EU27 (from 2020),TOTAL,Total,2,EXPORT,VALUE_IN_EUROS,VALUE_IN_EUROS,2020,,1932076311936,
dataflow,ESTAT:DS-045409(1.0),EU trade since 1988 by HS2-4-6 and CN8,A,Annual,EU27_2020,"European Union - 27 countries (AT, BE, BG, CY, CZ, DE, DK, EE, ES, FI, FR, GR, HR, HU, IE, IT, LT, LU, LV, MT, NL, PL, PT, RO, SE, SI, SK)",EXT_EU27_2020,Extra-EU27 (from 2020),TOTAL,Total,2,EXPORT,VALUE_IN_EUROS,VALUE_IN_EUROS,2021,,2180663786938,
dataflow,ESTAT:DS-045409(1.0),EU trade since 1988 by HS2-4-6 and CN8,A,Annual,EU27_2020,"European Union - 27 countries (AT, BE, BG, CY, CZ, DE, DK, EE, ES, FI, FR, GR, HR, HU, IE, IT, LT, LU, LV, MT, NL, PL, PT, RO, SE, SI, SK)",EXT_EU27_2020,Extra-EU27 (from 2020),TOTAL,Total,2,EXPORT,VALUE_IN_EUROS,VALUE_IN_EUROS,2022,,2576575918748,
dataflow,ESTAT:DS-045409(1.0),EU trade since 1988 by HS2-4-6 and CN8,A,Annual,EU27_2020,"European Union - 27 countries (AT, BE, BG, CY, CZ, DE, DK, EE, ES, FI, FR, GR, HR, HU, IE, IT, LT, LU, LV, MT, NL, PL, PT, RO, SE, SI, SK)",EXT_EU27_2020,Extra-EU27 (from 2020),TOTAL,Total,2,EXPORT,VALUE_IN_EUROS,VALUE_IN_EUROS,2023,,2565988110050,
dataflow,ESTAT:DS-045409(1.0),EU trade since 1988 by HS2-4-6 and CN8,A,Annual,EU27_2020,"European Union - 27 countries (AT, BE, BG, CY, CZ, DE, DK, EE, ES, FI, FR, GR, HR, HU, IE, IT, LT, LU, LV, MT, NL, PL, PT, RO, SE, SI, SK)",EXT_EU27_2020,Extra-EU27 (from 2020),TOTAL,Total,2,EXPORT,VALUE_IN_EUROS,VALUE_IN_EUROS,2024,,2594396644092,
dataflow,ESTAT:DS-045409(1.0),EU trade since 1988 by HS2-4-6 and CN8,A,Annual,EU27_2020,"European Union - 27 countries (AT, BE, BG, CY, CZ, DE, DK, EE, ES, FI, FR, GR, HR, HU, IE, IT, LT, LU, LV, MT, NL, PL, PT, RO, SE, SI, SK)",EXT_EU27_2020,Extra-EU27 (from 2020),TOTAL,Total,2,EXPORT,VALUE_IN_EUROS,VALUE_IN_EUROS,2025,,2644414217672,
dataflow,ESTAT:DS-045409(1.0),EU trade since 1988 by HS2-4-6 and CN8,A,Annual,EU27_2020,"European Union - 27 countries (AT, BE, BG, CY, CZ, DE, DK, EE, ES, FI, FR, GR, HR, HU, IE, IT, LT, LU, LV, MT, NL, PL, PT, RO, SE, SI, SK)",INT_EU27_2020,Intra-EU27 (from 2020),853950,"Light-emitting diode ""LED"" lamps",1,IMPORT,QUANTITY_IN_100KG,QUANTITY_IN_100KG,2017,,226869.35,
dataflow,ESTAT:DS-045409(1.0),EU trade since 1988 by HS2-4-6 and CN8,A,Annual,EU27_2020,"European Union - 27 countries (AT, BE, BG, CY, CZ, DE, DK, EE, ES, FI, FR, GR, HR, HU, IE, IT, LT, LU, LV, MT, NL, PL, PT, RO, SE, SI, SK)",INT_EU27_2020,Intra-EU27 (from 2020),853950,"Light-emitting diode ""LED"" lamps",1,IMPORT,QUANTITY_IN_100KG,QUANTITY_IN_100KG,2018,,263619.21,
dataflow,ESTAT:DS-045409(1.0),EU trade since 1988 by HS2-4-6 and CN8,A,Annual,EU27_2020,"European Union - 27 countries (AT, BE, BG, CY, CZ, DE, DK, EE, ES, FI, FR, GR, HR, HU, IE, IT, LT, LU, LV, MT, NL, PL, PT, RO, SE, SI, SK)",INT_EU27_2020,Intra-EU27 (from 2020),853950,"Light-emitting diode ""LED"" lamps",1,IMPORT,QUANTITY_IN_100KG,QUANTITY_IN_100KG,2019,,274473.19,
dataflow,ESTAT:DS-045409(1.0),EU trade since 1988 by HS2-4-6 and CN8,A,Annual,EU27_2020,"European Union - 27 countries (AT, BE, BG, CY, CZ, DE, DK, EE, ES, FI, FR, GR, HR, HU, IE, IT, LT, LU, LV, MT, NL, PL, PT, RO, SE, SI, SK)",INT_EU27_2020,Intra-EU27 (from 2020),853950,"Light-emitting diode ""LED"" lamps",1,IMPORT,QUANTITY_IN_100KG,QUANTITY_IN_100KG,2020,,273038.75,
dataflow,ESTAT:DS-045409(1.0),EU trade since 1988 by HS2-4-6 and CN8,A,Annual,EU27_2020,"European Union - 27 countries (AT, BE, BG, CY, CZ, DE, DK, EE, ES, FI, FR, GR, HR, HU, IE, IT, LT, LU, LV, MT, NL, PL, PT, RO, SE, SI, SK)",INT_EU27_2020,Intra-EU27 (from 2020),853950,"Light-emitting diode ""LED"" lamps",1,IMPORT,QUANTITY_IN_100KG,QUANTITY_IN_100KG,2021,,340506.80,
dataflow,ESTAT:DS-045409(1.0),EU trade since 1988 by HS2-4-6 and CN8,A,Annual,EU27_2020,"European Union - 27 countries (AT, BE, BG, CY, CZ, DE, DK, EE, ES, FI, FR, GR, HR, HU, IE, IT, LT, LU, LV, MT, NL, PL, PT, RO, SE, SI, SK)",INT_EU27_2020,Intra-EU27 (from 2020),853950,"Light-emitting diode ""LED"" lamps",1,IMPORT,VALUE_IN_EUROS,VALUE_IN_EUROS,2017,,567347819,
dataflow,ESTAT:DS-045409(1.0),EU trade since 1988 by HS2-4-6 and CN8,A,Annual,EU27_2020,"European Union - 27 countries (AT, BE, BG, CY, CZ, DE, DK, EE, ES, FI, FR, GR, HR, HU, IE, IT, LT, LU, LV, MT, NL, PL, PT, RO, SE, SI, SK)",INT_EU27_2020,Intra-EU27 (from 2020),853950,"Light-emitting diode ""LED"" lamps",1,IMPORT,VALUE_IN_EUROS,VALUE_IN_EUROS,2018,,695230178,
dataflow,ESTAT:DS-045409(1.0),EU trade since 1988 by HS2-4-6 and CN8,A,Annual,EU27_2020,"European Union - 27 countries (AT, BE, BG, CY, CZ, DE, DK, EE, ES, FI, FR, GR, HR, HU, IE, IT, LT, LU, LV, MT, NL, PL, PT, RO, SE, SI, SK)",INT_EU27_2020,Intra-EU27 (from 2020),853950,"Light-emitting diode ""LED"" lamps",1,IMPORT,VALUE_IN_EUROS,VALUE_IN_EUROS,2019,,792739956,
dataflow,ESTAT:DS-045409(1.0),EU trade since 1988 by HS2-4-6 and CN8,A,Annual,EU27_2020,"European Union - 27 countries (AT, BE, BG, CY, CZ, DE, DK, EE, ES, FI, FR, GR, HR, HU, IE, IT, LT, LU, LV, MT, NL, PL, PT, RO, SE, SI, SK)",INT_EU27_2020,Intra-EU27 (from 2020),853950,"Light-emitting diode ""LED"" lamps",1,IMPORT,VALUE_IN_EUROS,VALUE_IN_EUROS,2020,,826182173,
dataflow,ESTAT:DS-045409(1.0),EU trade since 1988 by HS2-4-6 and CN8,A,Annual,EU27_2020,"European Union - 27 countries (AT, BE, BG, CY, CZ, DE, DK, EE, ES, FI, FR, GR, HR, HU, IE, IT, LT, LU, LV, MT, NL, PL, PT, RO, SE, SI, SK)",INT_EU27_2020,Intra-EU27 (from 2020),853950,"Light-emitting diode ""LED"" lamps",1,IMPORT,VALUE_IN_EUROS,VALUE_IN_EUROS,2021,,969247197,
dataflow,ESTAT:DS-045409(1.0),EU trade since 1988 by HS2-4-6 and CN8,A,Annual,EU27_2020,"European Union - 27 countries (AT, BE, BG, CY, CZ, DE, DK, EE, ES, FI, FR, GR, HR, HU, IE, IT, LT, LU, LV, MT, NL, PL, PT, RO, SE, SI, SK)",INT_EU27_2020,Intra-EU27 (from 2020),853950,"Light-emitting diode ""LED"" lamps",2,EXPORT,QUANTITY_IN_100KG,QUANTITY_IN_100KG,2017,,194719.33,
dataflow,ESTAT:DS-045409(1.0),EU trade since 1988 by HS2-4-6 and CN8,A,Annual,EU27_2020,"European Union - 27 countries (AT, BE, BG, CY, CZ, DE, DK, EE, ES, FI, FR, GR, HR, HU, IE, IT, LT, LU, LV, MT, NL, PL, PT, RO, SE, SI, SK)",INT_EU27_2020,Intra-EU27 (from 2020),853950,"Light-emitting diode ""LED"" lamps",2,EXPORT,QUANTITY_IN_100KG,QUANTITY_IN_100KG,2018,,241991.57,
dataflow,ESTAT:DS-045409(1.0),EU trade since 1988 by HS2-4-6 and CN8,A,Annual,EU27_2020,"European Union - 27 countries (AT, BE, BG, CY, CZ, DE, DK, EE, ES, FI, FR, GR, HR, HU, IE, IT, LT, LU, LV, MT, NL, PL, PT, RO, SE, SI, SK)",INT_EU27_2020,Intra-EU27 (from 2020),853950,"Light-emitting diode ""LED"" lamps",2,EXPORT,QUANTITY_IN_100KG,QUANTITY_IN_100KG,2019,,283712.68,
dataflow,ESTAT:DS-045409(1.0),EU trade since 1988 by HS2-4-6 and CN8,A,Annual,EU27_2020,"European Union - 27 countries (AT, BE, BG, CY, CZ, DE, DK, EE, ES, FI, FR, GR, HR, HU, IE, IT, LT, LU, LV, MT, NL, PL, PT, RO, SE, SI, SK)",INT_EU27_2020,Intra-EU27 (from 2020),853950,"Light-emitting diode ""LED"" lamps",2,EXPORT,QUANTITY_IN_100KG,QUANTITY_IN_100KG,2020,,356725.33,
dataflow,ESTAT:DS-045409(1.0),EU trade since 1988 by HS2-4-6 and CN8,A,Annual,EU27_2020,"European Union - 27 countries (AT, BE, BG, CY, CZ, DE, DK, EE, ES, FI, FR, GR, HR, HU, IE, IT, LT, LU, LV, MT, NL, PL, PT, RO, SE, SI, SK)",INT_EU27_2020,Intra-EU27 (from 2020),853950,"Light-emitting diode ""LED"" lamps",2,EXPORT,QUANTITY_IN_100KG,QUANTITY_IN_100KG,2021,,359084.88,
dataflow,ESTAT:DS-045409(1.0),EU trade since 1988 by HS2-4-6 and CN8,A,Annual,EU27_2020,"European Union - 27 countries (AT, BE, BG, CY, CZ, DE, DK, EE, ES, FI, FR, GR, HR, HU, IE, IT, LT, LU, LV, MT, NL, PL, PT, RO, SE, SI, SK)",INT_EU27_2020,Intra-EU27 (from 2020),853950,"Light-emitting diode ""LED"" lamps",2,EXPORT,VALUE_IN_EUROS,VALUE_IN_EUROS,2017,,628767135,
dataflow,ESTAT:DS-045409(1.0),EU trade since 1988 by HS2-4-6 and CN8,A,Annual,EU27_2020,"European Union - 27 countries (AT, BE, BG, CY, CZ, DE, DK, EE, ES, FI, FR, GR, HR, HU, IE, IT, LT, LU, LV, MT, NL, PL, PT, RO, SE, SI, SK)",INT_EU27_2020,Intra-EU27 (from 2020),853950,"Light-emitting diode ""LED"" lamps",2,EXPORT,VALUE_IN_EUROS,VALUE_IN_EUROS,2018,,754966038,
dataflow,ESTAT:DS-045409(1.0),EU trade since 1988 by HS2-4-6 and CN8,A,Annual,EU27_2020,"European Union - 27 countries (AT, BE, BG, CY, CZ, DE, DK, EE, ES, FI, FR, GR, HR, HU, IE, IT, LT, LU, LV, MT, NL, PL, PT, RO, SE, SI, SK)",INT_EU27_2020,Intra-EU27 (from 2020),853950,"Light-emitting diode ""LED"" lamps",2,EXPORT,VALUE_IN_EUROS,VALUE_IN_EUROS,2019,,869261196,
dataflow,ESTAT:DS-045409(1.0),EU trade since 1988 by HS2-4-6 and CN8,A,Annual,EU27_2020,"European Union - 27 countries (AT, BE, BG, CY, CZ, DE, DK, EE, ES, FI, FR, GR, HR, HU, IE, IT, LT, LU, LV, MT, NL, PL, PT, RO, SE, SI, SK)",INT_EU27_2020,Intra-EU27 (from 2020),853950,"Light-emitting diode ""LED"" lamps",2,EXPORT,VALUE_IN_EUROS,VALUE_IN_EUROS,2020,,888384887,
dataflow,ESTAT:DS-045409(1.0),EU trade since 1988 by HS2-4-6 and CN8,A,Annual,EU27_2020,"European Union - 27 countries (AT, BE, BG, CY, CZ, DE, DK, EE, ES, FI, FR, GR, HR, HU, IE, IT, LT, LU, LV, MT, NL, PL, PT, RO, SE, SI, SK)",INT_EU27_2020,Intra-EU27 (from 2020),853950,"Light-emitting diode ""LED"" lamps",2,EXPORT,VALUE_IN_EUROS,VALUE_IN_EUROS,2021,,972739040,
dataflow,ESTAT:DS-045409(1.0),EU trade since 1988 by HS2-4-6 and CN8,A,Annual,EU27_2020,"European Union - 27 countries (AT, BE, BG, CY, CZ, DE, DK, EE, ES, FI, FR, GR, HR, HU, IE, IT, LT, LU, LV, MT, NL, PL, PT, RO, SE, SI, SK)",INT_EU27_2020,Intra-EU27 (from 2020),853951,"Light-emitting diode ""LED"" light source modules",1,IMPORT,QUANTITY_IN_100KG,QUANTITY_IN_100KG,2022,,268815.12,
dataflow,ESTAT:DS-045409(1.0),EU trade since 1988 by HS2-4-6 and CN8,A,Annual,EU27_2020,"European Union - 27 countries (AT, BE, BG, CY, CZ, DE, DK, EE, ES, FI, FR, GR, HR, HU, IE, IT, LT, LU, LV, MT, NL, PL, PT, RO, SE, SI, SK)",INT_EU27_2020,Intra-EU27 (from 2020),853951,"Light-emitting diode ""LED"" light source modules",1,IMPORT,QUANTITY_IN_100KG,QUANTITY_IN_100KG,2023,,134946.52,
dataflow,ESTAT:DS-045409(1.0),EU trade since 1988 by HS2-4-6 and CN8,A,Annual,EU27_2020,"European Union - 27 countries (AT, BE, BG, CY, CZ, DE, DK, EE, ES, FI, FR, GR, HR, HU, IE, IT, LT, LU, LV, MT, NL, PL, PT, RO, SE, SI, SK)",INT_EU27_2020,Intra-EU27 (from 2020),853951,"Light-emitting diode ""LED"" light source modules",1,IMPORT,QUANTITY_IN_100KG,QUANTITY_IN_100KG,2024,,112803.43,
dataflow,ESTAT:DS-045409(1.0),EU trade since 1988 by HS2-4-6 and CN8,A,Annual,EU27_2020,"European Union - 27 countries (AT, BE, BG, CY, CZ, DE, DK, EE, ES, FI, FR, GR, HR, HU, IE, IT, LT, LU, LV, MT, NL, PL, PT, RO, SE, SI, SK)",INT_EU27_2020,Intra-EU27 (from 2020),853951,"Light-emitting diode ""LED"" light source modules",1,IMPORT,QUANTITY_IN_100KG,QUANTITY_IN_100KG,2025,,87999.06,
dataflow,ESTAT:DS-045409(1.0),EU trade since 1988 by HS2-4-6 and CN8,A,Annual,EU27_2020,"European Union - 27 countries (AT, BE, BG, CY, CZ, DE, DK, EE, ES, FI, FR, GR, HR, HU, IE, IT, LT, LU, LV, MT, NL, PL, PT, RO, SE, SI, SK)",INT_EU27_2020,Intra-EU27 (from 2020),853951,"Light-emitting diode ""LED"" light source modules",1,IMPORT,VALUE_IN_EUROS,VALUE_IN_EUROS,2022,,465001526,
dataflow,ESTAT:DS-045409(1.0),EU trade since 1988 by HS2-4-6 and CN8,A,Annual,EU27_2020,"European Union - 27 countries (AT, BE, BG, CY, CZ, DE, DK, EE, ES, FI, FR, GR, HR, HU, IE, IT, LT, LU, LV, MT, NL, PL, PT, RO, SE, SI, SK)",INT_EU27_2020,Intra-EU27 (from 2020),853951,"Light-emitting diode ""LED"" light source modules",1,IMPORT,VALUE_IN_EUROS,VALUE_IN_EUROS,2023,,356939190,
dataflow,ESTAT:DS-045409(1.0),EU trade since 1988 by HS2-4-6 and CN8,A,Annual,EU27_2020,"European Union - 27 countries (AT, BE, BG, CY, CZ, DE, DK, EE, ES, FI, FR, GR, HR, HU, IE, IT, LT, LU, LV, MT, NL, PL, PT, RO, SE, SI, SK)",INT_EU27_2020,Intra-EU27 (from 2020),853951,"Light-emitting diode ""LED"" light source modules",1,IMPORT,VALUE_IN_EUROS,VALUE_IN_EUROS,2024,,314404658,
dataflow,ESTAT:DS-045409(1.0),EU trade since 1988 by HS2-4-6 and CN8,A,Annual,EU27_2020,"European Union - 27 countries (AT, BE, BG, CY, CZ, DE, DK, EE, ES, FI, FR, GR, HR, HU, IE, IT, LT, LU, LV, MT, NL, PL, PT, RO, SE, SI, SK)",INT_EU27_2020,Intra-EU27 (from 2020),853951,"Light-emitting diode ""LED"" light source modules",1,IMPORT,VALUE_IN_EUROS,VALUE_IN_EUROS,2025,,435062772,
dataflow,ESTAT:DS-045409(1.0),EU trade since 1988 by HS2-4-6 and CN8,A,Annual,EU27_2020,"European Union - 27 countries (AT, BE, BG, CY, CZ, DE, DK, EE, ES, FI, FR, GR, HR, HU, IE, IT, LT, LU, LV, MT, NL, PL, PT, RO, SE, SI, SK)",INT_EU27_2020,Intra-EU27 (from 2020),853951,"Light-emitting diode ""LED"" light source modules",2,EXPORT,QUANTITY_IN_100KG,QUANTITY_IN_100KG,2022,,113019.35,
dataflow,ESTAT:DS-045409(1.0),EU trade since 1988 by HS2-4-6 and CN8,A,Annual,EU27_2020,"European Union - 27 countries (AT, BE, BG, CY, CZ, DE, DK, EE, ES, FI, FR, GR, HR, HU, IE, IT, LT, LU, LV, MT, NL, PL, PT, RO, SE, SI, SK)",INT_EU27_2020,Intra-EU27 (from 2020),853951,"Light-emitting diode ""LED"" light source modules",2,EXPORT,QUANTITY_IN_100KG,QUANTITY_IN_100KG,2023,,90166.14,
dataflow,ESTAT:DS-045409(1.0),EU trade since 1988 by HS2-4-6 and CN8,A,Annual,EU27_2020,"European Union - 27 countries (AT, BE, BG, CY, CZ, DE, DK, EE, ES, FI, FR, GR, HR, HU, IE, IT, LT, LU, LV, MT, NL, PL, PT, RO, SE, SI, SK)",INT_EU27_2020,Intra-EU27 (from 2020),853951,"Light-emitting diode ""LED"" light source modules",2,EXPORT,QUANTITY_IN_100KG,QUANTITY_IN_100KG,2024,,104931.03,
dataflow,ESTAT:DS-045409(1.0),EU trade since 1988 by HS2-4-6 and CN8,A,Annual,EU27_2020,"European Union - 27 countries (AT, BE, BG, CY, CZ, DE, DK, EE, ES, FI, FR, GR, HR, HU, IE, IT, LT, LU, LV, MT, NL, PL, PT, RO, SE, SI, SK)",INT_EU27_2020,Intra-EU27 (from 2020),853951,"Light-emitting diode ""LED"" light source modules",2,EXPORT,QUANTITY_IN_100KG,QUANTITY_IN_100KG,2025,,109195.38,
dataflow,ESTAT:DS-045409(1.0),EU trade since 1988 by HS2-4-6 and CN8,A,Annual,EU27_2020,"European Union - 27 countries (AT, BE, BG, CY, CZ, DE, DK, EE, ES, FI, FR, GR, HR, HU, IE, IT, LT, LU, LV, MT, NL, PL, PT, RO, SE, SI, SK)",INT_EU27_2020,Intra-EU27 (from 2020),853951,"Light-emitting diode ""LED"" light source modules",2,EXPORT,VALUE_IN_EUROS,VALUE_IN_EUROS,2022,,452050437,
dataflow,ESTAT:DS-045409(1.0),EU trade since 1988 by HS2-4-6 and CN8,A,Annual,EU27_2020,"European Union - 27 countries (AT, BE, BG, CY, CZ, DE, DK, EE, ES, FI, FR, GR, HR, HU, IE, IT, LT, LU, LV, MT, NL, PL, PT, RO, SE, SI, SK)",INT_EU27_2020,Intra-EU27 (from 2020),853951,"Light-emitting diode ""LED"" light source modules",2,EXPORT,VALUE_IN_EUROS,VALUE_IN_EUROS,2023,,485859459,
dataflow,ESTAT:DS-045409(1.0),EU trade since 1988 by HS2-4-6 and CN8,A,Annual,EU27_2020,"European Union - 27 countries (AT, BE, BG, CY, CZ, DE, DK, EE, ES, FI, FR, GR, HR, HU, IE, IT, LT, LU, LV, MT, NL, PL, PT, RO, SE, SI, SK)",INT_EU27_2020,Intra-EU27 (from 2020),853951,"Light-emitting diode ""LED"" light source modules",2,EXPORT,VALUE_IN_EUROS,VALUE_IN_EUROS,2024,,492798131,
dataflow,ESTAT:DS-045409(1.0),EU trade since 1988 by HS2-4-6 and CN8,A,Annual,EU27_2020,"European Union - 27 countries (AT, BE, BG, CY, CZ, DE, DK, EE, ES, FI, FR, GR, HR, HU, IE, IT, LT, LU, LV, MT, NL, PL, PT, RO, SE, SI, SK)",INT_EU27_2020,Intra-EU27 (from 2020),853951,"Light-emitting diode ""LED"" light source modules",2,EXPORT,VALUE_IN_EUROS,VALUE_IN_EUROS,2025,,547890857,
dataflow,ESTAT:DS-045409(1.0),EU trade since 1988 by HS2-4-6 and CN8,A,Annual,EU27_2020,"European Union - 27 countries (AT, BE, BG, CY, CZ, DE, DK, EE, ES, FI, FR, GR, HR, HU, IE, IT, LT, LU, LV, MT, NL, PL, PT, RO, SE, SI, SK)",INT_EU27_2020,Intra-EU27 (from 2020),854141,"Light emitting diodes ""LED""",1,IMPORT,QUANTITY_IN_100KG,QUANTITY_IN_100KG,2022,,755663.68,
dataflow,ESTAT:DS-045409(1.0),EU trade since 1988 by HS2-4-6 and CN8,A,Annual,EU27_2020,"European Union - 27 countries (AT, BE, BG, CY, CZ, DE, DK, EE, ES, FI, FR, GR, HR, HU, IE, IT, LT, LU, LV, MT, NL, PL, PT, RO, SE, SI, SK)",INT_EU27_2020,Intra-EU27 (from 2020),854141,"Light emitting diodes ""LED""",1,IMPORT,QUANTITY_IN_100KG,QUANTITY_IN_100KG,2023,,262090.56,
dataflow,ESTAT:DS-045409(1.0),EU trade since 1988 by HS2-4-6 and CN8,A,Annual,EU27_2020,"European Union - 27 countries (AT, BE, BG, CY, CZ, DE, DK, EE, ES, FI, FR, GR, HR, HU, IE, IT, LT, LU, LV, MT, NL, PL, PT, RO, SE, SI, SK)",INT_EU27_2020,Intra-EU27 (from 2020),854141,"Light emitting diodes ""LED""",1,IMPORT,QUANTITY_IN_100KG,QUANTITY_IN_100KG,2024,,152387.94,
dataflow,ESTAT:DS-045409(1.0),EU trade since 1988 by HS2-4-6 and CN8,A,Annual,EU27_2020,"European Union - 27 countries (AT, BE, BG, CY, CZ, DE, DK, EE, ES, FI, FR, GR, HR, HU, IE, IT, LT, LU, LV, MT, NL, PL, PT, RO, SE, SI, SK)",INT_EU27_2020,Intra-EU27 (from 2020),854141,"Light emitting diodes ""LED""",1,IMPORT,QUANTITY_IN_100KG,QUANTITY_IN_100KG,2025,,174517.32,
dataflow,ESTAT:DS-045409(1.0),EU trade since 1988 by HS2-4-6 and CN8,A,Annual,EU27_2020,"European Union - 27 countries (AT, BE, BG, CY, CZ, DE, DK, EE, ES, FI, FR, GR, HR, HU, IE, IT, LT, LU, LV, MT, NL, PL, PT, RO, SE, SI, SK)",INT_EU27_2020,Intra-EU27 (from 2020),854141,"Light emitting diodes ""LED""",1,IMPORT,VALUE_IN_EUROS,VALUE_IN_EUROS,2022,,1195874060,
dataflow,ESTAT:DS-045409(1.0),EU trade since 1988 by HS2-4-6 and CN8,A,Annual,EU27_2020,"European Union - 27 countries (AT, BE, BG, CY, CZ, DE, DK, EE, ES, FI, FR, GR, HR, HU, IE, IT, LT, LU, LV, MT, NL, PL, PT, RO, SE, SI, SK)",INT_EU27_2020,Intra-EU27 (from 2020),854141,"Light emitting diodes ""LED""",1,IMPORT,VALUE_IN_EUROS,VALUE_IN_EUROS,2023,,888079962,
dataflow,ESTAT:DS-045409(1.0),EU trade since 1988 by HS2-4-6 and CN8,A,Annual,EU27_2020,"European Union - 27 countries (AT, BE, BG, CY, CZ, DE, DK, EE, ES, FI, FR, GR, HR, HU, IE, IT, LT, LU, LV, MT, NL, PL, PT, RO, SE, SI, SK)",INT_EU27_2020,Intra-EU27 (from 2020),854141,"Light emitting diodes ""LED""",1,IMPORT,VALUE_IN_EUROS,VALUE_IN_EUROS,2024,,829388560,
dataflow,ESTAT:DS-045409(1.0),EU trade since 1988 by HS2-4-6 and CN8,A,Annual,EU27_2020,"European Union - 27 countries (AT, BE, BG, CY, CZ, DE, DK, EE, ES, FI, FR, GR, HR, HU, IE, IT, LT, LU, LV, MT, NL, PL, PT, RO, SE, SI, SK)",INT_EU27_2020,Intra-EU27 (from 2020),854141,"Light emitting diodes ""LED""",1,IMPORT,VALUE_IN_EUROS,VALUE_IN_EUROS,2025,,890451650,
dataflow,ESTAT:DS-045409(1.0),EU trade since 1988 by HS2-4-6 and CN8,A,Annual,EU27_2020,"European Union - 27 countries (AT, BE, BG, CY, CZ, DE, DK, EE, ES, FI, FR, GR, HR, HU, IE, IT, LT, LU, LV, MT, NL, PL, PT, RO, SE, SI, SK)",INT_EU27_2020,Intra-EU27 (from 2020),854141,"Light emitting diodes ""LED""",2,EXPORT,QUANTITY_IN_100KG,QUANTITY_IN_100KG,2022,,127111.86,
dataflow,ESTAT:DS-045409(1.0),EU trade since 1988 by HS2-4-6 and CN8,A,Annual,EU27_2020,"European Union - 27 countries (AT, BE, BG, CY, CZ, DE, DK, EE, ES, FI, FR, GR, HR, HU, IE, IT, LT, LU, LV, MT, NL, PL, PT, RO, SE, SI, SK)",INT_EU27_2020,Intra-EU27 (from 2020),854141,"Light emitting diodes ""LED""",2,EXPORT,QUANTITY_IN_100KG,QUANTITY_IN_100KG,2023,,86595.02,
dataflow,ESTAT:DS-045409(1.0),EU trade since 1988 by HS2-4-6 and CN8,A,Annual,EU27_2020,"European Union - 27 countries (AT, BE, BG, CY, CZ, DE, DK, EE, ES, FI, FR, GR, HR, HU, IE, IT, LT, LU, LV, MT, NL, PL, PT, RO, SE, SI, SK)",INT_EU27_2020,Intra-EU27 (from 2020),854141,"Light emitting diodes ""LED""",2,EXPORT,QUANTITY_IN_100KG,QUANTITY_IN_100KG,2024,,42374.14,
dataflow,ESTAT:DS-045409(1.0),EU trade since 1988 by HS2-4-6 and CN8,A,Annual,EU27_2020,"European Union - 27 countries (AT, BE, BG, CY, CZ, DE, DK, EE, ES, FI, FR, GR, HR, HU, IE, IT, LT, LU, LV, MT, NL, PL, PT, RO, SE, SI, SK)",INT_EU27_2020,Intra-EU27 (from 2020),854141,"Light emitting diodes ""LED""",2,EXPORT,QUANTITY_IN_100KG,QUANTITY_IN_100KG,2025,,66720.98,
dataflow,ESTAT:DS-045409(1.0),EU trade since 1988 by HS2-4-6 and CN8,A,Annual,EU27_2020,"European Union - 27 countries (AT, BE, BG, CY, CZ, DE, DK, EE, ES, FI, FR, GR, HR, HU, IE, IT, LT, LU, LV, MT, NL, PL, PT, RO, SE, SI, SK)",INT_EU27_2020,Intra-EU27 (from 2020),854141,"Light emitting diodes ""LED""",2,EXPORT,VALUE_IN_EUROS,VALUE_IN_EUROS,2022,,1017137333,
dataflow,ESTAT:DS-045409(1.0),EU trade since 1988 by HS2-4-6 and CN8,A,Annual,EU27_2020,"European Union - 27 countries (AT, BE, BG, CY, CZ, DE, DK, EE, ES, FI, FR, GR, HR, HU, IE, IT, LT, LU, LV, MT, NL, PL, PT, RO, SE, SI, SK)",INT_EU27_2020,Intra-EU27 (from 2020),854141,"Light emitting diodes ""LED""",2,EXPORT,VALUE_IN_EUROS,VALUE_IN_EUROS,2023,,912623564,
dataflow,ESTAT:DS-045409(1.0),EU trade since 1988 by HS2-4-6 and CN8,A,Annual,EU27_2020,"European Union - 27 countries (AT, BE, BG, CY, CZ, DE, DK, EE, ES, FI, FR, GR, HR, HU, IE, IT, LT, LU, LV, MT, NL, PL, PT, RO, SE, SI, SK)",INT_EU27_2020,Intra-EU27 (from 2020),854141,"Light emitting diodes ""LED""",2,EXPORT,VALUE_IN_EUROS,VALUE_IN_EUROS,2024,,854874719,
dataflow,ESTAT:DS-045409(1.0),EU trade since 1988 by HS2-4-6 and CN8,A,Annual,EU27_2020,"European Union - 27 countries (AT, BE, BG, CY, CZ, DE, DK, EE, ES, FI, FR, GR, HR, HU, IE, IT, LT, LU, LV, MT, NL, PL, PT, RO, SE, SI, SK)",INT_EU27_2020,Intra-EU27 (from 2020),854141,"Light emitting diodes ""LED""",2,EXPORT,VALUE_IN_EUROS,VALUE_IN_EUROS,2025,,833041129,
dataflow,ESTAT:DS-045409(1.0),EU trade since 1988 by HS2-4-6 and CN8,A,Annual,EU27_2020,"European Union - 27 countries (AT, BE, BG, CY, CZ, DE, DK, EE, ES, FI, FR, GR, HR, HU, IE, IT, LT, LU, LV, MT, NL, PL, PT, RO, SE, SI, SK)",INT_EU27_2020,Intra-EU27 (from 2020),854231,"Electronic integrated circuits as processors and controllers, whether or not combined with memories, converters, logic circuits, amplifiers, clock and timing circuits, or other circuits",1,IMPORT,QUANTITY_IN_100KG,QUANTITY_IN_100KG,2007,,507491.51,
dataflow,ESTAT:DS-045409(1.0),EU trade since 1988 by HS2-4-6 and CN8,A,Annual,EU27_2020,"European Union - 27 countries (AT, BE, BG, CY, CZ, DE, DK, EE, ES, FI, FR, GR, HR, HU, IE, IT, LT, LU, LV, MT, NL, PL, PT, RO, SE, SI, SK)",INT_EU27_2020,Intra-EU27 (from 2020),854231,"Electronic integrated circuits as processors and controllers, whether or not combined with memories, converters, logic circuits, amplifiers, clock and timing circuits, or other circuits",1,IMPORT,QUANTITY_IN_100KG,QUANTITY_IN_100KG,2008,,611687.57,
dataflow,ESTAT:DS-045409(1.0),EU trade since 1988 by HS2-4-6 and CN8,A,Annual,EU27_2020,"European Union - 27 countries (AT, BE, BG, CY, CZ, DE, DK, EE, ES, FI, FR, GR, HR, HU, IE, IT, LT, LU, LV, MT, NL, PL, PT, RO, SE, SI, SK)",INT_EU27_2020,Intra-EU27 (from 2020),854231,"Electronic integrated circuits as processors and controllers, whether or not combined with memories, converters, logic circuits, amplifiers, clock and timing circuits, or other circuits",1,IMPORT,QUANTITY_IN_100KG,QUANTITY_IN_100KG,2009,,1303486.40,
dataflow,ESTAT:DS-045409(1.0),EU trade since 1988 by HS2-4-6 and CN8,A,Annual,EU27_2020,"European Union - 27 countries (AT, BE, BG, CY, CZ, DE, DK, EE, ES, FI, FR, GR, HR, HU, IE, IT, LT, LU, LV, MT, NL, PL, PT, RO, SE, SI, SK)",INT_EU27_2020,Intra-EU27 (from 2020),854231,"Electronic integrated circuits as processors and controllers, whether or not combined with memories, converters, logic circuits, amplifiers, clock and timing circuits, or other circuits",1,IMPORT,QUANTITY_IN_100KG,QUANTITY_IN_100KG,2010,,389731.05,
dataflow,ESTAT:DS-045409(1.0),EU trade since 1988 by HS2-4-6 and CN8,A,Annual,EU27_2020,"European Union - 27 countries (AT, BE, BG, CY, CZ, DE, DK, EE, ES, FI, FR, GR, HR, HU, IE, IT, LT, LU, LV, MT, NL, PL, PT, RO, SE, SI, SK)",INT_EU27_2020,Intra-EU27 (from 2020),854231,"Electronic integrated circuits as processors and controllers, whether or not combined with memories, converters, logic circuits, amplifiers, clock and timing circuits, or other circuits",1,IMPORT,QUANTITY_IN_100KG,QUANTITY_IN_100KG,2011,,461208.12,
dataflow,ESTAT:DS-045409(1.0),EU trade since 1988 by HS2-4-6 and CN8,A,Annual,EU27_2020,"European Union - 27 countries (AT, BE, BG, CY, CZ, DE, DK, EE, ES, FI, FR, GR, HR, HU, IE, IT, LT, LU, LV, MT, NL, PL, PT, RO, SE, SI, SK)",INT_EU27_2020,Intra-EU27 (from 2020),854231,"Electronic integrated circuits as processors and controllers, whether or not combined with memories, converters, logic circuits, amplifiers, clock and timing circuits, or other circuits",1,IMPORT,QUANTITY_IN_100KG,QUANTITY_IN_100KG,2012,,568584.00,
dataflow,ESTAT:DS-045409(1.0),EU trade since 1988 by HS2-4-6 and CN8,A,Annual,EU27_2020,"European Union - 27 countries (AT, BE, BG, CY, CZ, DE, DK, EE, ES, FI, FR, GR, HR, HU, IE, IT, LT, LU, LV, MT, NL, PL, PT, RO, SE, SI, SK)",INT_EU27_2020,Intra-EU27 (from 2020),854231,"Electronic integrated circuits as processors and controllers, whether or not combined with memories, converters, logic circuits, amplifiers, clock and timing circuits, or other circuits",1,IMPORT,QUANTITY_IN_100KG,QUANTITY_IN_100KG,2013,,743533.44,
dataflow,ESTAT:DS-045409(1.0),EU trade since 1988 by HS2-4-6 and CN8,A,Annual,EU27_2020,"European Union - 27 countries (AT, BE, BG, CY, CZ, DE, DK, EE, ES, FI, FR, GR, HR, HU, IE, IT, LT, LU, LV, MT, NL, PL, PT, RO, SE, SI, SK)",INT_EU27_2020,Intra-EU27 (from 2020),854231,"Electronic integrated circuits as processors and controllers, whether or not combined with memories, converters, logic circuits, amplifiers, clock and timing circuits, or other circuits",1,IMPORT,QUANTITY_IN_100KG,QUANTITY_IN_100KG,2014,,421220.02,
dataflow,ESTAT:DS-045409(1.0),EU trade since 1988 by HS2-4-6 and CN8,A,Annual,EU27_2020,"European Union - 27 countries (AT, BE, BG, CY, CZ, DE, DK, EE, ES, FI, FR, GR, HR, HU, IE, IT, LT, LU, LV, MT, NL, PL, PT, RO, SE, SI, SK)",INT_EU27_2020,Intra-EU27 (from 2020),854231,"Electronic integrated circuits as processors and controllers, whether or not combined with memories, converters, logic circuits, amplifiers, clock and timing circuits, or other circuits",1,IMPORT,QUANTITY_IN_100KG,QUANTITY_IN_100KG,2015,,406312.93,
dataflow,ESTAT:DS-045409(1.0),EU trade since 1988 by HS2-4-6 and CN8,A,Annual,EU27_2020,"European Union - 27 countries (AT, BE, BG, CY, CZ, DE, DK, EE, ES, FI, FR, GR, HR, HU, IE, IT, LT, LU, LV, MT, NL, PL, PT, RO, SE, SI, SK)",INT_EU27_2020,Intra-EU27 (from 2020),854231,"Electronic integrated circuits as processors and controllers, whether or not combined with memories, converters, logic circuits, amplifiers, clock and timing circuits, or other circuits",1,IMPORT,QUANTITY_IN_100KG,QUANTITY_IN_100KG,2016,,558881.51,
dataflow,ESTAT:DS-045409(1.0),EU trade since 1988 by HS2-4-6 and CN8,A,Annual,EU27_2020,"European Union - 27 countries (AT, BE, BG, CY, CZ, DE, DK, EE, ES, FI, FR, GR, HR, HU, IE, IT, LT, LU, LV, MT, NL, PL, PT, RO, SE, SI, SK)",INT_EU27_2020,Intra-EU27 (from 2020),854231,"Electronic integrated circuits as processors and controllers, whether or not combined with memories, converters, logic circuits, amplifiers, clock and timing circuits, or other circuits",1,IMPORT,QUANTITY_IN_100KG,QUANTITY_IN_100KG,2017,,743669.91,
dataflow,ESTAT:DS-045409(1.0),EU trade since 1988 by HS2-4-6 and CN8,A,Annual,EU27_2020,"European Union - 27 countries (AT, BE, BG, CY, CZ, DE, DK, EE, ES, FI, FR, GR, HR, HU, IE, IT, LT, LU, LV, MT, NL, PL, PT, RO, SE, SI, SK)",INT_EU27_2020,Intra-EU27 (from 2020),854231,"Electronic integrated circuits as processors and controllers, whether or not combined with memories, converters, logic circuits, amplifiers, clock and timing circuits, or other circuits",1,IMPORT,QUANTITY_IN_100KG,QUANTITY_IN_100KG,2018,,1000122.72,
dataflow,ESTAT:DS-045409(1.0),EU trade since 1988 by HS2-4-6 and CN8,A,Annual,EU27_2020,"European Union - 27 countries (AT, BE, BG, CY, CZ, DE, DK, EE, ES, FI, FR, GR, HR, HU, IE, IT, LT, LU, LV, MT, NL, PL, PT, RO, SE, SI, SK)",INT_EU27_2020,Intra-EU27 (from 2020),854231,"Electronic integrated circuits as processors and controllers, whether or not combined with memories, converters, logic circuits, amplifiers, clock and timing circuits, or other circuits",1,IMPORT,QUANTITY_IN_100KG,QUANTITY_IN_100KG,2019,,754658.60,
dataflow,ESTAT:DS-045409(1.0),EU trade since 1988 by HS2-4-6 and CN8,A,Annual,EU27_2020,"European Union - 27 countries (AT, BE, BG, CY, CZ, DE, DK, EE, ES, FI, FR, GR, HR, HU, IE, IT, LT, LU, LV, MT, NL, PL, PT, RO, SE, SI, SK)",INT_EU27_2020,Intra-EU27 (from 2020),854231,"Electronic integrated circuits as processors and controllers, whether or not combined with memories, converters, logic circuits, amplifiers, clock and timing circuits, or other circuits",1,IMPORT,QUANTITY_IN_100KG,QUANTITY_IN_100KG,2020,,555652.29,
dataflow,ESTAT:DS-045409(1.0),EU trade since 1988 by HS2-4-6 and CN8,A,Annual,EU27_2020,"European Union - 27 countries (AT, BE, BG, CY, CZ, DE, DK, EE, ES, FI, FR, GR, HR, HU, IE, IT, LT, LU, LV, MT, NL, PL, PT, RO, SE, SI, SK)",INT_EU27_2020,Intra-EU27 (from 2020),854231,"Electronic integrated circuits as processors and controllers, whether or not combined with memories, converters, logic circuits, amplifiers, clock and timing circuits, or other circuits",1,IMPORT,QUANTITY_IN_100KG,QUANTITY_IN_100KG,2021,,429281.39,
dataflow,ESTAT:DS-045409(1.0),EU trade since 1988 by HS2-4-6 and CN8,A,Annual,EU27_2020,"European Union - 27 countries (AT, BE, BG, CY, CZ, DE, DK, EE, ES, FI, FR, GR, HR, HU, IE, IT, LT, LU, LV, MT, NL, PL, PT, RO, SE, SI, SK)",INT_EU27_2020,Intra-EU27 (from 2020),854231,"Electronic integrated circuits as processors and controllers, whether or not combined with memories, converters, logic circuits, amplifiers, clock and timing circuits, or other circuits",1,IMPORT,QUANTITY_IN_100KG,QUANTITY_IN_100KG,2022,,533408.65,
dataflow,ESTAT:DS-045409(1.0),EU trade since 1988 by HS2-4-6 and CN8,A,Annual,EU27_2020,"European Union - 27 countries (AT, BE, BG, CY, CZ, DE, DK, EE, ES, FI, FR, GR, HR, HU, IE, IT, LT, LU, LV, MT, NL, PL, PT, RO, SE, SI, SK)",INT_EU27_2020,Intra-EU27 (from 2020),854231,"Electronic integrated circuits as processors and controllers, whether or not combined with memories, converters, logic circuits, amplifiers, clock and timing circuits, or other circuits",1,IMPORT,QUANTITY_IN_100KG,QUANTITY_IN_100KG,2023,,585774.49,
dataflow,ESTAT:DS-045409(1.0),EU trade since 1988 by HS2-4-6 and CN8,A,Annual,EU27_2020,"European Union - 27 countries (AT, BE, BG, CY, CZ, DE, DK, EE, ES, FI, FR, GR, HR, HU, IE, IT, LT, LU, LV, MT, NL, PL, PT, RO, SE, SI, SK)",INT_EU27_2020,Intra-EU27 (from 2020),854231,"Electronic integrated circuits as processors and controllers, whether or not combined with memories, converters, logic circuits, amplifiers, clock and timing circuits, or other circuits",1,IMPORT,QUANTITY_IN_100KG,QUANTITY_IN_100KG,2024,,427711.22,
dataflow,ESTAT:DS-045409(1.0),EU trade since 1988 by HS2-4-6 and CN8,A,Annual,EU27_2020,"European Union - 27 countries (AT, BE, BG, CY, CZ, DE, DK, EE, ES, FI, FR, GR, HR, HU, IE, IT, LT, LU, LV, MT, NL, PL, PT, RO, SE, SI, SK)",INT_EU27_2020,Intra-EU27 (from 2020),854231,"Electronic integrated circuits as processors and controllers, whether or not combined with memories, converters, logic circuits, amplifiers, clock and timing circuits, or other circuits",1,IMPORT,QUANTITY_IN_100KG,QUANTITY_IN_100KG,2025,,403579.55,
dataflow,ESTAT:DS-045409(1.0),EU trade since 1988 by HS2-4-6 and CN8,A,Annual,EU27_2020,"European Union - 27 countries (AT, BE, BG, CY, CZ, DE, DK, EE, ES, FI, FR, GR, HR, HU, IE, IT, LT, LU, LV, MT, NL, PL, PT, RO, SE, SI, SK)",INT_EU27_2020,Intra-EU27 (from 2020),854231,"Electronic integrated circuits as processors and controllers, whether or not combined with memories, converters, logic circuits, amplifiers, clock and timing circuits, or other circuits",1,IMPORT,VALUE_IN_EUROS,VALUE_IN_EUROS,2007,,7350419763,
dataflow,ESTAT:DS-045409(1.0),EU trade since 1988 by HS2-4-6 and CN8,A,Annual,EU27_2020,"European Union - 27 countries (AT, BE, BG, CY, CZ, DE, DK, EE, ES, FI, FR, GR, HR, HU, IE, IT, LT, LU, LV, MT, NL, PL, PT, RO, SE, SI, SK)",INT_EU27_2020,Intra-EU27 (from 2020),854231,"Electronic integrated circuits as processors and controllers, whether or not combined with memories, converters, logic circuits, amplifiers, clock and timing circuits, or other circuits",1,IMPORT,VALUE_IN_EUROS,VALUE_IN_EUROS,2008,,6652222929,
dataflow,ESTAT:DS-045409(1.0),EU trade since 1988 by HS2-4-6 and CN8,A,Annual,EU27_2020,"European Union - 27 countries (AT, BE, BG, CY, CZ, DE, DK, EE, ES, FI, FR, GR, HR, HU, IE, IT, LT, LU, LV, MT, NL, PL, PT, RO, SE, SI, SK)",INT_EU27_2020,Intra-EU27 (from 2020),854231,"Electronic integrated circuits as processors and controllers, whether or not combined with memories, converters, logic circuits, amplifiers, clock and timing circuits, or other circuits",1,IMPORT,VALUE_IN_EUROS,VALUE_IN_EUROS,2009,,6267937116,
dataflow,ESTAT:DS-045409(1.0),EU trade since 1988 by HS2-4-6 and CN8,A,Annual,EU27_2020,"European Union - 27 countries (AT, BE, BG, CY, CZ, DE, DK, EE, ES, FI, FR, GR, HR, HU, IE, IT, LT, LU, LV, MT, NL, PL, PT, RO, SE, SI, SK)",INT_EU27_2020,Intra-EU27 (from 2020),854231,"Electronic integrated circuits as processors and controllers, whether or not combined with memories, converters, logic circuits, amplifiers, clock and timing circuits, or other circuits",1,IMPORT,VALUE_IN_EUROS,VALUE_IN_EUROS,2010,,7674429977,
dataflow,ESTAT:DS-045409(1.0),EU trade since 1988 by HS2-4-6 and CN8,A,Annual,EU27_2020,"European Union - 27 countries (AT, BE, BG, CY, CZ, DE, DK, EE, ES, FI, FR, GR, HR, HU, IE, IT, LT, LU, LV, MT, NL, PL, PT, RO, SE, SI, SK)",INT_EU27_2020,Intra-EU27 (from 2020),854231,"Electronic integrated circuits as processors and controllers, whether or not combined with memories, converters, logic circuits, amplifiers, clock and timing circuits, or other circuits",1,IMPORT,VALUE_IN_EUROS,VALUE_IN_EUROS,2011,,8276193681,
dataflow,ESTAT:DS-045409(1.0),EU trade since 1988 by HS2-4-6 and CN8,A,Annual,EU27_2020,"European Union - 27 countries (AT, BE, BG, CY, CZ, DE, DK, EE, ES, FI, FR, GR, HR, HU, IE, IT, LT, LU, LV, MT, NL, PL, PT, RO, SE, SI, SK)",INT_EU27_2020,Intra-EU27 (from 2020),854231,"Electronic integrated circuits as processors and controllers, whether or not combined with memories, converters, logic circuits, amplifiers, clock and timing circuits, or other circuits",1,IMPORT,VALUE_IN_EUROS,VALUE_IN_EUROS,2012,,7877011898,
dataflow,ESTAT:DS-045409(1.0),EU trade since 1988 by HS2-4-6 and CN8,A,Annual,EU27_2020,"European Union - 27 countries (AT, BE, BG, CY, CZ, DE, DK, EE, ES, FI, FR, GR, HR, HU, IE, IT, LT, LU, LV, MT, NL, PL, PT, RO, SE, SI, SK)",INT_EU27_2020,Intra-EU27 (from 2020),854231,"Electronic integrated circuits as processors and controllers, whether or not combined with memories, converters, logic circuits, amplifiers, clock and timing circuits, or other circuits",1,IMPORT,VALUE_IN_EUROS,VALUE_IN_EUROS,2013,,7331813152,
dataflow,ESTAT:DS-045409(1.0),EU trade since 1988 by HS2-4-6 and CN8,A,Annual,EU27_2020,"European Union - 27 countries (AT, BE, BG, CY, CZ, DE, DK, EE, ES, FI, FR, GR, HR, HU, IE, IT, LT, LU, LV, MT, NL, PL, PT, RO, SE, SI, SK)",INT_EU27_2020,Intra-EU27 (from 2020),854231,"Electronic integrated circuits as processors and controllers, whether or not combined with memories, converters, logic circuits, amplifiers, clock and timing circuits, or other circuits",1,IMPORT,VALUE_IN_EUROS,VALUE_IN_EUROS,2014,,7460262871,
dataflow,ESTAT:DS-045409(1.0),EU trade since 1988 by HS2-4-6 and CN8,A,Annual,EU27_2020,"European Union - 27 countries (AT, BE, BG, CY, CZ, DE, DK, EE, ES, FI, FR, GR, HR, HU, IE, IT, LT, LU, LV, MT, NL, PL, PT, RO, SE, SI, SK)",INT_EU27_2020,Intra-EU27 (from 2020),854231,"Electronic integrated circuits as processors and controllers, whether or not combined with memories, converters, logic circuits, amplifiers, clock and timing circuits, or other circuits",1,IMPORT,VALUE_IN_EUROS,VALUE_IN_EUROS,2015,,7710155169,
dataflow,ESTAT:DS-045409(1.0),EU trade since 1988 by HS2-4-6 and CN8,A,Annual,EU27_2020,"European Union - 27 countries (AT, BE, BG, CY, CZ, DE, DK, EE, ES, FI, FR, GR, HR, HU, IE, IT, LT, LU, LV, MT, NL, PL, PT, RO, SE, SI, SK)",INT_EU27_2020,Intra-EU27 (from 2020),854231,"Electronic integrated circuits as processors and controllers, whether or not combined with memories, converters, logic circuits, amplifiers, clock and timing circuits, or other circuits",1,IMPORT,VALUE_IN_EUROS,VALUE_IN_EUROS,2016,,8489868803,
dataflow,ESTAT:DS-045409(1.0),EU trade since 1988 by HS2-4-6 and CN8,A,Annual,EU27_2020,"European Union - 27 countries (AT, BE, BG, CY, CZ, DE, DK, EE, ES, FI, FR, GR, HR, HU, IE, IT, LT, LU, LV, MT, NL, PL, PT, RO, SE, SI, SK)",INT_EU27_2020,Intra-EU27 (from 2020),854231,"Electronic integrated circuits as processors and controllers, whether or not combined with memories, converters, logic circuits, amplifiers, clock and timing circuits, or other circuits",1,IMPORT,VALUE_IN_EUROS,VALUE_IN_EUROS,2017,,9041225236,
dataflow,ESTAT:DS-045409(1.0),EU trade since 1988 by HS2-4-6 and CN8,A,Annual,EU27_2020,"European Union - 27 countries (AT, BE, BG, CY, CZ, DE, DK, EE, ES, FI, FR, GR, HR, HU, IE, IT, LT, LU, LV, MT, NL, PL, PT, RO, SE, SI, SK)",INT_EU27_2020,Intra-EU27 (from 2020),854231,"Electronic integrated circuits as processors and controllers, whether or not combined with memories, converters, logic circuits, amplifiers, clock and timing circuits, or other circuits",1,IMPORT,VALUE_IN_EUROS,VALUE_IN_EUROS,2018,,10193824925,
dataflow,ESTAT:DS-045409(1.0),EU trade since 1988 by HS2-4-6 and CN8,A,Annual,EU27_2020,"European Union - 27 countries (AT, BE, BG, CY, CZ, DE, DK, EE, ES, FI, FR, GR, HR, HU, IE, IT, LT, LU, LV, MT, NL, PL, PT, RO, SE, SI, SK)",INT_EU27_2020,Intra-EU27 (from 2020),854231,"Electronic integrated circuits as processors and controllers, whether or not combined with memories, converters, logic circuits, amplifiers, clock and timing circuits, or other circuits",1,IMPORT,VALUE_IN_EUROS,VALUE_IN_EUROS,2019,,10853652872,
dataflow,ESTAT:DS-045409(1.0),EU trade since 1988 by HS2-4-6 and CN8,A,Annual,EU27_2020,"European Union - 27 countries (AT, BE, BG, CY, CZ, DE, DK, EE, ES, FI, FR, GR, HR, HU, IE, IT, LT, LU, LV, MT, NL, PL, PT, RO, SE, SI, SK)",INT_EU27_2020,Intra-EU27 (from 2020),854231,"Electronic integrated circuits as processors and controllers, whether or not combined with memories, converters, logic circuits, amplifiers, clock and timing circuits, or other circuits",1,IMPORT,VALUE_IN_EUROS,VALUE_IN_EUROS,2020,,9569549289,
dataflow,ESTAT:DS-045409(1.0),EU trade since 1988 by HS2-4-6 and CN8,A,Annual,EU27_2020,"European Union - 27 countries (AT, BE, BG, CY, CZ, DE, DK, EE, ES, FI, FR, GR, HR, HU, IE, IT, LT, LU, LV, MT, NL, PL, PT, RO, SE, SI, SK)",INT_EU27_2020,Intra-EU27 (from 2020),854231,"Electronic integrated circuits as processors and controllers, whether or not combined with memories, converters, logic circuits, amplifiers, clock and timing circuits, or other circuits",1,IMPORT,VALUE_IN_EUROS,VALUE_IN_EUROS,2021,,11671996143,
dataflow,ESTAT:DS-045409(1.0),EU trade since 1988 by HS2-4-6 and CN8,A,Annual,EU27_2020,"European Union - 27 countries (AT, BE, BG, CY, CZ, DE, DK, EE, ES, FI, FR, GR, HR, HU, IE, IT, LT, LU, LV, MT, NL, PL, PT, RO, SE, SI, SK)",INT_EU27_2020,Intra-EU27 (from 2020),854231,"Electronic integrated circuits as processors and controllers, whether or not combined with memories, converters, logic circuits, amplifiers, clock and timing circuits, or other circuits",1,IMPORT,VALUE_IN_EUROS,VALUE_IN_EUROS,2022,,14551204420,
dataflow,ESTAT:DS-045409(1.0),EU trade since 1988 by HS2-4-6 and CN8,A,Annual,EU27_2020,"European Union - 27 countries (AT, BE, BG, CY, CZ, DE, DK, EE, ES, FI, FR, GR, HR, HU, IE, IT, LT, LU, LV, MT, NL, PL, PT, RO, SE, SI, SK)",INT_EU27_2020,Intra-EU27 (from 2020),854231,"Electronic integrated circuits as processors and controllers, whether or not combined with memories, converters, logic circuits, amplifiers, clock and timing circuits, or other circuits",1,IMPORT,VALUE_IN_EUROS,VALUE_IN_EUROS,2023,,15850066634,
dataflow,ESTAT:DS-045409(1.0),EU trade since 1988 by HS2-4-6 and CN8,A,Annual,EU27_2020,"European Union - 27 countries (AT, BE, BG, CY, CZ, DE, DK, EE, ES, FI, FR, GR, HR, HU, IE, IT, LT, LU, LV, MT, NL, PL, PT, RO, SE, SI, SK)",INT_EU27_2020,Intra-EU27 (from 2020),854231,"Electronic integrated circuits as processors and controllers, whether or not combined with memories, converters, logic circuits, amplifiers, clock and timing circuits, or other circuits",1,IMPORT,VALUE_IN_EUROS,VALUE_IN_EUROS,2024,,13257810040,
dataflow,ESTAT:DS-045409(1.0),EU trade since 1988 by HS2-4-6 and CN8,A,Annual,EU27_2020,"European Union - 27 countries (AT, BE, BG, CY, CZ, DE, DK, EE, ES, FI, FR, GR, HR, HU, IE, IT, LT, LU, LV, MT, NL, PL, PT, RO, SE, SI, SK)",INT_EU27_2020,Intra-EU27 (from 2020),854231,"Electronic integrated circuits as processors and controllers, whether or not combined with memories, converters, logic circuits, amplifiers, clock and timing circuits, or other circuits",1,IMPORT,VALUE_IN_EUROS,VALUE_IN_EUROS,2025,,13009572388,
dataflow,ESTAT:DS-045409(1.0),EU trade since 1988 by HS2-4-6 and CN8,A,Annual,EU27_2020,"European Union - 27 countries (AT, BE, BG, CY, CZ, DE, DK, EE, ES, FI, FR, GR, HR, HU, IE, IT, LT, LU, LV, MT, NL, PL, PT, RO, SE, SI, SK)",INT_EU27_2020,Intra-EU27 (from 2020),854231,"Electronic integrated circuits as processors and controllers, whether or not combined with memories, converters, logic circuits, amplifiers, clock and timing circuits, or other circuits",2,EXPORT,QUANTITY_IN_100KG,QUANTITY_IN_100KG,2007,,362811.66,
dataflow,ESTAT:DS-045409(1.0),EU trade since 1988 by HS2-4-6 and CN8,A,Annual,EU27_2020,"European Union - 27 countries (AT, BE, BG, CY, CZ, DE, DK, EE, ES, FI, FR, GR, HR, HU, IE, IT, LT, LU, LV, MT, NL, PL, PT, RO, SE, SI, SK)",INT_EU27_2020,Intra-EU27 (from 2020),854231,"Electronic integrated circuits as processors and controllers, whether or not combined with memories, converters, logic circuits, amplifiers, clock and timing circuits, or other circuits",2,EXPORT,QUANTITY_IN_100KG,QUANTITY_IN_100KG,2008,,1230575.33,
dataflow,ESTAT:DS-045409(1.0),EU trade since 1988 by HS2-4-6 and CN8,A,Annual,EU27_2020,"European Union - 27 countries (AT, BE, BG, CY, CZ, DE, DK, EE, ES, FI, FR, GR, HR, HU, IE, IT, LT, LU, LV, MT, NL, PL, PT, RO, SE, SI, SK)",INT_EU27_2020,Intra-EU27 (from 2020),854231,"Electronic integrated circuits as processors and controllers, whether or not combined with memories, converters, logic circuits, amplifiers, clock and timing circuits, or other circuits",2,EXPORT,QUANTITY_IN_100KG,QUANTITY_IN_100KG,2009,,295107.31,
dataflow,ESTAT:DS-045409(1.0),EU trade since 1988 by HS2-4-6 and CN8,A,Annual,EU27_2020,"European Union - 27 countries (AT, BE, BG, CY, CZ, DE, DK, EE, ES, FI, FR, GR, HR, HU, IE, IT, LT, LU, LV, MT, NL, PL, PT, RO, SE, SI, SK)",INT_EU27_2020,Intra-EU27 (from 2020),854231,"Electronic integrated circuits as processors and controllers, whether or not combined with memories, converters, logic circuits, amplifiers, clock and timing circuits, or other circuits",2,EXPORT,QUANTITY_IN_100KG,QUANTITY_IN_100KG,2010,,307997.27,
dataflow,ESTAT:DS-045409(1.0),EU trade since 1988 by HS2-4-6 and CN8,A,Annual,EU27_2020,"European Union - 27 countries (AT, BE, BG, CY, CZ, DE, DK, EE, ES, FI, FR, GR, HR, HU, IE, IT, LT, LU, LV, MT, NL, PL, PT, RO, SE, SI, SK)",INT_EU27_2020,Intra-EU27 (from 2020),854231,"Electronic integrated circuits as processors and controllers, whether or not combined with memories, converters, logic circuits, amplifiers, clock and timing circuits, or other circuits",2,EXPORT,QUANTITY_IN_100KG,QUANTITY_IN_100KG,2011,,277152.16,
dataflow,ESTAT:DS-045409(1.0),EU trade since 1988 by HS2-4-6 and CN8,A,Annual,EU27_2020,"European Union - 27 countries (AT, BE, BG, CY, CZ, DE, DK, EE, ES, FI, FR, GR, HR, HU, IE, IT, LT, LU, LV, MT, NL, PL, PT, RO, SE, SI, SK)",INT_EU27_2020,Intra-EU27 (from 2020),854231,"Electronic integrated circuits as processors and controllers, whether or not combined with memories, converters, logic circuits, amplifiers, clock and timing circuits, or other circuits",2,EXPORT,QUANTITY_IN_100KG,QUANTITY_IN_100KG,2012,,271562.53,
dataflow,ESTAT:DS-045409(1.0),EU trade since 1988 by HS2-4-6 and CN8,A,Annual,EU27_2020,"European Union - 27 countries (AT, BE, BG, CY, CZ, DE, DK, EE, ES, FI, FR, GR, HR, HU, IE, IT, LT, LU, LV, MT, NL, PL, PT, RO, SE, SI, SK)",INT_EU27_2020,Intra-EU27 (from 2020),854231,"Electronic integrated circuits as processors and controllers, whether or not combined with memories, converters, logic circuits, amplifiers, clock and timing circuits, or other circuits",2,EXPORT,QUANTITY_IN_100KG,QUANTITY_IN_100KG,2013,,239716.52,
dataflow,ESTAT:DS-045409(1.0),EU trade since 1988 by HS2-4-6 and CN8,A,Annual,EU27_2020,"European Union - 27 countries (AT, BE, BG, CY, CZ, DE, DK, EE, ES, FI, FR, GR, HR, HU, IE, IT, LT, LU, LV, MT, NL, PL, PT, RO, SE, SI, SK)",INT_EU27_2020,Intra-EU27 (from 2020),854231,"Electronic integrated circuits as processors and controllers, whether or not combined with memories, converters, logic circuits, amplifiers, clock and timing circuits, or other circuits",2,EXPORT,QUANTITY_IN_100KG,QUANTITY_IN_100KG,2014,,202583.16,
dataflow,ESTAT:DS-045409(1.0),EU trade since 1988 by HS2-4-6 and CN8,A,Annual,EU27_2020,"European Union - 27 countries (AT, BE, BG, CY, CZ, DE, DK, EE, ES, FI, FR, GR, HR, HU, IE, IT, LT, LU, LV, MT, NL, PL, PT, RO, SE, SI, SK)",INT_EU27_2020,Intra-EU27 (from 2020),854231,"Electronic integrated circuits as processors and controllers, whether or not combined with memories, converters, logic circuits, amplifiers, clock and timing circuits, or other circuits",2,EXPORT,QUANTITY_IN_100KG,QUANTITY_IN_100KG,2015,,229075.44,
dataflow,ESTAT:DS-045409(1.0),EU trade since 1988 by HS2-4-6 and CN8,A,Annual,EU27_2020,"European Union - 27 countries (AT, BE, BG, CY, CZ, DE, DK, EE, ES, FI, FR, GR, HR, HU, IE, IT, LT, LU, LV, MT, NL, PL, PT, RO, SE, SI, SK)",INT_EU27_2020,Intra-EU27 (from 2020),854231,"Electronic integrated circuits as processors and controllers, whether or not combined with memories, converters, logic circuits, amplifiers, clock and timing circuits, or other circuits",2,EXPORT,QUANTITY_IN_100KG,QUANTITY_IN_100KG,2016,,350952.28,
dataflow,ESTAT:DS-045409(1.0),EU trade since 1988 by HS2-4-6 and CN8,A,Annual,EU27_2020,"European Union - 27 countries (AT, BE, BG, CY, CZ, DE, DK, EE, ES, FI, FR, GR, HR, HU, IE, IT, LT, LU, LV, MT, NL, PL, PT, RO, SE, SI, SK)",INT_EU27_2020,Intra-EU27 (from 2020),854231,"Electronic integrated circuits as processors and controllers, whether or not combined with memories, converters, logic circuits, amplifiers, clock and timing circuits, or other circuits",2,EXPORT,QUANTITY_IN_100KG,QUANTITY_IN_100KG,2017,,365445.43,
dataflow,ESTAT:DS-045409(1.0),EU trade since 1988 by HS2-4-6 and CN8,A,Annual,EU27_2020,"European Union - 27 countries (AT, BE, BG, CY, CZ, DE, DK, EE, ES, FI, FR, GR, HR, HU, IE, IT, LT, LU, LV, MT, NL, PL, PT, RO, SE, SI, SK)",INT_EU27_2020,Intra-EU27 (from 2020),854231,"Electronic integrated circuits as processors and controllers, whether or not combined with memories, converters, logic circuits, amplifiers, clock and timing circuits, or other circuits",2,EXPORT,QUANTITY_IN_100KG,QUANTITY_IN_100KG,2018,,350246.58,
dataflow,ESTAT:DS-045409(1.0),EU trade since 1988 by HS2-4-6 and CN8,A,Annual,EU27_2020,"European Union - 27 countries (AT, BE, BG, CY, CZ, DE, DK, EE, ES, FI, FR, GR, HR, HU, IE, IT, LT, LU, LV, MT, NL, PL, PT, RO, SE, SI, SK)",INT_EU27_2020,Intra-EU27 (from 2020),854231,"Electronic integrated circuits as processors and controllers, whether or not combined with memories, converters, logic circuits, amplifiers, clock and timing circuits, or other circuits",2,EXPORT,QUANTITY_IN_100KG,QUANTITY_IN_100KG,2019,,258611.04,
dataflow,ESTAT:DS-045409(1.0),EU trade since 1988 by HS2-4-6 and CN8,A,Annual,EU27_2020,"European Union - 27 countries (AT, BE, BG, CY, CZ, DE, DK, EE, ES, FI, FR, GR, HR, HU, IE, IT, LT, LU, LV, MT, NL, PL, PT, RO, SE, SI, SK)",INT_EU27_2020,Intra-EU27 (from 2020),854231,"Electronic integrated circuits as processors and controllers, whether or not combined with memories, converters, logic circuits, amplifiers, clock and timing circuits, or other circuits",2,EXPORT,QUANTITY_IN_100KG,QUANTITY_IN_100KG,2020,,207043.26,
dataflow,ESTAT:DS-045409(1.0),EU trade since 1988 by HS2-4-6 and CN8,A,Annual,EU27_2020,"European Union - 27 countries (AT, BE, BG, CY, CZ, DE, DK, EE, ES, FI, FR, GR, HR, HU, IE, IT, LT, LU, LV, MT, NL, PL, PT, RO, SE, SI, SK)",INT_EU27_2020,Intra-EU27 (from 2020),854231,"Electronic integrated circuits as processors and controllers, whether or not combined with memories, converters, logic circuits, amplifiers, clock and timing circuits, or other circuits",2,EXPORT,QUANTITY_IN_100KG,QUANTITY_IN_100KG,2021,,202596.14,
dataflow,ESTAT:DS-045409(1.0),EU trade since 1988 by HS2-4-6 and CN8,A,Annual,EU27_2020,"European Union - 27 countries (AT, BE, BG, CY, CZ, DE, DK, EE, ES, FI, FR, GR, HR, HU, IE, IT, LT, LU, LV, MT, NL, PL, PT, RO, SE, SI, SK)",INT_EU27_2020,Intra-EU27 (from 2020),854231,"Electronic integrated circuits as processors and controllers, whether or not combined with memories, converters, logic circuits, amplifiers, clock and timing circuits, or other circuits",2,EXPORT,QUANTITY_IN_100KG,QUANTITY_IN_100KG,2022,,196623.08,
dataflow,ESTAT:DS-045409(1.0),EU trade since 1988 by HS2-4-6 and CN8,A,Annual,EU27_2020,"European Union - 27 countries (AT, BE, BG, CY, CZ, DE, DK, EE, ES, FI, FR, GR, HR, HU, IE, IT, LT, LU, LV, MT, NL, PL, PT, RO, SE, SI, SK)",INT_EU27_2020,Intra-EU27 (from 2020),854231,"Electronic integrated circuits as processors and controllers, whether or not combined with memories, converters, logic circuits, amplifiers, clock and timing circuits, or other circuits",2,EXPORT,QUANTITY_IN_100KG,QUANTITY_IN_100KG,2023,,211603.41,
dataflow,ESTAT:DS-045409(1.0),EU trade since 1988 by HS2-4-6 and CN8,A,Annual,EU27_2020,"European Union - 27 countries (AT, BE, BG, CY, CZ, DE, DK, EE, ES, FI, FR, GR, HR, HU, IE, IT, LT, LU, LV, MT, NL, PL, PT, RO, SE, SI, SK)",INT_EU27_2020,Intra-EU27 (from 2020),854231,"Electronic integrated circuits as processors and controllers, whether or not combined with memories, converters, logic circuits, amplifiers, clock and timing circuits, or other circuits",2,EXPORT,QUANTITY_IN_100KG,QUANTITY_IN_100KG,2024,,181823.59,
dataflow,ESTAT:DS-045409(1.0),EU trade since 1988 by HS2-4-6 and CN8,A,Annual,EU27_2020,"European Union - 27 countries (AT, BE, BG, CY, CZ, DE, DK, EE, ES, FI, FR, GR, HR, HU, IE, IT, LT, LU, LV, MT, NL, PL, PT, RO, SE, SI, SK)",INT_EU27_2020,Intra-EU27 (from 2020),854231,"Electronic integrated circuits as processors and controllers, whether or not combined with memories, converters, logic circuits, amplifiers, clock and timing circuits, or other circuits",2,EXPORT,QUANTITY_IN_100KG,QUANTITY_IN_100KG,2025,,266873.10,
dataflow,ESTAT:DS-045409(1.0),EU trade since 1988 by HS2-4-6 and CN8,A,Annual,EU27_2020,"European Union - 27 countries (AT, BE, BG, CY, CZ, DE, DK, EE, ES, FI, FR, GR, HR, HU, IE, IT, LT, LU, LV, MT, NL, PL, PT, RO, SE, SI, SK)",INT_EU27_2020,Intra-EU27 (from 2020),854231,"Electronic integrated circuits as processors and controllers, whether or not combined with memories, converters, logic circuits, amplifiers, clock and timing circuits, or other circuits",2,EXPORT,VALUE_IN_EUROS,VALUE_IN_EUROS,2007,,7168823139,
dataflow,ESTAT:DS-045409(1.0),EU trade since 1988 by HS2-4-6 and CN8,A,Annual,EU27_2020,"European Union - 27 countries (AT, BE, BG, CY, CZ, DE, DK, EE, ES, FI, FR, GR, HR, HU, IE, IT, LT, LU, LV, MT, NL, PL, PT, RO, SE, SI, SK)",INT_EU27_2020,Intra-EU27 (from 2020),854231,"Electronic integrated circuits as processors and controllers, whether or not combined with memories, converters, logic circuits, amplifiers, clock and timing circuits, or other circuits",2,EXPORT,VALUE_IN_EUROS,VALUE_IN_EUROS,2008,,6423224213,
dataflow,ESTAT:DS-045409(1.0),EU trade since 1988 by HS2-4-6 and CN8,A,Annual,EU27_2020,"European Union - 27 countries (AT, BE, BG, CY, CZ, DE, DK, EE, ES, FI, FR, GR, HR, HU, IE, IT, LT, LU, LV, MT, NL, PL, PT, RO, SE, SI, SK)",INT_EU27_2020,Intra-EU27 (from 2020),854231,"Electronic integrated circuits as processors and controllers, whether or not combined with memories, converters, logic circuits, amplifiers, clock and timing circuits, or other circuits",2,EXPORT,VALUE_IN_EUROS,VALUE_IN_EUROS,2009,,5067812530,
dataflow,ESTAT:DS-045409(1.0),EU trade since 1988 by HS2-4-6 and CN8,A,Annual,EU27_2020,"European Union - 27 countries (AT, BE, BG, CY, CZ, DE, DK, EE, ES, FI, FR, GR, HR, HU, IE, IT, LT, LU, LV, MT, NL, PL, PT, RO, SE, SI, SK)",INT_EU27_2020,Intra-EU27 (from 2020),854231,"Electronic integrated circuits as processors and controllers, whether or not combined with memories, converters, logic circuits, amplifiers, clock and timing circuits, or other circuits",2,EXPORT,VALUE_IN_EUROS,VALUE_IN_EUROS,2010,,6374853126,
dataflow,ESTAT:DS-045409(1.0),EU trade since 1988 by HS2-4-6 and CN8,A,Annual,EU27_2020,"European Union - 27 countries (AT, BE, BG, CY, CZ, DE, DK, EE, ES, FI, FR, GR, HR, HU, IE, IT, LT, LU, LV, MT, NL, PL, PT, RO, SE, SI, SK)",INT_EU27_2020,Intra-EU27 (from 2020),854231,"Electronic integrated circuits as processors and controllers, whether or not combined with memories, converters, logic circuits, amplifiers, clock and timing circuits, or other circuits",2,EXPORT,VALUE_IN_EUROS,VALUE_IN_EUROS,2011,,6485940857,
dataflow,ESTAT:DS-045409(1.0),EU trade since 1988 by HS2-4-6 and CN8,A,Annual,EU27_2020,"European Union - 27 countries (AT, BE, BG, CY, CZ, DE, DK, EE, ES, FI, FR, GR, HR, HU, IE, IT, LT, LU, LV, MT, NL, PL, PT, RO, SE, SI, SK)",INT_EU27_2020,Intra-EU27 (from 2020),854231,"Electronic integrated circuits as processors and controllers, whether or not combined with memories, converters, logic circuits, amplifiers, clock and timing circuits, or other circuits",2,EXPORT,VALUE_IN_EUROS,VALUE_IN_EUROS,2012,,6279984574,
dataflow,ESTAT:DS-045409(1.0),EU trade since 1988 by HS2-4-6 and CN8,A,Annual,EU27_2020,"European Union - 27 countries (AT, BE, BG, CY, CZ, DE, DK, EE, ES, FI, FR, GR, HR, HU, IE, IT, LT, LU, LV, MT, NL, PL, PT, RO, SE, SI, SK)",INT_EU27_2020,Intra-EU27 (from 2020),854231,"Electronic integrated circuits as processors and controllers, whether or not combined with memories, converters, logic circuits, amplifiers, clock and timing circuits, or other circuits",2,EXPORT,VALUE_IN_EUROS,VALUE_IN_EUROS,2013,,6079922054,
dataflow,ESTAT:DS-045409(1.0),EU trade since 1988 by HS2-4-6 and CN8,A,Annual,EU27_2020,"European Union - 27 countries (AT, BE, BG, CY, CZ, DE, DK, EE, ES, FI, FR, GR, HR, HU, IE, IT, LT, LU, LV, MT, NL, PL, PT, RO, SE, SI, SK)",INT_EU27_2020,Intra-EU27 (from 2020),854231,"Electronic integrated circuits as processors and controllers, whether or not combined with memories, converters, logic circuits, amplifiers, clock and timing circuits, or other circuits",2,EXPORT,VALUE_IN_EUROS,VALUE_IN_EUROS,2014,,5935225209,
dataflow,ESTAT:DS-045409(1.0),EU trade since 1988 by HS2-4-6 and CN8,A,Annual,EU27_2020,"European Union - 27 countries (AT, BE, BG, CY, CZ, DE, DK, EE, ES, FI, FR, GR, HR, HU, IE, IT, LT, LU, LV, MT, NL, PL, PT, RO, SE, SI, SK)",INT_EU27_2020,Intra-EU27 (from 2020),854231,"Electronic integrated circuits as processors and controllers, whether or not combined with memories, converters, logic circuits, amplifiers, clock and timing circuits, or other circuits",2,EXPORT,VALUE_IN_EUROS,VALUE_IN_EUROS,2015,,6621504033,
dataflow,ESTAT:DS-045409(1.0),EU trade since 1988 by HS2-4-6 and CN8,A,Annual,EU27_2020,"European Union - 27 countries (AT, BE, BG, CY, CZ, DE, DK, EE, ES, FI, FR, GR, HR, HU, IE, IT, LT, LU, LV, MT, NL, PL, PT, RO, SE, SI, SK)",INT_EU27_2020,Intra-EU27 (from 2020),854231,"Electronic integrated circuits as processors and controllers, whether or not combined with memories, converters, logic circuits, amplifiers, clock and timing circuits, or other circuits",2,EXPORT,VALUE_IN_EUROS,VALUE_IN_EUROS,2016,,8193693687,
dataflow,ESTAT:DS-045409(1.0),EU trade since 1988 by HS2-4-6 and CN8,A,Annual,EU27_2020,"European Union - 27 countries (AT, BE, BG, CY, CZ, DE, DK, EE, ES, FI, FR, GR, HR, HU, IE, IT, LT, LU, LV, MT, NL, PL, PT, RO, SE, SI, SK)",INT_EU27_2020,Intra-EU27 (from 2020),854231,"Electronic integrated circuits as processors and controllers, whether or not combined with memories, converters, logic circuits, amplifiers, clock and timing circuits, or other circuits",2,EXPORT,VALUE_IN_EUROS,VALUE_IN_EUROS,2017,,12009147141,
dataflow,ESTAT:DS-045409(1.0),EU trade since 1988 by HS2-4-6 and CN8,A,Annual,EU27_2020,"European Union - 27 countries (AT, BE, BG, CY, CZ, DE, DK, EE, ES, FI, FR, GR, HR, HU, IE, IT, LT, LU, LV, MT, NL, PL, PT, RO, SE, SI, SK)",INT_EU27_2020,Intra-EU27 (from 2020),854231,"Electronic integrated circuits as processors and controllers, whether or not combined with memories, converters, logic circuits, amplifiers, clock and timing circuits, or other circuits",2,EXPORT,VALUE_IN_EUROS,VALUE_IN_EUROS,2018,,12414908110,
dataflow,ESTAT:DS-045409(1.0),EU trade since 1988 by HS2-4-6 and CN8,A,Annual,EU27_2020,"European Union - 27 countries (AT, BE, BG, CY, CZ, DE, DK, EE, ES, FI, FR, GR, HR, HU, IE, IT, LT, LU, LV, MT, NL, PL, PT, RO, SE, SI, SK)",INT_EU27_2020,Intra-EU27 (from 2020),854231,"Electronic integrated circuits as processors and controllers, whether or not combined with memories, converters, logic circuits, amplifiers, clock and timing circuits, or other circuits",2,EXPORT,VALUE_IN_EUROS,VALUE_IN_EUROS,2019,,12934005279,
dataflow,ESTAT:DS-045409(1.0),EU trade since 1988 by HS2-4-6 and CN8,A,Annual,EU27_2020,"European Union - 27 countries (AT, BE, BG, CY, CZ, DE, DK, EE, ES, FI, FR, GR, HR, HU, IE, IT, LT, LU, LV, MT, NL, PL, PT, RO, SE, SI, SK)",INT_EU27_2020,Intra-EU27 (from 2020),854231,"Electronic integrated circuits as processors and controllers, whether or not combined with memories, converters, logic circuits, amplifiers, clock and timing circuits, or other circuits",2,EXPORT,VALUE_IN_EUROS,VALUE_IN_EUROS,2020,,12578962338,
dataflow,ESTAT:DS-045409(1.0),EU trade since 1988 by HS2-4-6 and CN8,A,Annual,EU27_2020,"European Union - 27 countries (AT, BE, BG, CY, CZ, DE, DK, EE, ES, FI, FR, GR, HR, HU, IE, IT, LT, LU, LV, MT, NL, PL, PT, RO, SE, SI, SK)",INT_EU27_2020,Intra-EU27 (from 2020),854231,"Electronic integrated circuits as processors and controllers, whether or not combined with memories, converters, logic circuits, amplifiers, clock and timing circuits, or other circuits",2,EXPORT,VALUE_IN_EUROS,VALUE_IN_EUROS,2021,,13982067104,
dataflow,ESTAT:DS-045409(1.0),EU trade since 1988 by HS2-4-6 and CN8,A,Annual,EU27_2020,"European Union - 27 countries (AT, BE, BG, CY, CZ, DE, DK, EE, ES, FI, FR, GR, HR, HU, IE, IT, LT, LU, LV, MT, NL, PL, PT, RO, SE, SI, SK)",INT_EU27_2020,Intra-EU27 (from 2020),854231,"Electronic integrated circuits as processors and controllers, whether or not combined with memories, converters, logic circuits, amplifiers, clock and timing circuits, or other circuits",2,EXPORT,VALUE_IN_EUROS,VALUE_IN_EUROS,2022,,17600978888,
dataflow,ESTAT:DS-045409(1.0),EU trade since 1988 by HS2-4-6 and CN8,A,Annual,EU27_2020,"European Union - 27 countries (AT, BE, BG, CY, CZ, DE, DK, EE, ES, FI, FR, GR, HR, HU, IE, IT, LT, LU, LV, MT, NL, PL, PT, RO, SE, SI, SK)",INT_EU27_2020,Intra-EU27 (from 2020),854231,"Electronic integrated circuits as processors and controllers, whether or not combined with memories, converters, logic circuits, amplifiers, clock and timing circuits, or other circuits",2,EXPORT,VALUE_IN_EUROS,VALUE_IN_EUROS,2023,,17028406806,
dataflow,ESTAT:DS-045409(1.0),EU trade since 1988 by HS2-4-6 and CN8,A,Annual,EU27_2020,"European Union - 27 countries (AT, BE, BG, CY, CZ, DE, DK, EE, ES, FI, FR, GR, HR, HU, IE, IT, LT, LU, LV, MT, NL, PL, PT, RO, SE, SI, SK)",INT_EU27_2020,Intra-EU27 (from 2020),854231,"Electronic integrated circuits as processors and controllers, whether or not combined with memories, converters, logic circuits, amplifiers, clock and timing circuits, or other circuits",2,EXPORT,VALUE_IN_EUROS,VALUE_IN_EUROS,2024,,15734603305,
dataflow,ESTAT:DS-045409(1.0),EU trade since 1988 by HS2-4-6 and CN8,A,Annual,EU27_2020,"European Union - 27 countries (AT, BE, BG, CY, CZ, DE, DK, EE, ES, FI, FR, GR, HR, HU, IE, IT, LT, LU, LV, MT, NL, PL, PT, RO, SE, SI, SK)",INT_EU27_2020,Intra-EU27 (from 2020),854231,"Electronic integrated circuits as processors and controllers, whether or not combined with memories, converters, logic circuits, amplifiers, clock and timing circuits, or other circuits",2,EXPORT,VALUE_IN_EUROS,VALUE_IN_EUROS,2025,,15707627676,
dataflow,ESTAT:DS-045409(1.0),EU trade since 1988 by HS2-4-6 and CN8,A,Annual,EU27_2020,"European Union - 27 countries (AT, BE, BG, CY, CZ, DE, DK, EE, ES, FI, FR, GR, HR, HU, IE, IT, LT, LU, LV, MT, NL, PL, PT, RO, SE, SI, SK)",INT_EU27_2020,Intra-EU27 (from 2020),854232,Electronic integrated circuits as memories,1,IMPORT,QUANTITY_IN_100KG,QUANTITY_IN_100KG,2007,,84863.97,
dataflow,ESTAT:DS-045409(1.0),EU trade since 1988 by HS2-4-6 and CN8,A,Annual,EU27_2020,"European Union - 27 countries (AT, BE, BG, CY, CZ, DE, DK, EE, ES, FI, FR, GR, HR, HU, IE, IT, LT, LU, LV, MT, NL, PL, PT, RO, SE, SI, SK)",INT_EU27_2020,Intra-EU27 (from 2020),854232,Electronic integrated circuits as memories,1,IMPORT,QUANTITY_IN_100KG,QUANTITY_IN_100KG,2008,,97776.35,
dataflow,ESTAT:DS-045409(1.0),EU trade since 1988 by HS2-4-6 and CN8,A,Annual,EU27_2020,"European Union - 27 countries (AT, BE, BG, CY, CZ, DE, DK, EE, ES, FI, FR, GR, HR, HU, IE, IT, LT, LU, LV, MT, NL, PL, PT, RO, SE, SI, SK)",INT_EU27_2020,Intra-EU27 (from 2020),854232,Electronic integrated circuits as memories,1,IMPORT,QUANTITY_IN_100KG,QUANTITY_IN_100KG,2009,,92988.55,
dataflow,ESTAT:DS-045409(1.0),EU trade since 1988 by HS2-4-6 and CN8,A,Annual,EU27_2020,"European Union - 27 countries (AT, BE, BG, CY, CZ, DE, DK, EE, ES, FI, FR, GR, HR, HU, IE, IT, LT, LU, LV, MT, NL, PL, PT, RO, SE, SI, SK)",INT_EU27_2020,Intra-EU27 (from 2020),854232,Electronic integrated circuits as memories,1,IMPORT,QUANTITY_IN_100KG,QUANTITY_IN_100KG,2010,,109361.44,
dataflow,ESTAT:DS-045409(1.0),EU trade since 1988 by HS2-4-6 and CN8,A,Annual,EU27_2020,"European Union - 27 countries (AT, BE, BG, CY, CZ, DE, DK, EE, ES, FI, FR, GR, HR, HU, IE, IT, LT, LU, LV, MT, NL, PL, PT, RO, SE, SI, SK)",INT_EU27_2020,Intra-EU27 (from 2020),854232,Electronic integrated circuits as memories,1,IMPORT,QUANTITY_IN_100KG,QUANTITY_IN_100KG,2011,,114582.41,
dataflow,ESTAT:DS-045409(1.0),EU trade since 1988 by HS2-4-6 and CN8,A,Annual,EU27_2020,"European Union - 27 countries (AT, BE, BG, CY, CZ, DE, DK, EE, ES, FI, FR, GR, HR, HU, IE, IT, LT, LU, LV, MT, NL, PL, PT, RO, SE, SI, SK)",INT_EU27_2020,Intra-EU27 (from 2020),854232,Electronic integrated circuits as memories,1,IMPORT,QUANTITY_IN_100KG,QUANTITY_IN_100KG,2012,,172632.05,
dataflow,ESTAT:DS-045409(1.0),EU trade since 1988 by HS2-4-6 and CN8,A,Annual,EU27_2020,"European Union - 27 countries (AT, BE, BG, CY, CZ, DE, DK, EE, ES, FI, FR, GR, HR, HU, IE, IT, LT, LU, LV, MT, NL, PL, PT, RO, SE, SI, SK)",INT_EU27_2020,Intra-EU27 (from 2020),854232,Electronic integrated circuits as memories,1,IMPORT,QUANTITY_IN_100KG,QUANTITY_IN_100KG,2013,,90246.78,
dataflow,ESTAT:DS-045409(1.0),EU trade since 1988 by HS2-4-6 and CN8,A,Annual,EU27_2020,"European Union - 27 countries (AT, BE, BG, CY, CZ, DE, DK, EE, ES, FI, FR, GR, HR, HU, IE, IT, LT, LU, LV, MT, NL, PL, PT, RO, SE, SI, SK)",INT_EU27_2020,Intra-EU27 (from 2020),854232,Electronic integrated circuits as memories,1,IMPORT,QUANTITY_IN_100KG,QUANTITY_IN_100KG,2014,,88437.26,
dataflow,ESTAT:DS-045409(1.0),EU trade since 1988 by HS2-4-6 and CN8,A,Annual,EU27_2020,"European Union - 27 countries (AT, BE, BG, CY, CZ, DE, DK, EE, ES, FI, FR, GR, HR, HU, IE, IT, LT, LU, LV, MT, NL, PL, PT, RO, SE, SI, SK)",INT_EU27_2020,Intra-EU27 (from 2020),854232,Electronic integrated circuits as memories,1,IMPORT,QUANTITY_IN_100KG,QUANTITY_IN_100KG,2015,,76861.08,
dataflow,ESTAT:DS-045409(1.0),EU trade since 1988 by HS2-4-6 and CN8,A,Annual,EU27_2020,"European Union - 27 countries (AT, BE, BG, CY, CZ, DE, DK, EE, ES, FI, FR, GR, HR, HU, IE, IT, LT, LU, LV, MT, NL, PL, PT, RO, SE, SI, SK)",INT_EU27_2020,Intra-EU27 (from 2020),854232,Electronic integrated circuits as memories,1,IMPORT,QUANTITY_IN_100KG,QUANTITY_IN_100KG,2016,,94276.58,
dataflow,ESTAT:DS-045409(1.0),EU trade since 1988 by HS2-4-6 and CN8,A,Annual,EU27_2020,"European Union - 27 countries (AT, BE, BG, CY, CZ, DE, DK, EE, ES, FI, FR, GR, HR, HU, IE, IT, LT, LU, LV, MT, NL, PL, PT, RO, SE, SI, SK)",INT_EU27_2020,Intra-EU27 (from 2020),854232,Electronic integrated circuits as memories,1,IMPORT,QUANTITY_IN_100KG,QUANTITY_IN_100KG,2017,,100322.10,
dataflow,ESTAT:DS-045409(1.0),EU trade since 1988 by HS2-4-6 and CN8,A,Annual,EU27_2020,"European Union - 27 countries (AT, BE, BG, CY, CZ, DE, DK, EE, ES, FI, FR, GR, HR, HU, IE, IT, LT, LU, LV, MT, NL, PL, PT, RO, SE, SI, SK)",INT_EU27_2020,Intra-EU27 (from 2020),854232,Electronic integrated circuits as memories,1,IMPORT,QUANTITY_IN_100KG,QUANTITY_IN_100KG,2018,,100107.24,
dataflow,ESTAT:DS-045409(1.0),EU trade since 1988 by HS2-4-6 and CN8,A,Annual,EU27_2020,"European Union - 27 countries (AT, BE, BG, CY, CZ, DE, DK, EE, ES, FI, FR, GR, HR, HU, IE, IT, LT, LU, LV, MT, NL, PL, PT, RO, SE, SI, SK)",INT_EU27_2020,Intra-EU27 (from 2020),854232,Electronic integrated circuits as memories,1,IMPORT,QUANTITY_IN_100KG,QUANTITY_IN_100KG,2019,,114295.29,
dataflow,ESTAT:DS-045409(1.0),EU trade since 1988 by HS2-4-6 and CN8,A,Annual,EU27_2020,"European Union - 27 countries (AT, BE, BG, CY, CZ, DE, DK, EE, ES, FI, FR, GR, HR, HU, IE, IT, LT, LU, LV, MT, NL, PL, PT, RO, SE, SI, SK)",INT_EU27_2020,Intra-EU27 (from 2020),854232,Electronic integrated circuits as memories,1,IMPORT,QUANTITY_IN_100KG,QUANTITY_IN_100KG,2020,,99675.41,
dataflow,ESTAT:DS-045409(1.0),EU trade since 1988 by HS2-4-6 and CN8,A,Annual,EU27_2020,"European Union - 27 countries (AT, BE, BG, CY, CZ, DE, DK, EE, ES, FI, FR, GR, HR, HU, IE, IT, LT, LU, LV, MT, NL, PL, PT, RO, SE, SI, SK)",INT_EU27_2020,Intra-EU27 (from 2020),854232,Electronic integrated circuits as memories,1,IMPORT,QUANTITY_IN_100KG,QUANTITY_IN_100KG,2021,,120198.02,
dataflow,ESTAT:DS-045409(1.0),EU trade since 1988 by HS2-4-6 and CN8,A,Annual,EU27_2020,"European Union - 27 countries (AT, BE, BG, CY, CZ, DE, DK, EE, ES, FI, FR, GR, HR, HU, IE, IT, LT, LU, LV, MT, NL, PL, PT, RO, SE, SI, SK)",INT_EU27_2020,Intra-EU27 (from 2020),854232,Electronic integrated circuits as memories,1,IMPORT,QUANTITY_IN_100KG,QUANTITY_IN_100KG,2022,,99155.66,
dataflow,ESTAT:DS-045409(1.0),EU trade since 1988 by HS2-4-6 and CN8,A,Annual,EU27_2020,"European Union - 27 countries (AT, BE, BG, CY, CZ, DE, DK, EE, ES, FI, FR, GR, HR, HU, IE, IT, LT, LU, LV, MT, NL, PL, PT, RO, SE, SI, SK)",INT_EU27_2020,Intra-EU27 (from 2020),854232,Electronic integrated circuits as memories,1,IMPORT,QUANTITY_IN_100KG,QUANTITY_IN_100KG,2023,,109917.11,
dataflow,ESTAT:DS-045409(1.0),EU trade since 1988 by HS2-4-6 and CN8,A,Annual,EU27_2020,"European Union - 27 countries (AT, BE, BG, CY, CZ, DE, DK, EE, ES, FI, FR, GR, HR, HU, IE, IT, LT, LU, LV, MT, NL, PL, PT, RO, SE, SI, SK)",INT_EU27_2020,Intra-EU27 (from 2020),854232,Electronic integrated circuits as memories,1,IMPORT,QUANTITY_IN_100KG,QUANTITY_IN_100KG,2024,,76746.44,
dataflow,ESTAT:DS-045409(1.0),EU trade since 1988 by HS2-4-6 and CN8,A,Annual,EU27_2020,"European Union - 27 countries (AT, BE, BG, CY, CZ, DE, DK, EE, ES, FI, FR, GR, HR, HU, IE, IT, LT, LU, LV, MT, NL, PL, PT, RO, SE, SI, SK)",INT_EU27_2020,Intra-EU27 (from 2020),854232,Electronic integrated circuits as memories,1,IMPORT,QUANTITY_IN_100KG,QUANTITY_IN_100KG,2025,,63629.72,
dataflow,ESTAT:DS-045409(1.0),EU trade since 1988 by HS2-4-6 and CN8,A,Annual,EU27_2020,"European Union - 27 countries (AT, BE, BG, CY, CZ, DE, DK, EE, ES, FI, FR, GR, HR, HU, IE, IT, LT, LU, LV, MT, NL, PL, PT, RO, SE, SI, SK)",INT_EU27_2020,Intra-EU27 (from 2020),854232,Electronic integrated circuits as memories,1,IMPORT,VALUE_IN_EUROS,VALUE_IN_EUROS,2007,,2986317779,
dataflow,ESTAT:DS-045409(1.0),EU trade since 1988 by HS2-4-6 and CN8,A,Annual,EU27_2020,"European Union - 27 countries (AT, BE, BG, CY, CZ, DE, DK, EE, ES, FI, FR, GR, HR, HU, IE, IT, LT, LU, LV, MT, NL, PL, PT, RO, SE, SI, SK)",INT_EU27_2020,Intra-EU27 (from 2020),854232,Electronic integrated circuits as memories,1,IMPORT,VALUE_IN_EUROS,VALUE_IN_EUROS,2008,,1974063880,
dataflow,ESTAT:DS-045409(1.0),EU trade since 1988 by HS2-4-6 and CN8,A,Annual,EU27_2020,"European Union - 27 countries (AT, BE, BG, CY, CZ, DE, DK, EE, ES, FI, FR, GR, HR, HU, IE, IT, LT, LU, LV, MT, NL, PL, PT, RO, SE, SI, SK)",INT_EU27_2020,Intra-EU27 (from 2020),854232,Electronic integrated circuits as memories,1,IMPORT,VALUE_IN_EUROS,VALUE_IN_EUROS,2009,,1471681068,
dataflow,ESTAT:DS-045409(1.0),EU trade since 1988 by HS2-4-6 and CN8,A,Annual,EU27_2020,"European Union - 27 countries (AT, BE, BG, CY, CZ, DE, DK, EE, ES, FI, FR, GR, HR, HU, IE, IT, LT, LU, LV, MT, NL, PL, PT, RO, SE, SI, SK)",INT_EU27_2020,Intra-EU27 (from 2020),854232,Electronic integrated circuits as memories,1,IMPORT,VALUE_IN_EUROS,VALUE_IN_EUROS,2010,,1786720381,
dataflow,ESTAT:DS-045409(1.0),EU trade since 1988 by HS2-4-6 and CN8,A,Annual,EU27_2020,"European Union - 27 countries (AT, BE, BG, CY, CZ, DE, DK, EE, ES, FI, FR, GR, HR, HU, IE, IT, LT, LU, LV, MT, NL, PL, PT, RO, SE, SI, SK)",INT_EU27_2020,Intra-EU27 (from 2020),854232,Electronic integrated circuits as memories,1,IMPORT,VALUE_IN_EUROS,VALUE_IN_EUROS,2011,,1533511189,
dataflow,ESTAT:DS-045409(1.0),EU trade since 1988 by HS2-4-6 and CN8,A,Annual,EU27_2020,"European Union - 27 countries (AT, BE, BG, CY, CZ, DE, DK, EE, ES, FI, FR, GR, HR, HU, IE, IT, LT, LU, LV, MT, NL, PL, PT, RO, SE, SI, SK)",INT_EU27_2020,Intra-EU27 (from 2020),854232,Electronic integrated circuits as memories,1,IMPORT,VALUE_IN_EUROS,VALUE_IN_EUROS,2012,,1350470851,
dataflow,ESTAT:DS-045409(1.0),EU trade since 1988 by HS2-4-6 and CN8,A,Annual,EU27_2020,"European Union - 27 countries (AT, BE, BG, CY, CZ, DE, DK, EE, ES, FI, FR, GR, HR, HU, IE, IT, LT, LU, LV, MT, NL, PL, PT, RO, SE, SI, SK)",INT_EU27_2020,Intra-EU27 (from 2020),854232,Electronic integrated circuits as memories,1,IMPORT,VALUE_IN_EUROS,VALUE_IN_EUROS,2013,,1302112960,
dataflow,ESTAT:DS-045409(1.0),EU trade since 1988 by HS2-4-6 and CN8,A,Annual,EU27_2020,"European Union - 27 countries (AT, BE, BG, CY, CZ, DE, DK, EE, ES, FI, FR, GR, HR, HU, IE, IT, LT, LU, LV, MT, NL, PL, PT, RO, SE, SI, SK)",INT_EU27_2020,Intra-EU27 (from 2020),854232,Electronic integrated circuits as memories,1,IMPORT,VALUE_IN_EUROS,VALUE_IN_EUROS,2014,,1173903766,
dataflow,ESTAT:DS-045409(1.0),EU trade since 1988 by HS2-4-6 and CN8,A,Annual,EU27_2020,"European Union - 27 countries (AT, BE, BG, CY, CZ, DE, DK, EE, ES, FI, FR, GR, HR, HU, IE, IT, LT, LU, LV, MT, NL, PL, PT, RO, SE, SI, SK)",INT_EU27_2020,Intra-EU27 (from 2020),854232,Electronic integrated circuits as memories,1,IMPORT,VALUE_IN_EUROS,VALUE_IN_EUROS,2015,,1207802470,
dataflow,ESTAT:DS-045409(1.0),EU trade since 1988 by HS2-4-6 and CN8,A,Annual,EU27_2020,"European Union - 27 countries (AT, BE, BG, CY, CZ, DE, DK, EE, ES, FI, FR, GR, HR, HU, IE, IT, LT, LU, LV, MT, NL, PL, PT, RO, SE, SI, SK)",INT_EU27_2020,Intra-EU27 (from 2020),854232,Electronic integrated circuits as memories,1,IMPORT,VALUE_IN_EUROS,VALUE_IN_EUROS,2016,,1316907915,
dataflow,ESTAT:DS-045409(1.0),EU trade since 1988 by HS2-4-6 and CN8,A,Annual,EU27_2020,"European Union - 27 countries (AT, BE, BG, CY, CZ, DE, DK, EE, ES, FI, FR, GR, HR, HU, IE, IT, LT, LU, LV, MT, NL, PL, PT, RO, SE, SI, SK)",INT_EU27_2020,Intra-EU27 (from 2020),854232,Electronic integrated circuits as memories,1,IMPORT,VALUE_IN_EUROS,VALUE_IN_EUROS,2017,,1607777266,
dataflow,ESTAT:DS-045409(1.0),EU trade since 1988 by HS2-4-6 and CN8,A,Annual,EU27_2020,"European Union - 27 countries (AT, BE, BG, CY, CZ, DE, DK, EE, ES, FI, FR, GR, HR, HU, IE, IT, LT, LU, LV, MT, NL, PL, PT, RO, SE, SI, SK)",INT_EU27_2020,Intra-EU27 (from 2020),854232,Electronic integrated circuits as memories,1,IMPORT,VALUE_IN_EUROS,VALUE_IN_EUROS,2018,,1823739881,
dataflow,ESTAT:DS-045409(1.0),EU trade since 1988 by HS2-4-6 and CN8,A,Annual,EU27_2020,"European Union - 27 countries (AT, BE, BG, CY, CZ, DE, DK, EE, ES, FI, FR, GR, HR, HU, IE, IT, LT, LU, LV, MT, NL, PL, PT, RO, SE, SI, SK)",INT_EU27_2020,Intra-EU27 (from 2020),854232,Electronic integrated circuits as memories,1,IMPORT,VALUE_IN_EUROS,VALUE_IN_EUROS,2019,,1681749485,
dataflow,ESTAT:DS-045409(1.0),EU trade since 1988 by HS2-4-6 and CN8,A,Annual,EU27_2020,"European Union - 27 countries (AT, BE, BG, CY, CZ, DE, DK, EE, ES, FI, FR, GR, HR, HU, IE, IT, LT, LU, LV, MT, NL, PL, PT, RO, SE, SI, SK)",INT_EU27_2020,Intra-EU27 (from 2020),854232,Electronic integrated circuits as memories,1,IMPORT,VALUE_IN_EUROS,VALUE_IN_EUROS,2020,,1536208076,
dataflow,ESTAT:DS-045409(1.0),EU trade since 1988 by HS2-4-6 and CN8,A,Annual,EU27_2020,"European Union - 27 countries (AT, BE, BG, CY, CZ, DE, DK, EE, ES, FI, FR, GR, HR, HU, IE, IT, LT, LU, LV, MT, NL, PL, PT, RO, SE, SI, SK)",INT_EU27_2020,Intra-EU27 (from 2020),854232,Electronic integrated circuits as memories,1,IMPORT,VALUE_IN_EUROS,VALUE_IN_EUROS,2021,,1974913873,
dataflow,ESTAT:DS-045409(1.0),EU trade since 1988 by HS2-4-6 and CN8,A,Annual,EU27_2020,"European Union - 27 countries (AT, BE, BG, CY, CZ, DE, DK, EE, ES, FI, FR, GR, HR, HU, IE, IT, LT, LU, LV, MT, NL, PL, PT, RO, SE, SI, SK)",INT_EU27_2020,Intra-EU27 (from 2020),854232,Electronic integrated circuits as memories,1,IMPORT,VALUE_IN_EUROS,VALUE_IN_EUROS,2022,,1948315068,
dataflow,ESTAT:DS-045409(1.0),EU trade since 1988 by HS2-4-6 and CN8,A,Annual,EU27_2020,"European Union - 27 countries (AT, BE, BG, CY, CZ, DE, DK, EE, ES, FI, FR, GR, HR, HU, IE, IT, LT, LU, LV, MT, NL, PL, PT, RO, SE, SI, SK)",INT_EU27_2020,Intra-EU27 (from 2020),854232,Electronic integrated circuits as memories,1,IMPORT,VALUE_IN_EUROS,VALUE_IN_EUROS,2023,,1834771576,
dataflow,ESTAT:DS-045409(1.0),EU trade since 1988 by HS2-4-6 and CN8,A,Annual,EU27_2020,"European Union - 27 countries (AT, BE, BG, CY, CZ, DE, DK, EE, ES, FI, FR, GR, HR, HU, IE, IT, LT, LU, LV, MT, NL, PL, PT, RO, SE, SI, SK)",INT_EU27_2020,Intra-EU27 (from 2020),854232,Electronic integrated circuits as memories,1,IMPORT,VALUE_IN_EUROS,VALUE_IN_EUROS,2024,,1799538693,
dataflow,ESTAT:DS-045409(1.0),EU trade since 1988 by HS2-4-6 and CN8,A,Annual,EU27_2020,"European Union - 27 countries (AT, BE, BG, CY, CZ, DE, DK, EE, ES, FI, FR, GR, HR, HU, IE, IT, LT, LU, LV, MT, NL, PL, PT, RO, SE, SI, SK)",INT_EU27_2020,Intra-EU27 (from 2020),854232,Electronic integrated circuits as memories,1,IMPORT,VALUE_IN_EUROS,VALUE_IN_EUROS,2025,,1925854697,
dataflow,ESTAT:DS-045409(1.0),EU trade since 1988 by HS2-4-6 and CN8,A,Annual,EU27_2020,"European Union - 27 countries (AT, BE, BG, CY, CZ, DE, DK, EE, ES, FI, FR, GR, HR, HU, IE, IT, LT, LU, LV, MT, NL, PL, PT, RO, SE, SI, SK)",INT_EU27_2020,Intra-EU27 (from 2020),854232,Electronic integrated circuits as memories,2,EXPORT,QUANTITY_IN_100KG,QUANTITY_IN_100KG,2007,,41969.87,
dataflow,ESTAT:DS-045409(1.0),EU trade since 1988 by HS2-4-6 and CN8,A,Annual,EU27_2020,"European Union - 27 countries (AT, BE, BG, CY, CZ, DE, DK, EE, ES, FI, FR, GR, HR, HU, IE, IT, LT, LU, LV, MT, NL, PL, PT, RO, SE, SI, SK)",INT_EU27_2020,Intra-EU27 (from 2020),854232,Electronic integrated circuits as memories,2,EXPORT,QUANTITY_IN_100KG,QUANTITY_IN_100KG,2008,,29708.94,
dataflow,ESTAT:DS-045409(1.0),EU trade since 1988 by HS2-4-6 and CN8,A,Annual,EU27_2020,"European Union - 27 countries (AT, BE, BG, CY, CZ, DE, DK, EE, ES, FI, FR, GR, HR, HU, IE, IT, LT, LU, LV, MT, NL, PL, PT, RO, SE, SI, SK)",INT_EU27_2020,Intra-EU27 (from 2020),854232,Electronic integrated circuits as memories,2,EXPORT,QUANTITY_IN_100KG,QUANTITY_IN_100KG,2009,,40867.66,
dataflow,ESTAT:DS-045409(1.0),EU trade since 1988 by HS2-4-6 and CN8,A,Annual,EU27_2020,"European Union - 27 countries (AT, BE, BG, CY, CZ, DE, DK, EE, ES, FI, FR, GR, HR, HU, IE, IT, LT, LU, LV, MT, NL, PL, PT, RO, SE, SI, SK)",INT_EU27_2020,Intra-EU27 (from 2020),854232,Electronic integrated circuits as memories,2,EXPORT,QUANTITY_IN_100KG,QUANTITY_IN_100KG,2010,,75910.72,
dataflow,ESTAT:DS-045409(1.0),EU trade since 1988 by HS2-4-6 and CN8,A,Annual,EU27_2020,"European Union - 27 countries (AT, BE, BG, CY, CZ, DE, DK, EE, ES, FI, FR, GR, HR, HU, IE, IT, LT, LU, LV, MT, NL, PL, PT, RO, SE, SI, SK)",INT_EU27_2020,Intra-EU27 (from 2020),854232,Electronic integrated circuits as memories,2,EXPORT,QUANTITY_IN_100KG,QUANTITY_IN_100KG,2011,,52720.05,
dataflow,ESTAT:DS-045409(1.0),EU trade since 1988 by HS2-4-6 and CN8,A,Annual,EU27_2020,"European Union - 27 countries (AT, BE, BG, CY, CZ, DE, DK, EE, ES, FI, FR, GR, HR, HU, IE, IT, LT, LU, LV, MT, NL, PL, PT, RO, SE, SI, SK)",INT_EU27_2020,Intra-EU27 (from 2020),854232,Electronic integrated circuits as memories,2,EXPORT,QUANTITY_IN_100KG,QUANTITY_IN_100KG,2012,,49802.45,
dataflow,ESTAT:DS-045409(1.0),EU trade since 1988 by HS2-4-6 and CN8,A,Annual,EU27_2020,"European Union - 27 countries (AT, BE, BG, CY, CZ, DE, DK, EE, ES, FI, FR, GR, HR, HU, IE, IT, LT, LU, LV, MT, NL, PL, PT, RO, SE, SI, SK)",INT_EU27_2020,Intra-EU27 (from 2020),854232,Electronic integrated circuits as memories,2,EXPORT,QUANTITY_IN_100KG,QUANTITY_IN_100KG,2013,,37445.61,
dataflow,ESTAT:DS-045409(1.0),EU trade since 1988 by HS2-4-6 and CN8,A,Annual,EU27_2020,"European Union - 27 countries (AT, BE, BG, CY, CZ, DE, DK, EE, ES, FI, FR, GR, HR, HU, IE, IT, LT, LU, LV, MT, NL, PL, PT, RO, SE, SI, SK)",INT_EU27_2020,Intra-EU27 (from 2020),854232,Electronic integrated circuits as memories,2,EXPORT,QUANTITY_IN_100KG,QUANTITY_IN_100KG,2014,,39553.74,
dataflow,ESTAT:DS-045409(1.0),EU trade since 1988 by HS2-4-6 and CN8,A,Annual,EU27_2020,"European Union - 27 countries (AT, BE, BG, CY, CZ, DE, DK, EE, ES, FI, FR, GR, HR, HU, IE, IT, LT, LU, LV, MT, NL, PL, PT, RO, SE, SI, SK)",INT_EU27_2020,Intra-EU27 (from 2020),854232,Electronic integrated circuits as memories,2,EXPORT,QUANTITY_IN_100KG,QUANTITY_IN_100KG,2015,,33070.13,
dataflow,ESTAT:DS-045409(1.0),EU trade since 1988 by HS2-4-6 and CN8,A,Annual,EU27_2020,"European Union - 27 countries (AT, BE, BG, CY, CZ, DE, DK, EE, ES, FI, FR, GR, HR, HU, IE, IT, LT, LU, LV, MT, NL, PL, PT, RO, SE, SI, SK)",INT_EU27_2020,Intra-EU27 (from 2020),854232,Electronic integrated circuits as memories,2,EXPORT,QUANTITY_IN_100KG,QUANTITY_IN_100KG,2016,,32988.21,
dataflow,ESTAT:DS-045409(1.0),EU trade since 1988 by HS2-4-6 and CN8,A,Annual,EU27_2020,"European Union - 27 countries (AT, BE, BG, CY, CZ, DE, DK, EE, ES, FI, FR, GR, HR, HU, IE, IT, LT, LU, LV, MT, NL, PL, PT, RO, SE, SI, SK)",INT_EU27_2020,Intra-EU27 (from 2020),854232,Electronic integrated circuits as memories,2,EXPORT,QUANTITY_IN_100KG,QUANTITY_IN_100KG,2017,,40085.21,
dataflow,ESTAT:DS-045409(1.0),EU trade since 1988 by HS2-4-6 and CN8,A,Annual,EU27_2020,"European Union - 27 countries (AT, BE, BG, CY, CZ, DE, DK, EE, ES, FI, FR, GR, HR, HU, IE, IT, LT, LU, LV, MT, NL, PL, PT, RO, SE, SI, SK)",INT_EU27_2020,Intra-EU27 (from 2020),854232,Electronic integrated circuits as memories,2,EXPORT,QUANTITY_IN_100KG,QUANTITY_IN_100KG,2018,,42034.71,
dataflow,ESTAT:DS-045409(1.0),EU trade since 1988 by HS2-4-6 and CN8,A,Annual,EU27_2020,"European Union - 27 countries (AT, BE, BG, CY, CZ, DE, DK, EE, ES, FI, FR, GR, HR, HU, IE, IT, LT, LU, LV, MT, NL, PL, PT, RO, SE, SI, SK)",INT_EU27_2020,Intra-EU27 (from 2020),854232,Electronic integrated circuits as memories,2,EXPORT,QUANTITY_IN_100KG,QUANTITY_IN_100KG,2019,,75188.73,
dataflow,ESTAT:DS-045409(1.0),EU trade since 1988 by HS2-4-6 and CN8,A,Annual,EU27_2020,"European Union - 27 countries (AT, BE, BG, CY, CZ, DE, DK, EE, ES, FI, FR, GR, HR, HU, IE, IT, LT, LU, LV, MT, NL, PL, PT, RO, SE, SI, SK)",INT_EU27_2020,Intra-EU27 (from 2020),854232,Electronic integrated circuits as memories,2,EXPORT,QUANTITY_IN_100KG,QUANTITY_IN_100KG,2020,,70890.69,
dataflow,ESTAT:DS-045409(1.0),EU trade since 1988 by HS2-4-6 and CN8,A,Annual,EU27_2020,"European Union - 27 countries (AT, BE, BG, CY, CZ, DE, DK, EE, ES, FI, FR, GR, HR, HU, IE, IT, LT, LU, LV, MT, NL, PL, PT, RO, SE, SI, SK)",INT_EU27_2020,Intra-EU27 (from 2020),854232,Electronic integrated circuits as memories,2,EXPORT,QUANTITY_IN_100KG,QUANTITY_IN_100KG,2021,,78701.48,
dataflow,ESTAT:DS-045409(1.0),EU trade since 1988 by HS2-4-6 and CN8,A,Annual,EU27_2020,"European Union - 27 countries (AT, BE, BG, CY, CZ, DE, DK, EE, ES, FI, FR, GR, HR, HU, IE, IT, LT, LU, LV, MT, NL, PL, PT, RO, SE, SI, SK)",INT_EU27_2020,Intra-EU27 (from 2020),854232,Electronic integrated circuits as memories,2,EXPORT,QUANTITY_IN_100KG,QUANTITY_IN_100KG,2022,,76385.12,
dataflow,ESTAT:DS-045409(1.0),EU trade since 1988 by HS2-4-6 and CN8,A,Annual,EU27_2020,"European Union - 27 countries (AT, BE, BG, CY, CZ, DE, DK, EE, ES, FI, FR, GR, HR, HU, IE, IT, LT, LU, LV, MT, NL, PL, PT, RO, SE, SI, SK)",INT_EU27_2020,Intra-EU27 (from 2020),854232,Electronic integrated circuits as memories,2,EXPORT,QUANTITY_IN_100KG,QUANTITY_IN_100KG,2023,,69262.77,
dataflow,ESTAT:DS-045409(1.0),EU trade since 1988 by HS2-4-6 and CN8,A,Annual,EU27_2020,"European Union - 27 countries (AT, BE, BG, CY, CZ, DE, DK, EE, ES, FI, FR, GR, HR, HU, IE, IT, LT, LU, LV, MT, NL, PL, PT, RO, SE, SI, SK)",INT_EU27_2020,Intra-EU27 (from 2020),854232,Electronic integrated circuits as memories,2,EXPORT,QUANTITY_IN_100KG,QUANTITY_IN_100KG,2024,,60843.22,
dataflow,ESTAT:DS-045409(1.0),EU trade since 1988 by HS2-4-6 and CN8,A,Annual,EU27_2020,"European Union - 27 countries (AT, BE, BG, CY, CZ, DE, DK, EE, ES, FI, FR, GR, HR, HU, IE, IT, LT, LU, LV, MT, NL, PL, PT, RO, SE, SI, SK)",INT_EU27_2020,Intra-EU27 (from 2020),854232,Electronic integrated circuits as memories,2,EXPORT,QUANTITY_IN_100KG,QUANTITY_IN_100KG,2025,,38026.94,
dataflow,ESTAT:DS-045409(1.0),EU trade since 1988 by HS2-4-6 and CN8,A,Annual,EU27_2020,"European Union - 27 countries (AT, BE, BG, CY, CZ, DE, DK, EE, ES, FI, FR, GR, HR, HU, IE, IT, LT, LU, LV, MT, NL, PL, PT, RO, SE, SI, SK)",INT_EU27_2020,Intra-EU27 (from 2020),854232,Electronic integrated circuits as memories,2,EXPORT,VALUE_IN_EUROS,VALUE_IN_EUROS,2007,,3442524341,
dataflow,ESTAT:DS-045409(1.0),EU trade since 1988 by HS2-4-6 and CN8,A,Annual,EU27_2020,"European Union - 27 countries (AT, BE, BG, CY, CZ, DE, DK, EE, ES, FI, FR, GR, HR, HU, IE, IT, LT, LU, LV, MT, NL, PL, PT, RO, SE, SI, SK)",INT_EU27_2020,Intra-EU27 (from 2020),854232,Electronic integrated circuits as memories,2,EXPORT,VALUE_IN_EUROS,VALUE_IN_EUROS,2008,,2459161526,
dataflow,ESTAT:DS-045409(1.0),EU trade since 1988 by HS2-4-6 and CN8,A,Annual,EU27_2020,"European Union - 27 countries (AT, BE, BG, CY, CZ, DE, DK, EE, ES, FI, FR, GR, HR, HU, IE, IT, LT, LU, LV, MT, NL, PL, PT, RO, SE, SI, SK)",INT_EU27_2020,Intra-EU27 (from 2020),854232,Electronic integrated circuits as memories,2,EXPORT,VALUE_IN_EUROS,VALUE_IN_EUROS,2009,,1418872826,
dataflow,ESTAT:DS-045409(1.0),EU trade since 1988 by HS2-4-6 and CN8,A,Annual,EU27_2020,"European Union - 27 countries (AT, BE, BG, CY, CZ, DE, DK, EE, ES, FI, FR, GR, HR, HU, IE, IT, LT, LU, LV, MT, NL, PL, PT, RO, SE, SI, SK)",INT_EU27_2020,Intra-EU27 (from 2020),854232,Electronic integrated circuits as memories,2,EXPORT,VALUE_IN_EUROS,VALUE_IN_EUROS,2010,,1780577918,
dataflow,ESTAT:DS-045409(1.0),EU trade since 1988 by HS2-4-6 and CN8,A,Annual,EU27_2020,"European Union - 27 countries (AT, BE, BG, CY, CZ, DE, DK, EE, ES, FI, FR, GR, HR, HU, IE, IT, LT, LU, LV, MT, NL, PL, PT, RO, SE, SI, SK)",INT_EU27_2020,Intra-EU27 (from 2020),854232,Electronic integrated circuits as memories,2,EXPORT,VALUE_IN_EUROS,VALUE_IN_EUROS,2011,,1516805248,
dataflow,ESTAT:DS-045409(1.0),EU trade since 1988 by HS2-4-6 and CN8,A,Annual,EU27_2020,"European Union - 27 countries (AT, BE, BG, CY, CZ, DE, DK, EE, ES, FI, FR, GR, HR, HU, IE, IT, LT, LU, LV, MT, NL, PL, PT, RO, SE, SI, SK)",INT_EU27_2020,Intra-EU27 (from 2020),854232,Electronic integrated circuits as memories,2,EXPORT,VALUE_IN_EUROS,VALUE_IN_EUROS,2012,,1423165003,
dataflow,ESTAT:DS-045409(1.0),EU trade since 1988 by HS2-4-6 and CN8,A,Annual,EU27_2020,"European Union - 27 countries (AT, BE, BG, CY, CZ, DE, DK, EE, ES, FI, FR, GR, HR, HU, IE, IT, LT, LU, LV, MT, NL, PL, PT, RO, SE, SI, SK)",INT_EU27_2020,Intra-EU27 (from 2020),854232,Electronic integrated circuits as memories,2,EXPORT,VALUE_IN_EUROS,VALUE_IN_EUROS,2013,,2018242153,
dataflow,ESTAT:DS-045409(1.0),EU trade since 1988 by HS2-4-6 and CN8,A,Annual,EU27_2020,"European Union - 27 countries (AT, BE, BG, CY, CZ, DE, DK, EE, ES, FI, FR, GR, HR, HU, IE, IT, LT, LU, LV, MT, NL, PL, PT, RO, SE, SI, SK)",INT_EU27_2020,Intra-EU27 (from 2020),854232,Electronic integrated circuits as memories,2,EXPORT,VALUE_IN_EUROS,VALUE_IN_EUROS,2014,,1394775852,
dataflow,ESTAT:DS-045409(1.0),EU trade since 1988 by HS2-4-6 and CN8,A,Annual,EU27_2020,"European Union - 27 countries (AT, BE, BG, CY, CZ, DE, DK, EE, ES, FI, FR, GR, HR, HU, IE, IT, LT, LU, LV, MT, NL, PL, PT, RO, SE, SI, SK)",INT_EU27_2020,Intra-EU27 (from 2020),854232,Electronic integrated circuits as memories,2,EXPORT,VALUE_IN_EUROS,VALUE_IN_EUROS,2015,,1525572053,
dataflow,ESTAT:DS-045409(1.0),EU trade since 1988 by HS2-4-6 and CN8,A,Annual,EU27_2020,"European Union - 27 countries (AT, BE, BG, CY, CZ, DE, DK, EE, ES, FI, FR, GR, HR, HU, IE, IT, LT, LU, LV, MT, NL, PL, PT, RO, SE, SI, SK)",INT_EU27_2020,Intra-EU27 (from 2020),854232,Electronic integrated circuits as memories,2,EXPORT,VALUE_IN_EUROS,VALUE_IN_EUROS,2016,,1498074256,
dataflow,ESTAT:DS-045409(1.0),EU trade since 1988 by HS2-4-6 and CN8,A,Annual,EU27_2020,"European Union - 27 countries (AT, BE, BG, CY, CZ, DE, DK, EE, ES, FI, FR, GR, HR, HU, IE, IT, LT, LU, LV, MT, NL, PL, PT, RO, SE, SI, SK)",INT_EU27_2020,Intra-EU27 (from 2020),854232,Electronic integrated circuits as memories,2,EXPORT,VALUE_IN_EUROS,VALUE_IN_EUROS,2017,,1820054911,
dataflow,ESTAT:DS-045409(1.0),EU trade since 1988 by HS2-4-6 and CN8,A,Annual,EU27_2020,"European Union - 27 countries (AT, BE, BG, CY, CZ, DE, DK, EE, ES, FI, FR, GR, HR, HU, IE, IT, LT, LU, LV, MT, NL, PL, PT, RO, SE, SI, SK)",INT_EU27_2020,Intra-EU27 (from 2020),854232,Electronic integrated circuits as memories,2,EXPORT,VALUE_IN_EUROS,VALUE_IN_EUROS,2018,,2124412041,
dataflow,ESTAT:DS-045409(1.0),EU trade since 1988 by HS2-4-6 and CN8,A,Annual,EU27_2020,"European Union - 27 countries (AT, BE, BG, CY, CZ, DE, DK, EE, ES, FI, FR, GR, HR, HU, IE, IT, LT, LU, LV, MT, NL, PL, PT, RO, SE, SI, SK)",INT_EU27_2020,Intra-EU27 (from 2020),854232,Electronic integrated circuits as memories,2,EXPORT,VALUE_IN_EUROS,VALUE_IN_EUROS,2019,,1798623651,
dataflow,ESTAT:DS-045409(1.0),EU trade since 1988 by HS2-4-6 and CN8,A,Annual,EU27_2020,"European Union - 27 countries (AT, BE, BG, CY, CZ, DE, DK, EE, ES, FI, FR, GR, HR, HU, IE, IT, LT, LU, LV, MT, NL, PL, PT, RO, SE, SI, SK)",INT_EU27_2020,Intra-EU27 (from 2020),854232,Electronic integrated circuits as memories,2,EXPORT,VALUE_IN_EUROS,VALUE_IN_EUROS,2020,,1153361535,
dataflow,ESTAT:DS-045409(1.0),EU trade since 1988 by HS2-4-6 and CN8,A,Annual,EU27_2020,"European Union - 27 countries (AT, BE, BG, CY, CZ, DE, DK, EE, ES, FI, FR, GR, HR, HU, IE, IT, LT, LU, LV, MT, NL, PL, PT, RO, SE, SI, SK)",INT_EU27_2020,Intra-EU27 (from 2020),854232,Electronic integrated circuits as memories,2,EXPORT,VALUE_IN_EUROS,VALUE_IN_EUROS,2021,,1762244709,
dataflow,ESTAT:DS-045409(1.0),EU trade since 1988 by HS2-4-6 and CN8,A,Annual,EU27_2020,"European Union - 27 countries (AT, BE, BG, CY, CZ, DE, DK, EE, ES, FI, FR, GR, HR, HU, IE, IT, LT, LU, LV, MT, NL, PL, PT, RO, SE, SI, SK)",INT_EU27_2020,Intra-EU27 (from 2020),854232,Electronic integrated circuits as memories,2,EXPORT,VALUE_IN_EUROS,VALUE_IN_EUROS,2022,,2354115160,
dataflow,ESTAT:DS-045409(1.0),EU trade since 1988 by HS2-4-6 and CN8,A,Annual,EU27_2020,"European Union - 27 countries (AT, BE, BG, CY, CZ, DE, DK, EE, ES, FI, FR, GR, HR, HU, IE, IT, LT, LU, LV, MT, NL, PL, PT, RO, SE, SI, SK)",INT_EU27_2020,Intra-EU27 (from 2020),854232,Electronic integrated circuits as memories,2,EXPORT,VALUE_IN_EUROS,VALUE_IN_EUROS,2023,,2143563674,
dataflow,ESTAT:DS-045409(1.0),EU trade since 1988 by HS2-4-6 and CN8,A,Annual,EU27_2020,"European Union - 27 countries (AT, BE, BG, CY, CZ, DE, DK, EE, ES, FI, FR, GR, HR, HU, IE, IT, LT, LU, LV, MT, NL, PL, PT, RO, SE, SI, SK)",INT_EU27_2020,Intra-EU27 (from 2020),854232,Electronic integrated circuits as memories,2,EXPORT,VALUE_IN_EUROS,VALUE_IN_EUROS,2024,,1872088796,
dataflow,ESTAT:DS-045409(1.0),EU trade since 1988 by HS2-4-6 and CN8,A,Annual,EU27_2020,"European Union - 27 countries (AT, BE, BG, CY, CZ, DE, DK, EE, ES, FI, FR, GR, HR, HU, IE, IT, LT, LU, LV, MT, NL, PL, PT, RO, SE, SI, SK)",INT_EU27_2020,Intra-EU27 (from 2020),854232,Electronic integrated circuits as memories,2,EXPORT,VALUE_IN_EUROS,VALUE_IN_EUROS,2025,,1838434049,
dataflow,ESTAT:DS-045409(1.0),EU trade since 1988 by HS2-4-6 and CN8,A,Annual,EU27_2020,"European Union - 27 countries (AT, BE, BG, CY, CZ, DE, DK, EE, ES, FI, FR, GR, HR, HU, IE, IT, LT, LU, LV, MT, NL, PL, PT, RO, SE, SI, SK)",INT_EU27_2020,Intra-EU27 (from 2020),854233,Electronic integrated circuits as amplifiers,1,IMPORT,QUANTITY_IN_100KG,QUANTITY_IN_100KG,2007,,22855.60,
dataflow,ESTAT:DS-045409(1.0),EU trade since 1988 by HS2-4-6 and CN8,A,Annual,EU27_2020,"European Union - 27 countries (AT, BE, BG, CY, CZ, DE, DK, EE, ES, FI, FR, GR, HR, HU, IE, IT, LT, LU, LV, MT, NL, PL, PT, RO, SE, SI, SK)",INT_EU27_2020,Intra-EU27 (from 2020),854233,Electronic integrated circuits as amplifiers,1,IMPORT,QUANTITY_IN_100KG,QUANTITY_IN_100KG,2008,,37335.75,
dataflow,ESTAT:DS-045409(1.0),EU trade since 1988 by HS2-4-6 and CN8,A,Annual,EU27_2020,"European Union - 27 countries (AT, BE, BG, CY, CZ, DE, DK, EE, ES, FI, FR, GR, HR, HU, IE, IT, LT, LU, LV, MT, NL, PL, PT, RO, SE, SI, SK)",INT_EU27_2020,Intra-EU27 (from 2020),854233,Electronic integrated circuits as amplifiers,1,IMPORT,QUANTITY_IN_100KG,QUANTITY_IN_100KG,2009,,17876.37,
dataflow,ESTAT:DS-045409(1.0),EU trade since 1988 by HS2-4-6 and CN8,A,Annual,EU27_2020,"European Union - 27 countries (AT, BE, BG, CY, CZ, DE, DK, EE, ES, FI, FR, GR, HR, HU, IE, IT, LT, LU, LV, MT, NL, PL, PT, RO, SE, SI, SK)",INT_EU27_2020,Intra-EU27 (from 2020),854233,Electronic integrated circuits as amplifiers,1,IMPORT,QUANTITY_IN_100KG,QUANTITY_IN_100KG,2010,,27421.92,
dataflow,ESTAT:DS-045409(1.0),EU trade since 1988 by HS2-4-6 and CN8,A,Annual,EU27_2020,"European Union - 27 countries (AT, BE, BG, CY, CZ, DE, DK, EE, ES, FI, FR, GR, HR, HU, IE, IT, LT, LU, LV, MT, NL, PL, PT, RO, SE, SI, SK)",INT_EU27_2020,Intra-EU27 (from 2020),854233,Electronic integrated circuits as amplifiers,1,IMPORT,QUANTITY_IN_100KG,QUANTITY_IN_100KG,2011,,30333.91,
dataflow,ESTAT:DS-045409(1.0),EU trade since 1988 by HS2-4-6 and CN8,A,Annual,EU27_2020,"European Union - 27 countries (AT, BE, BG, CY, CZ, DE, DK, EE, ES, FI, FR, GR, HR, HU, IE, IT, LT, LU, LV, MT, NL, PL, PT, RO, SE, SI, SK)",INT_EU27_2020,Intra-EU27 (from 2020),854233,Electronic integrated circuits as amplifiers,1,IMPORT,QUANTITY_IN_100KG,QUANTITY_IN_100KG,2012,,28253.99,
dataflow,ESTAT:DS-045409(1.0),EU trade since 1988 by HS2-4-6 and CN8,A,Annual,EU27_2020,"European Union - 27 countries (AT, BE, BG, CY, CZ, DE, DK, EE, ES, FI, FR, GR, HR, HU, IE, IT, LT, LU, LV, MT, NL, PL, PT, RO, SE, SI, SK)",INT_EU27_2020,Intra-EU27 (from 2020),854233,Electronic integrated circuits as amplifiers,1,IMPORT,QUANTITY_IN_100KG,QUANTITY_IN_100KG,2013,,44196.08,
dataflow,ESTAT:DS-045409(1.0),EU trade since 1988 by HS2-4-6 and CN8,A,Annual,EU27_2020,"European Union - 27 countries (AT, BE, BG, CY, CZ, DE, DK, EE, ES, FI, FR, GR, HR, HU, IE, IT, LT, LU, LV, MT, NL, PL, PT, RO, SE, SI, SK)",INT_EU27_2020,Intra-EU27 (from 2020),854233,Electronic integrated circuits as amplifiers,1,IMPORT,QUANTITY_IN_100KG,QUANTITY_IN_100KG,2014,,36863.18,
dataflow,ESTAT:DS-045409(1.0),EU trade since 1988 by HS2-4-6 and CN8,A,Annual,EU27_2020,"European Union - 27 countries (AT, BE, BG, CY, CZ, DE, DK, EE, ES, FI, FR, GR, HR, HU, IE, IT, LT, LU, LV, MT, NL, PL, PT, RO, SE, SI, SK)",INT_EU27_2020,Intra-EU27 (from 2020),854233,Electronic integrated circuits as amplifiers,1,IMPORT,QUANTITY_IN_100KG,QUANTITY_IN_100KG,2015,,32425.80,
dataflow,ESTAT:DS-045409(1.0),EU trade since 1988 by HS2-4-6 and CN8,A,Annual,EU27_2020,"European Union - 27 countries (AT, BE, BG, CY, CZ, DE, DK, EE, ES, FI, FR, GR, HR, HU, IE, IT, LT, LU, LV, MT, NL, PL, PT, RO, SE, SI, SK)",INT_EU27_2020,Intra-EU27 (from 2020),854233,Electronic integrated circuits as amplifiers,1,IMPORT,QUANTITY_IN_100KG,QUANTITY_IN_100KG,2016,,39018.75,
dataflow,ESTAT:DS-045409(1.0),EU trade since 1988 by HS2-4-6 and CN8,A,Annual,EU27_2020,"European Union - 27 countries (AT, BE, BG, CY, CZ, DE, DK, EE, ES, FI, FR, GR, HR, HU, IE, IT, LT, LU, LV, MT, NL, PL, PT, RO, SE, SI, SK)",INT_EU27_2020,Intra-EU27 (from 2020),854233,Electronic integrated circuits as amplifiers,1,IMPORT,QUANTITY_IN_100KG,QUANTITY_IN_100KG,2017,,37904.39,
dataflow,ESTAT:DS-045409(1.0),EU trade since 1988 by HS2-4-6 and CN8,A,Annual,EU27_2020,"European Union - 27 countries (AT, BE, BG, CY, CZ, DE, DK, EE, ES, FI, FR, GR, HR, HU, IE, IT, LT, LU, LV, MT, NL, PL, PT, RO, SE, SI, SK)",INT_EU27_2020,Intra-EU27 (from 2020),854233,Electronic integrated circuits as amplifiers,1,IMPORT,QUANTITY_IN_100KG,QUANTITY_IN_100KG,2018,,35529.57,
dataflow,ESTAT:DS-045409(1.0),EU trade since 1988 by HS2-4-6 and CN8,A,Annual,EU27_2020,"European Union - 27 countries (AT, BE, BG, CY, CZ, DE, DK, EE, ES, FI, FR, GR, HR, HU, IE, IT, LT, LU, LV, MT, NL, PL, PT, RO, SE, SI, SK)",INT_EU27_2020,Intra-EU27 (from 2020),854233,Electronic integrated circuits as amplifiers,1,IMPORT,QUANTITY_IN_100KG,QUANTITY_IN_100KG,2019,,25805.38,
dataflow,ESTAT:DS-045409(1.0),EU trade since 1988 by HS2-4-6 and CN8,A,Annual,EU27_2020,"European Union - 27 countries (AT, BE, BG, CY, CZ, DE, DK, EE, ES, FI, FR, GR, HR, HU, IE, IT, LT, LU, LV, MT, NL, PL, PT, RO, SE, SI, SK)",INT_EU27_2020,Intra-EU27 (from 2020),854233,Electronic integrated circuits as amplifiers,1,IMPORT,QUANTITY_IN_100KG,QUANTITY_IN_100KG,2020,,30593.95,
dataflow,ESTAT:DS-045409(1.0),EU trade since 1988 by HS2-4-6 and CN8,A,Annual,EU27_2020,"European Union - 27 countries (AT, BE, BG, CY, CZ, DE, DK, EE, ES, FI, FR, GR, HR, HU, IE, IT, LT, LU, LV, MT, NL, PL, PT, RO, SE, SI, SK)",INT_EU27_2020,Intra-EU27 (from 2020),854233,Electronic integrated circuits as amplifiers,1,IMPORT,QUANTITY_IN_100KG,QUANTITY_IN_100KG,2021,,55432.51,
dataflow,ESTAT:DS-045409(1.0),EU trade since 1988 by HS2-4-6 and CN8,A,Annual,EU27_2020,"European Union - 27 countries (AT, BE, BG, CY, CZ, DE, DK, EE, ES, FI, FR, GR, HR, HU, IE, IT, LT, LU, LV, MT, NL, PL, PT, RO, SE, SI, SK)",INT_EU27_2020,Intra-EU27 (from 2020),854233,Electronic integrated circuits as amplifiers,1,IMPORT,QUANTITY_IN_100KG,QUANTITY_IN_100KG,2022,,28550.89,
dataflow,ESTAT:DS-045409(1.0),EU trade since 1988 by HS2-4-6 and CN8,A,Annual,EU27_2020,"European Union - 27 countries (AT, BE, BG, CY, CZ, DE, DK, EE, ES, FI, FR, GR, HR, HU, IE, IT, LT, LU, LV, MT, NL, PL, PT, RO, SE, SI, SK)",INT_EU27_2020,Intra-EU27 (from 2020),854233,Electronic integrated circuits as amplifiers,1,IMPORT,QUANTITY_IN_100KG,QUANTITY_IN_100KG,2023,,28433.99,
dataflow,ESTAT:DS-045409(1.0),EU trade since 1988 by HS2-4-6 and CN8,A,Annual,EU27_2020,"European Union - 27 countries (AT, BE, BG, CY, CZ, DE, DK, EE, ES, FI, FR, GR, HR, HU, IE, IT, LT, LU, LV, MT, NL, PL, PT, RO, SE, SI, SK)",INT_EU27_2020,Intra-EU27 (from 2020),854233,Electronic integrated circuits as amplifiers,1,IMPORT,QUANTITY_IN_100KG,QUANTITY_IN_100KG,2024,,19251.58,
dataflow,ESTAT:DS-045409(1.0),EU trade since 1988 by HS2-4-6 and CN8,A,Annual,EU27_2020,"European Union - 27 countries (AT, BE, BG, CY, CZ, DE, DK, EE, ES, FI, FR, GR, HR, HU, IE, IT, LT, LU, LV, MT, NL, PL, PT, RO, SE, SI, SK)",INT_EU27_2020,Intra-EU27 (from 2020),854233,Electronic integrated circuits as amplifiers,1,IMPORT,QUANTITY_IN_100KG,QUANTITY_IN_100KG,2025,,32591.74,
dataflow,ESTAT:DS-045409(1.0),EU trade since 1988 by HS2-4-6 and CN8,A,Annual,EU27_2020,"European Union - 27 countries (AT, BE, BG, CY, CZ, DE, DK, EE, ES, FI, FR, GR, HR, HU, IE, IT, LT, LU, LV, MT, NL, PL, PT, RO, SE, SI, SK)",INT_EU27_2020,Intra-EU27 (from 2020),854233,Electronic integrated circuits as amplifiers,1,IMPORT,VALUE_IN_EUROS,VALUE_IN_EUROS,2007,,418273097,
dataflow,ESTAT:DS-045409(1.0),EU trade since 1988 by HS2-4-6 and CN8,A,Annual,EU27_2020,"European Union - 27 countries (AT, BE, BG, CY, CZ, DE, DK, EE, ES, FI, FR, GR, HR, HU, IE, IT, LT, LU, LV, MT, NL, PL, PT, RO, SE, SI, SK)",INT_EU27_2020,Intra-EU27 (from 2020),854233,Electronic integrated circuits as amplifiers,1,IMPORT,VALUE_IN_EUROS,VALUE_IN_EUROS,2008,,358220556,
dataflow,ESTAT:DS-045409(1.0),EU trade since 1988 by HS2-4-6 and CN8,A,Annual,EU27_2020,"European Union - 27 countries (AT, BE, BG, CY, CZ, DE, DK, EE, ES, FI, FR, GR, HR, HU, IE, IT, LT, LU, LV, MT, NL, PL, PT, RO, SE, SI, SK)",INT_EU27_2020,Intra-EU27 (from 2020),854233,Electronic integrated circuits as amplifiers,1,IMPORT,VALUE_IN_EUROS,VALUE_IN_EUROS,2009,,275142882,
dataflow,ESTAT:DS-045409(1.0),EU trade since 1988 by HS2-4-6 and CN8,A,Annual,EU27_2020,"European Union - 27 countries (AT, BE, BG, CY, CZ, DE, DK, EE, ES, FI, FR, GR, HR, HU, IE, IT, LT, LU, LV, MT, NL, PL, PT, RO, SE, SI, SK)",INT_EU27_2020,Intra-EU27 (from 2020),854233,Electronic integrated circuits as amplifiers,1,IMPORT,VALUE_IN_EUROS,VALUE_IN_EUROS,2010,,410459454,
dataflow,ESTAT:DS-045409(1.0),EU trade since 1988 by HS2-4-6 and CN8,A,Annual,EU27_2020,"European Union - 27 countries (AT, BE, BG, CY, CZ, DE, DK, EE, ES, FI, FR, GR, HR, HU, IE, IT, LT, LU, LV, MT, NL, PL, PT, RO, SE, SI, SK)",INT_EU27_2020,Intra-EU27 (from 2020),854233,Electronic integrated circuits as amplifiers,1,IMPORT,VALUE_IN_EUROS,VALUE_IN_EUROS,2011,,455431322,
dataflow,ESTAT:DS-045409(1.0),EU trade since 1988 by HS2-4-6 and CN8,A,Annual,EU27_2020,"European Union - 27 countries (AT, BE, BG, CY, CZ, DE, DK, EE, ES, FI, FR, GR, HR, HU, IE, IT, LT, LU, LV, MT, NL, PL, PT, RO, SE, SI, SK)",INT_EU27_2020,Intra-EU27 (from 2020),854233,Electronic integrated circuits as amplifiers,1,IMPORT,VALUE_IN_EUROS,VALUE_IN_EUROS,2012,,446532729,
dataflow,ESTAT:DS-045409(1.0),EU trade since 1988 by HS2-4-6 and CN8,A,Annual,EU27_2020,"European Union - 27 countries (AT, BE, BG, CY, CZ, DE, DK, EE, ES, FI, FR, GR, HR, HU, IE, IT, LT, LU, LV, MT, NL, PL, PT, RO, SE, SI, SK)",INT_EU27_2020,Intra-EU27 (from 2020),854233,Electronic integrated circuits as amplifiers,1,IMPORT,VALUE_IN_EUROS,VALUE_IN_EUROS,2013,,483424494,
dataflow,ESTAT:DS-045409(1.0),EU trade since 1988 by HS2-4-6 and CN8,A,Annual,EU27_2020,"European Union - 27 countries (AT, BE, BG, CY, CZ, DE, DK, EE, ES, FI, FR, GR, HR, HU, IE, IT, LT, LU, LV, MT, NL, PL, PT, RO, SE, SI, SK)",INT_EU27_2020,Intra-EU27 (from 2020),854233,Electronic integrated circuits as amplifiers,1,IMPORT,VALUE_IN_EUROS,VALUE_IN_EUROS,2014,,523975772,
dataflow,ESTAT:DS-045409(1.0),EU trade since 1988 by HS2-4-6 and CN8,A,Annual,EU27_2020,"European Union - 27 countries (AT, BE, BG, CY, CZ, DE, DK, EE, ES, FI, FR, GR, HR, HU, IE, IT, LT, LU, LV, MT, NL, PL, PT, RO, SE, SI, SK)",INT_EU27_2020,Intra-EU27 (from 2020),854233,Electronic integrated circuits as amplifiers,1,IMPORT,VALUE_IN_EUROS,VALUE_IN_EUROS,2015,,592961699,
dataflow,ESTAT:DS-045409(1.0),EU trade since 1988 by HS2-4-6 and CN8,A,Annual,EU27_2020,"European Union - 27 countries (AT, BE, BG, CY, CZ, DE, DK, EE, ES, FI, FR, GR, HR, HU, IE, IT, LT, LU, LV, MT, NL, PL, PT, RO, SE, SI, SK)",INT_EU27_2020,Intra-EU27 (from 2020),854233,Electronic integrated circuits as amplifiers,1,IMPORT,VALUE_IN_EUROS,VALUE_IN_EUROS,2016,,617085682,
dataflow,ESTAT:DS-045409(1.0),EU trade since 1988 by HS2-4-6 and CN8,A,Annual,EU27_2020,"European Union - 27 countries (AT, BE, BG, CY, CZ, DE, DK, EE, ES, FI, FR, GR, HR, HU, IE, IT, LT, LU, LV, MT, NL, PL, PT, RO, SE, SI, SK)",INT_EU27_2020,Intra-EU27 (from 2020),854233,Electronic integrated circuits as amplifiers,1,IMPORT,VALUE_IN_EUROS,VALUE_IN_EUROS,2017,,667667773,
dataflow,ESTAT:DS-045409(1.0),EU trade since 1988 by HS2-4-6 and CN8,A,Annual,EU27_2020,"European Union - 27 countries (AT, BE, BG, CY, CZ, DE, DK, EE, ES, FI, FR, GR, HR, HU, IE, IT, LT, LU, LV, MT, NL, PL, PT, RO, SE, SI, SK)",INT_EU27_2020,Intra-EU27 (from 2020),854233,Electronic integrated circuits as amplifiers,1,IMPORT,VALUE_IN_EUROS,VALUE_IN_EUROS,2018,,705667372,
dataflow,ESTAT:DS-045409(1.0),EU trade since 1988 by HS2-4-6 and CN8,A,Annual,EU27_2020,"European Union - 27 countries (AT, BE, BG, CY, CZ, DE, DK, EE, ES, FI, FR, GR, HR, HU, IE, IT, LT, LU, LV, MT, NL, PL, PT, RO, SE, SI, SK)",INT_EU27_2020,Intra-EU27 (from 2020),854233,Electronic integrated circuits as amplifiers,1,IMPORT,VALUE_IN_EUROS,VALUE_IN_EUROS,2019,,657084435,
dataflow,ESTAT:DS-045409(1.0),EU trade since 1988 by HS2-4-6 and CN8,A,Annual,EU27_2020,"European Union - 27 countries (AT, BE, BG, CY, CZ, DE, DK, EE, ES, FI, FR, GR, HR, HU, IE, IT, LT, LU, LV, MT, NL, PL, PT, RO, SE, SI, SK)",INT_EU27_2020,Intra-EU27 (from 2020),854233,Electronic integrated circuits as amplifiers,1,IMPORT,VALUE_IN_EUROS,VALUE_IN_EUROS,2020,,524137498,
dataflow,ESTAT:DS-045409(1.0),EU trade since 1988 by HS2-4-6 and CN8,A,Annual,EU27_2020,"European Union - 27 countries (AT, BE, BG, CY, CZ, DE, DK, EE, ES, FI, FR, GR, HR, HU, IE, IT, LT, LU, LV, MT, NL, PL, PT, RO, SE, SI, SK)",INT_EU27_2020,Intra-EU27 (from 2020),854233,Electronic integrated circuits as amplifiers,1,IMPORT,VALUE_IN_EUROS,VALUE_IN_EUROS,2021,,657983668,
dataflow,ESTAT:DS-045409(1.0),EU trade since 1988 by HS2-4-6 and CN8,A,Annual,EU27_2020,"European Union - 27 countries (AT, BE, BG, CY, CZ, DE, DK, EE, ES, FI, FR, GR, HR, HU, IE, IT, LT, LU, LV, MT, NL, PL, PT, RO, SE, SI, SK)",INT_EU27_2020,Intra-EU27 (from 2020),854233,Electronic integrated circuits as amplifiers,1,IMPORT,VALUE_IN_EUROS,VALUE_IN_EUROS,2022,,817503624,
dataflow,ESTAT:DS-045409(1.0),EU trade since 1988 by HS2-4-6 and CN8,A,Annual,EU27_2020,"European Union - 27 countries (AT, BE, BG, CY, CZ, DE, DK, EE, ES, FI, FR, GR, HR, HU, IE, IT, LT, LU, LV, MT, NL, PL, PT, RO, SE, SI, SK)",INT_EU27_2020,Intra-EU27 (from 2020),854233,Electronic integrated circuits as amplifiers,1,IMPORT,VALUE_IN_EUROS,VALUE_IN_EUROS,2023,,782824262,
dataflow,ESTAT:DS-045409(1.0),EU trade since 1988 by HS2-4-6 and CN8,A,Annual,EU27_2020,"European Union - 27 countries (AT, BE, BG, CY, CZ, DE, DK, EE, ES, FI, FR, GR, HR, HU, IE, IT, LT, LU, LV, MT, NL, PL, PT, RO, SE, SI, SK)",INT_EU27_2020,Intra-EU27 (from 2020),854233,Electronic integrated circuits as amplifiers,1,IMPORT,VALUE_IN_EUROS,VALUE_IN_EUROS,2024,,642148028,
dataflow,ESTAT:DS-045409(1.0),EU trade since 1988 by HS2-4-6 and CN8,A,Annual,EU27_2020,"European Union - 27 countries (AT, BE, BG, CY, CZ, DE, DK, EE, ES, FI, FR, GR, HR, HU, IE, IT, LT, LU, LV, MT, NL, PL, PT, RO, SE, SI, SK)",INT_EU27_2020,Intra-EU27 (from 2020),854233,Electronic integrated circuits as amplifiers,1,IMPORT,VALUE_IN_EUROS,VALUE_IN_EUROS,2025,,669504380,
dataflow,ESTAT:DS-045409(1.0),EU trade since 1988 by HS2-4-6 and CN8,A,Annual,EU27_2020,"European Union - 27 countries (AT, BE, BG, CY, CZ, DE, DK, EE, ES, FI, FR, GR, HR, HU, IE, IT, LT, LU, LV, MT, NL, PL, PT, RO, SE, SI, SK)",INT_EU27_2020,Intra-EU27 (from 2020),854233,Electronic integrated circuits as amplifiers,2,EXPORT,QUANTITY_IN_100KG,QUANTITY_IN_100KG,2007,,18594.18,
dataflow,ESTAT:DS-045409(1.0),EU trade since 1988 by HS2-4-6 and CN8,A,Annual,EU27_2020,"European Union - 27 countries (AT, BE, BG, CY, CZ, DE, DK, EE, ES, FI, FR, GR, HR, HU, IE, IT, LT, LU, LV, MT, NL, PL, PT, RO, SE, SI, SK)",INT_EU27_2020,Intra-EU27 (from 2020),854233,Electronic integrated circuits as amplifiers,2,EXPORT,QUANTITY_IN_100KG,QUANTITY_IN_100KG,2008,,21290.70,
dataflow,ESTAT:DS-045409(1.0),EU trade since 1988 by HS2-4-6 and CN8,A,Annual,EU27_2020,"European Union - 27 countries (AT, BE, BG, CY, CZ, DE, DK, EE, ES, FI, FR, GR, HR, HU, IE, IT, LT, LU, LV, MT, NL, PL, PT, RO, SE, SI, SK)",INT_EU27_2020,Intra-EU27 (from 2020),854233,Electronic integrated circuits as amplifiers,2,EXPORT,QUANTITY_IN_100KG,QUANTITY_IN_100KG,2009,,13539.12,
dataflow,ESTAT:DS-045409(1.0),EU trade since 1988 by HS2-4-6 and CN8,A,Annual,EU27_2020,"European Union - 27 countries (AT, BE, BG, CY, CZ, DE, DK, EE, ES, FI, FR, GR, HR, HU, IE, IT, LT, LU, LV, MT, NL, PL, PT, RO, SE, SI, SK)",INT_EU27_2020,Intra-EU27 (from 2020),854233,Electronic integrated circuits as amplifiers,2,EXPORT,QUANTITY_IN_100KG,QUANTITY_IN_100KG,2010,,21717.97,
dataflow,ESTAT:DS-045409(1.0),EU trade since 1988 by HS2-4-6 and CN8,A,Annual,EU27_2020,"European Union - 27 countries (AT, BE, BG, CY, CZ, DE, DK, EE, ES, FI, FR, GR, HR, HU, IE, IT, LT, LU, LV, MT, NL, PL, PT, RO, SE, SI, SK)",INT_EU27_2020,Intra-EU27 (from 2020),854233,Electronic integrated circuits as amplifiers,2,EXPORT,QUANTITY_IN_100KG,QUANTITY_IN_100KG,2011,,21042.07,
dataflow,ESTAT:DS-045409(1.0),EU trade since 1988 by HS2-4-6 and CN8,A,Annual,EU27_2020,"European Union - 27 countries (AT, BE, BG, CY, CZ, DE, DK, EE, ES, FI, FR, GR, HR, HU, IE, IT, LT, LU, LV, MT, NL, PL, PT, RO, SE, SI, SK)",INT_EU27_2020,Intra-EU27 (from 2020),854233,Electronic integrated circuits as amplifiers,2,EXPORT,QUANTITY_IN_100KG,QUANTITY_IN_100KG,2012,,19177.58,
dataflow,ESTAT:DS-045409(1.0),EU trade since 1988 by HS2-4-6 and CN8,A,Annual,EU27_2020,"European Union - 27 countries (AT, BE, BG, CY, CZ, DE, DK, EE, ES, FI, FR, GR, HR, HU, IE, IT, LT, LU, LV, MT, NL, PL, PT, RO, SE, SI, SK)",INT_EU27_2020,Intra-EU27 (from 2020),854233,Electronic integrated circuits as amplifiers,2,EXPORT,QUANTITY_IN_100KG,QUANTITY_IN_100KG,2013,,18200.67,
dataflow,ESTAT:DS-045409(1.0),EU trade since 1988 by HS2-4-6 and CN8,A,Annual,EU27_2020,"European Union - 27 countries (AT, BE, BG, CY, CZ, DE, DK, EE, ES, FI, FR, GR, HR, HU, IE, IT, LT, LU, LV, MT, NL, PL, PT, RO, SE, SI, SK)",INT_EU27_2020,Intra-EU27 (from 2020),854233,Electronic integrated circuits as amplifiers,2,EXPORT,QUANTITY_IN_100KG,QUANTITY_IN_100KG,2014,,19324.51,
dataflow,ESTAT:DS-045409(1.0),EU trade since 1988 by HS2-4-6 and CN8,A,Annual,EU27_2020,"European Union - 27 countries (AT, BE, BG, CY, CZ, DE, DK, EE, ES, FI, FR, GR, HR, HU, IE, IT, LT, LU, LV, MT, NL, PL, PT, RO, SE, SI, SK)",INT_EU27_2020,Intra-EU27 (from 2020),854233,Electronic integrated circuits as amplifiers,2,EXPORT,QUANTITY_IN_100KG,QUANTITY_IN_100KG,2015,,22393.89,
dataflow,ESTAT:DS-045409(1.0),EU trade since 1988 by HS2-4-6 and CN8,A,Annual,EU27_2020,"European Union - 27 countries (AT, BE, BG, CY, CZ, DE, DK, EE, ES, FI, FR, GR, HR, HU, IE, IT, LT, LU, LV, MT, NL, PL, PT, RO, SE, SI, SK)",INT_EU27_2020,Intra-EU27 (from 2020),854233,Electronic integrated circuits as amplifiers,2,EXPORT,QUANTITY_IN_100KG,QUANTITY_IN_100KG,2016,,17917.41,
dataflow,ESTAT:DS-045409(1.0),EU trade since 1988 by HS2-4-6 and CN8,A,Annual,EU27_2020,"European Union - 27 countries (AT, BE, BG, CY, CZ, DE, DK, EE, ES, FI, FR, GR, HR, HU, IE, IT, LT, LU, LV, MT, NL, PL, PT, RO, SE, SI, SK)",INT_EU27_2020,Intra-EU27 (from 2020),854233,Electronic integrated circuits as amplifiers,2,EXPORT,QUANTITY_IN_100KG,QUANTITY_IN_100KG,2017,,16851.88,
dataflow,ESTAT:DS-045409(1.0),EU trade since 1988 by HS2-4-6 and CN8,A,Annual,EU27_2020,"European Union - 27 countries (AT, BE, BG, CY, CZ, DE, DK, EE, ES, FI, FR, GR, HR, HU, IE, IT, LT, LU, LV, MT, NL, PL, PT, RO, SE, SI, SK)",INT_EU27_2020,Intra-EU27 (from 2020),854233,Electronic integrated circuits as amplifiers,2,EXPORT,QUANTITY_IN_100KG,QUANTITY_IN_100KG,2018,,13121.26,
dataflow,ESTAT:DS-045409(1.0),EU trade since 1988 by HS2-4-6 and CN8,A,Annual,EU27_2020,"European Union - 27 countries (AT, BE, BG, CY, CZ, DE, DK, EE, ES, FI, FR, GR, HR, HU, IE, IT, LT, LU, LV, MT, NL, PL, PT, RO, SE, SI, SK)",INT_EU27_2020,Intra-EU27 (from 2020),854233,Electronic integrated circuits as amplifiers,2,EXPORT,QUANTITY_IN_100KG,QUANTITY_IN_100KG,2019,,13242.30,
dataflow,ESTAT:DS-045409(1.0),EU trade since 1988 by HS2-4-6 and CN8,A,Annual,EU27_2020,"European Union - 27 countries (AT, BE, BG, CY, CZ, DE, DK, EE, ES, FI, FR, GR, HR, HU, IE, IT, LT, LU, LV, MT, NL, PL, PT, RO, SE, SI, SK)",INT_EU27_2020,Intra-EU27 (from 2020),854233,Electronic integrated circuits as amplifiers,2,EXPORT,QUANTITY_IN_100KG,QUANTITY_IN_100KG,2020,,37457.62,
dataflow,ESTAT:DS-045409(1.0),EU trade since 1988 by HS2-4-6 and CN8,A,Annual,EU27_2020,"European Union - 27 countries (AT, BE, BG, CY, CZ, DE, DK, EE, ES, FI, FR, GR, HR, HU, IE, IT, LT, LU, LV, MT, NL, PL, PT, RO, SE, SI, SK)",INT_EU27_2020,Intra-EU27 (from 2020),854233,Electronic integrated circuits as amplifiers,2,EXPORT,QUANTITY_IN_100KG,QUANTITY_IN_100KG,2021,,17596.35,
dataflow,ESTAT:DS-045409(1.0),EU trade since 1988 by HS2-4-6 and CN8,A,Annual,EU27_2020,"European Union - 27 countries (AT, BE, BG, CY, CZ, DE, DK, EE, ES, FI, FR, GR, HR, HU, IE, IT, LT, LU, LV, MT, NL, PL, PT, RO, SE, SI, SK)",INT_EU27_2020,Intra-EU27 (from 2020),854233,Electronic integrated circuits as amplifiers,2,EXPORT,QUANTITY_IN_100KG,QUANTITY_IN_100KG,2022,,16559.64,
dataflow,ESTAT:DS-045409(1.0),EU trade since 1988 by HS2-4-6 and CN8,A,Annual,EU27_2020,"European Union - 27 countries (AT, BE, BG, CY, CZ, DE, DK, EE, ES, FI, FR, GR, HR, HU, IE, IT, LT, LU, LV, MT, NL, PL, PT, RO, SE, SI, SK)",INT_EU27_2020,Intra-EU27 (from 2020),854233,Electronic integrated circuits as amplifiers,2,EXPORT,QUANTITY_IN_100KG,QUANTITY_IN_100KG,2023,,10896.89,
dataflow,ESTAT:DS-045409(1.0),EU trade since 1988 by HS2-4-6 and CN8,A,Annual,EU27_2020,"European Union - 27 countries (AT, BE, BG, CY, CZ, DE, DK, EE, ES, FI, FR, GR, HR, HU, IE, IT, LT, LU, LV, MT, NL, PL, PT, RO, SE, SI, SK)",INT_EU27_2020,Intra-EU27 (from 2020),854233,Electronic integrated circuits as amplifiers,2,EXPORT,QUANTITY_IN_100KG,QUANTITY_IN_100KG,2024,,10716.09,
dataflow,ESTAT:DS-045409(1.0),EU trade since 1988 by HS2-4-6 and CN8,A,Annual,EU27_2020,"European Union - 27 countries (AT, BE, BG, CY, CZ, DE, DK, EE, ES, FI, FR, GR, HR, HU, IE, IT, LT, LU, LV, MT, NL, PL, PT, RO, SE, SI, SK)",INT_EU27_2020,Intra-EU27 (from 2020),854233,Electronic integrated circuits as amplifiers,2,EXPORT,QUANTITY_IN_100KG,QUANTITY_IN_100KG,2025,,10376.99,
dataflow,ESTAT:DS-045409(1.0),EU trade since 1988 by HS2-4-6 and CN8,A,Annual,EU27_2020,"European Union - 27 countries (AT, BE, BG, CY, CZ, DE, DK, EE, ES, FI, FR, GR, HR, HU, IE, IT, LT, LU, LV, MT, NL, PL, PT, RO, SE, SI, SK)",INT_EU27_2020,Intra-EU27 (from 2020),854233,Electronic integrated circuits as amplifiers,2,EXPORT,VALUE_IN_EUROS,VALUE_IN_EUROS,2007,,446109383,
dataflow,ESTAT:DS-045409(1.0),EU trade since 1988 by HS2-4-6 and CN8,A,Annual,EU27_2020,"European Union - 27 countries (AT, BE, BG, CY, CZ, DE, DK, EE, ES, FI, FR, GR, HR, HU, IE, IT, LT, LU, LV, MT, NL, PL, PT, RO, SE, SI, SK)",INT_EU27_2020,Intra-EU27 (from 2020),854233,Electronic integrated circuits as amplifiers,2,EXPORT,VALUE_IN_EUROS,VALUE_IN_EUROS,2008,,387186279,
dataflow,ESTAT:DS-045409(1.0),EU trade since 1988 by HS2-4-6 and CN8,A,Annual,EU27_2020,"European Union - 27 countries (AT, BE, BG, CY, CZ, DE, DK, EE, ES, FI, FR, GR, HR, HU, IE, IT, LT, LU, LV, MT, NL, PL, PT, RO, SE, SI, SK)",INT_EU27_2020,Intra-EU27 (from 2020),854233,Electronic integrated circuits as amplifiers,2,EXPORT,VALUE_IN_EUROS,VALUE_IN_EUROS,2009,,292429585,
dataflow,ESTAT:DS-045409(1.0),EU trade since 1988 by HS2-4-6 and CN8,A,Annual,EU27_2020,"European Union - 27 countries (AT, BE, BG, CY, CZ, DE, DK, EE, ES, FI, FR, GR, HR, HU, IE, IT, LT, LU, LV, MT, NL, PL, PT, RO, SE, SI, SK)",INT_EU27_2020,Intra-EU27 (from 2020),854233,Electronic integrated circuits as amplifiers,2,EXPORT,VALUE_IN_EUROS,VALUE_IN_EUROS,2010,,518981277,
dataflow,ESTAT:DS-045409(1.0),EU trade since 1988 by HS2-4-6 and CN8,A,Annual,EU27_2020,"European Union - 27 countries (AT, BE, BG, CY, CZ, DE, DK, EE, ES, FI, FR, GR, HR, HU, IE, IT, LT, LU, LV, MT, NL, PL, PT, RO, SE, SI, SK)",INT_EU27_2020,Intra-EU27 (from 2020),854233,Electronic integrated circuits as amplifiers,2,EXPORT,VALUE_IN_EUROS,VALUE_IN_EUROS,2011,,505088779,
dataflow,ESTAT:DS-045409(1.0),EU trade since 1988 by HS2-4-6 and CN8,A,Annual,EU27_2020,"European Union - 27 countries (AT, BE, BG, CY, CZ, DE, DK, EE, ES, FI, FR, GR, HR, HU, IE, IT, LT, LU, LV, MT, NL, PL, PT, RO, SE, SI, SK)",INT_EU27_2020,Intra-EU27 (from 2020),854233,Electronic integrated circuits as amplifiers,2,EXPORT,VALUE_IN_EUROS,VALUE_IN_EUROS,2012,,450973355,
dataflow,ESTAT:DS-045409(1.0),EU trade since 1988 by HS2-4-6 and CN8,A,Annual,EU27_2020,"European Union - 27 countries (AT, BE, BG, CY, CZ, DE, DK, EE, ES, FI, FR, GR, HR, HU, IE, IT, LT, LU, LV, MT, NL, PL, PT, RO, SE, SI, SK)",INT_EU27_2020,Intra-EU27 (from 2020),854233,Electronic integrated circuits as amplifiers,2,EXPORT,VALUE_IN_EUROS,VALUE_IN_EUROS,2013,,419346955,
dataflow,ESTAT:DS-045409(1.0),EU trade since 1988 by HS2-4-6 and CN8,A,Annual,EU27_2020,"European Union - 27 countries (AT, BE, BG, CY, CZ, DE, DK, EE, ES, FI, FR, GR, HR, HU, IE, IT, LT, LU, LV, MT, NL, PL, PT, RO, SE, SI, SK)",INT_EU27_2020,Intra-EU27 (from 2020),854233,Electronic integrated circuits as amplifiers,2,EXPORT,VALUE_IN_EUROS,VALUE_IN_EUROS,2014,,492306485,
dataflow,ESTAT:DS-045409(1.0),EU trade since 1988 by HS2-4-6 and CN8,A,Annual,EU27_2020,"European Union - 27 countries (AT, BE, BG, CY, CZ, DE, DK, EE, ES, FI, FR, GR, HR, HU, IE, IT, LT, LU, LV, MT, NL, PL, PT, RO, SE, SI, SK)",INT_EU27_2020,Intra-EU27 (from 2020),854233,Electronic integrated circuits as amplifiers,2,EXPORT,VALUE_IN_EUROS,VALUE_IN_EUROS,2015,,682308599,
dataflow,ESTAT:DS-045409(1.0),EU trade since 1988 by HS2-4-6 and CN8,A,Annual,EU27_2020,"European Union - 27 countries (AT, BE, BG, CY, CZ, DE, DK, EE, ES, FI, FR, GR, HR, HU, IE, IT, LT, LU, LV, MT, NL, PL, PT, RO, SE, SI, SK)",INT_EU27_2020,Intra-EU27 (from 2020),854233,Electronic integrated circuits as amplifiers,2,EXPORT,VALUE_IN_EUROS,VALUE_IN_EUROS,2016,,705542877,
dataflow,ESTAT:DS-045409(1.0),EU trade since 1988 by HS2-4-6 and CN8,A,Annual,EU27_2020,"European Union - 27 countries (AT, BE, BG, CY, CZ, DE, DK, EE, ES, FI, FR, GR, HR, HU, IE, IT, LT, LU, LV, MT, NL, PL, PT, RO, SE, SI, SK)",INT_EU27_2020,Intra-EU27 (from 2020),854233,Electronic integrated circuits as amplifiers,2,EXPORT,VALUE_IN_EUROS,VALUE_IN_EUROS,2017,,699417107,
dataflow,ESTAT:DS-045409(1.0),EU trade since 1988 by HS2-4-6 and CN8,A,Annual,EU27_2020,"European Union - 27 countries (AT, BE, BG, CY, CZ, DE, DK, EE, ES, FI, FR, GR, HR, HU, IE, IT, LT, LU, LV, MT, NL, PL, PT, RO, SE, SI, SK)",INT_EU27_2020,Intra-EU27 (from 2020),854233,Electronic integrated circuits as amplifiers,2,EXPORT,VALUE_IN_EUROS,VALUE_IN_EUROS,2018,,684858629,
dataflow,ESTAT:DS-045409(1.0),EU trade since 1988 by HS2-4-6 and CN8,A,Annual,EU27_2020,"European Union - 27 countries (AT, BE, BG, CY, CZ, DE, DK, EE, ES, FI, FR, GR, HR, HU, IE, IT, LT, LU, LV, MT, NL, PL, PT, RO, SE, SI, SK)",INT_EU27_2020,Intra-EU27 (from 2020),854233,Electronic integrated circuits as amplifiers,2,EXPORT,VALUE_IN_EUROS,VALUE_IN_EUROS,2019,,606389047,
dataflow,ESTAT:DS-045409(1.0),EU trade since 1988 by HS2-4-6 and CN8,A,Annual,EU27_2020,"European Union - 27 countries (AT, BE, BG, CY, CZ, DE, DK, EE, ES, FI, FR, GR, HR, HU, IE, IT, LT, LU, LV, MT, NL, PL, PT, RO, SE, SI, SK)",INT_EU27_2020,Intra-EU27 (from 2020),854233,Electronic integrated circuits as amplifiers,2,EXPORT,VALUE_IN_EUROS,VALUE_IN_EUROS,2020,,517362094,
dataflow,ESTAT:DS-045409(1.0),EU trade since 1988 by HS2-4-6 and CN8,A,Annual,EU27_2020,"European Union - 27 countries (AT, BE, BG, CY, CZ, DE, DK, EE, ES, FI, FR, GR, HR, HU, IE, IT, LT, LU, LV, MT, NL, PL, PT, RO, SE, SI, SK)",INT_EU27_2020,Intra-EU27 (from 2020),854233,Electronic integrated circuits as amplifiers,2,EXPORT,VALUE_IN_EUROS,VALUE_IN_EUROS,2021,,661912409,
dataflow,ESTAT:DS-045409(1.0),EU trade since 1988 by HS2-4-6 and CN8,A,Annual,EU27_2020,"European Union - 27 countries (AT, BE, BG, CY, CZ, DE, DK, EE, ES, FI, FR, GR, HR, HU, IE, IT, LT, LU, LV, MT, NL, PL, PT, RO, SE, SI, SK)",INT_EU27_2020,Intra-EU27 (from 2020),854233,Electronic integrated circuits as amplifiers,2,EXPORT,VALUE_IN_EUROS,VALUE_IN_EUROS,2022,,875871674,
dataflow,ESTAT:DS-045409(1.0),EU trade since 1988 by HS2-4-6 and CN8,A,Annual,EU27_2020,"European Union - 27 countries (AT, BE, BG, CY, CZ, DE, DK, EE, ES, FI, FR, GR, HR, HU, IE, IT, LT, LU, LV, MT, NL, PL, PT, RO, SE, SI, SK)",INT_EU27_2020,Intra-EU27 (from 2020),854233,Electronic integrated circuits as amplifiers,2,EXPORT,VALUE_IN_EUROS,VALUE_IN_EUROS,2023,,820497625,
dataflow,ESTAT:DS-045409(1.0),EU trade since 1988 by HS2-4-6 and CN8,A,Annual,EU27_2020,"European Union - 27 countries (AT, BE, BG, CY, CZ, DE, DK, EE, ES, FI, FR, GR, HR, HU, IE, IT, LT, LU, LV, MT, NL, PL, PT, RO, SE, SI, SK)",INT_EU27_2020,Intra-EU27 (from 2020),854233,Electronic integrated circuits as amplifiers,2,EXPORT,VALUE_IN_EUROS,VALUE_IN_EUROS,2024,,630068256,
dataflow,ESTAT:DS-045409(1.0),EU trade since 1988 by HS2-4-6 and CN8,A,Annual,EU27_2020,"European Union - 27 countries (AT, BE, BG, CY, CZ, DE, DK, EE, ES, FI, FR, GR, HR, HU, IE, IT, LT, LU, LV, MT, NL, PL, PT, RO, SE, SI, SK)",INT_EU27_2020,Intra-EU27 (from 2020),854233,Electronic integrated circuits as amplifiers,2,EXPORT,VALUE_IN_EUROS,VALUE_IN_EUROS,2025,,635725165,
dataflow,ESTAT:DS-045409(1.0),EU trade since 1988 by HS2-4-6 and CN8,A,Annual,EU27_2020,"European Union - 27 countries (AT, BE, BG, CY, CZ, DE, DK, EE, ES, FI, FR, GR, HR, HU, IE, IT, LT, LU, LV, MT, NL, PL, PT, RO, SE, SI, SK)",INT_EU27_2020,Intra-EU27 (from 2020),854239,"Electronic integrated circuits (excl. such as processors, controllers, memories and amplifiers)",1,IMPORT,QUANTITY_IN_100KG,QUANTITY_IN_100KG,2007,,433709.86,
dataflow,ESTAT:DS-045409(1.0),EU trade since 1988 by HS2-4-6 and CN8,A,Annual,EU27_2020,"European Union - 27 countries (AT, BE, BG, CY, CZ, DE, DK, EE, ES, FI, FR, GR, HR, HU, IE, IT, LT, LU, LV, MT, NL, PL, PT, RO, SE, SI, SK)",INT_EU27_2020,Intra-EU27 (from 2020),854239,"Electronic integrated circuits (excl. such as processors, controllers, memories and amplifiers)",1,IMPORT,QUANTITY_IN_100KG,QUANTITY_IN_100KG,2008,,574487.92,
dataflow,ESTAT:DS-045409(1.0),EU trade since 1988 by HS2-4-6 and CN8,A,Annual,EU27_2020,"European Union - 27 countries (AT, BE, BG, CY, CZ, DE, DK, EE, ES, FI, FR, GR, HR, HU, IE, IT, LT, LU, LV, MT, NL, PL, PT, RO, SE, SI, SK)",INT_EU27_2020,Intra-EU27 (from 2020),854239,"Electronic integrated circuits (excl. such as processors, controllers, memories and amplifiers)",1,IMPORT,QUANTITY_IN_100KG,QUANTITY_IN_100KG,2009,,407783.90,
dataflow,ESTAT:DS-045409(1.0),EU trade since 1988 by HS2-4-6 and CN8,A,Annual,EU27_2020,"European Union - 27 countries (AT, BE, BG, CY, CZ, DE, DK, EE, ES, FI, FR, GR, HR, HU, IE, IT, LT, LU, LV, MT, NL, PL, PT, RO, SE, SI, SK)",INT_EU27_2020,Intra-EU27 (from 2020),854239,"Electronic integrated circuits (excl. such as processors, controllers, memories and amplifiers)",1,IMPORT,QUANTITY_IN_100KG,QUANTITY_IN_100KG,2010,,443820.39,
dataflow,ESTAT:DS-045409(1.0),EU trade since 1988 by HS2-4-6 and CN8,A,Annual,EU27_2020,"European Union - 27 countries (AT, BE, BG, CY, CZ, DE, DK, EE, ES, FI, FR, GR, HR, HU, IE, IT, LT, LU, LV, MT, NL, PL, PT, RO, SE, SI, SK)",INT_EU27_2020,Intra-EU27 (from 2020),854239,"Electronic integrated circuits (excl. such as processors, controllers, memories and amplifiers)",1,IMPORT,QUANTITY_IN_100KG,QUANTITY_IN_100KG,2011,,594237.32,
dataflow,ESTAT:DS-045409(1.0),EU trade since 1988 by HS2-4-6 and CN8,A,Annual,EU27_2020,"European Union - 27 countries (AT, BE, BG, CY, CZ, DE, DK, EE, ES, FI, FR, GR, HR, HU, IE, IT, LT, LU, LV, MT, NL, PL, PT, RO, SE, SI, SK)",INT_EU27_2020,Intra-EU27 (from 2020),854239,"Electronic integrated circuits (excl. such as processors, controllers, memories and amplifiers)",1,IMPORT,QUANTITY_IN_100KG,QUANTITY_IN_100KG,2012,,966554.91,
dataflow,ESTAT:DS-045409(1.0),EU trade since 1988 by HS2-4-6 and CN8,A,Annual,EU27_2020,"European Union - 27 countries (AT, BE, BG, CY, CZ, DE, DK, EE, ES, FI, FR, GR, HR, HU, IE, IT, LT, LU, LV, MT, NL, PL, PT, RO, SE, SI, SK)",INT_EU27_2020,Intra-EU27 (from 2020),854239,"Electronic integrated circuits (excl. such as processors, controllers, memories and amplifiers)",1,IMPORT,QUANTITY_IN_100KG,QUANTITY_IN_100KG,2013,,603154.62,
dataflow,ESTAT:DS-045409(1.0),EU trade since 1988 by HS2-4-6 and CN8,A,Annual,EU27_2020,"European Union - 27 countries (AT, BE, BG, CY, CZ, DE, DK, EE, ES, FI, FR, GR, HR, HU, IE, IT, LT, LU, LV, MT, NL, PL, PT, RO, SE, SI, SK)",INT_EU27_2020,Intra-EU27 (from 2020),854239,"Electronic integrated circuits (excl. such as processors, controllers, memories and amplifiers)",1,IMPORT,QUANTITY_IN_100KG,QUANTITY_IN_100KG,2014,,1005646.42,
dataflow,ESTAT:DS-045409(1.0),EU trade since 1988 by HS2-4-6 and CN8,A,Annual,EU27_2020,"European Union - 27 countries (AT, BE, BG, CY, CZ, DE, DK, EE, ES, FI, FR, GR, HR, HU, IE, IT, LT, LU, LV, MT, NL, PL, PT, RO, SE, SI, SK)",INT_EU27_2020,Intra-EU27 (from 2020),854239,"Electronic integrated circuits (excl. such as processors, controllers, memories and amplifiers)",1,IMPORT,QUANTITY_IN_100KG,QUANTITY_IN_100KG,2015,,827781.89,
dataflow,ESTAT:DS-045409(1.0),EU trade since 1988 by HS2-4-6 and CN8,A,Annual,EU27_2020,"European Union - 27 countries (AT, BE, BG, CY, CZ, DE, DK, EE, ES, FI, FR, GR, HR, HU, IE, IT, LT, LU, LV, MT, NL, PL, PT, RO, SE, SI, SK)",INT_EU27_2020,Intra-EU27 (from 2020),854239,"Electronic integrated circuits (excl. such as processors, controllers, memories and amplifiers)",1,IMPORT,QUANTITY_IN_100KG,QUANTITY_IN_100KG,2016,,1955018.55,
dataflow,ESTAT:DS-045409(1.0),EU trade since 1988 by HS2-4-6 and CN8,A,Annual,EU27_2020,"European Union - 27 countries (AT, BE, BG, CY, CZ, DE, DK, EE, ES, FI, FR, GR, HR, HU, IE, IT, LT, LU, LV, MT, NL, PL, PT, RO, SE, SI, SK)",INT_EU27_2020,Intra-EU27 (from 2020),854239,"Electronic integrated circuits (excl. such as processors, controllers, memories and amplifiers)",1,IMPORT,QUANTITY_IN_100KG,QUANTITY_IN_100KG,2017,,1395988.53,
dataflow,ESTAT:DS-045409(1.0),EU trade since 1988 by HS2-4-6 and CN8,A,Annual,EU27_2020,"European Union - 27 countries (AT, BE, BG, CY, CZ, DE, DK, EE, ES, FI, FR, GR, HR, HU, IE, IT, LT, LU, LV, MT, NL, PL, PT, RO, SE, SI, SK)",INT_EU27_2020,Intra-EU27 (from 2020),854239,"Electronic integrated circuits (excl. such as processors, controllers, memories and amplifiers)",1,IMPORT,QUANTITY_IN_100KG,QUANTITY_IN_100KG,2018,,807550.32,
dataflow,ESTAT:DS-045409(1.0),EU trade since 1988 by HS2-4-6 and CN8,A,Annual,EU27_2020,"European Union - 27 countries (AT, BE, BG, CY, CZ, DE, DK, EE, ES, FI, FR, GR, HR, HU, IE, IT, LT, LU, LV, MT, NL, PL, PT, RO, SE, SI, SK)",INT_EU27_2020,Intra-EU27 (from 2020),854239,"Electronic integrated circuits (excl. such as processors, controllers, memories and amplifiers)",1,IMPORT,QUANTITY_IN_100KG,QUANTITY_IN_100KG,2019,,1264232.32,
dataflow,ESTAT:DS-045409(1.0),EU trade since 1988 by HS2-4-6 and CN8,A,Annual,EU27_2020,"European Union - 27 countries (AT, BE, BG, CY, CZ, DE, DK, EE, ES, FI, FR, GR, HR, HU, IE, IT, LT, LU, LV, MT, NL, PL, PT, RO, SE, SI, SK)",INT_EU27_2020,Intra-EU27 (from 2020),854239,"Electronic integrated circuits (excl. such as processors, controllers, memories and amplifiers)",1,IMPORT,QUANTITY_IN_100KG,QUANTITY_IN_100KG,2020,,716873.55,
dataflow,ESTAT:DS-045409(1.0),EU trade since 1988 by HS2-4-6 and CN8,A,Annual,EU27_2020,"European Union - 27 countries (AT, BE, BG, CY, CZ, DE, DK, EE, ES, FI, FR, GR, HR, HU, IE, IT, LT, LU, LV, MT, NL, PL, PT, RO, SE, SI, SK)",INT_EU27_2020,Intra-EU27 (from 2020),854239,"Electronic integrated circuits (excl. such as processors, controllers, memories and amplifiers)",1,IMPORT,QUANTITY_IN_100KG,QUANTITY_IN_100KG,2021,,525195.93,
dataflow,ESTAT:DS-045409(1.0),EU trade since 1988 by HS2-4-6 and CN8,A,Annual,EU27_2020,"European Union - 27 countries (AT, BE, BG, CY, CZ, DE, DK, EE, ES, FI, FR, GR, HR, HU, IE, IT, LT, LU, LV, MT, NL, PL, PT, RO, SE, SI, SK)",INT_EU27_2020,Intra-EU27 (from 2020),854239,"Electronic integrated circuits (excl. such as processors, controllers, memories and amplifiers)",1,IMPORT,QUANTITY_IN_100KG,QUANTITY_IN_100KG,2022,,455514.52,
dataflow,ESTAT:DS-045409(1.0),EU trade since 1988 by HS2-4-6 and CN8,A,Annual,EU27_2020,"European Union - 27 countries (AT, BE, BG, CY, CZ, DE, DK, EE, ES, FI, FR, GR, HR, HU, IE, IT, LT, LU, LV, MT, NL, PL, PT, RO, SE, SI, SK)",INT_EU27_2020,Intra-EU27 (from 2020),854239,"Electronic integrated circuits (excl. such as processors, controllers, memories and amplifiers)",1,IMPORT,QUANTITY_IN_100KG,QUANTITY_IN_100KG,2023,,467924.26,
dataflow,ESTAT:DS-045409(1.0),EU trade since 1988 by HS2-4-6 and CN8,A,Annual,EU27_2020,"European Union - 27 countries (AT, BE, BG, CY, CZ, DE, DK, EE, ES, FI, FR, GR, HR, HU, IE, IT, LT, LU, LV, MT, NL, PL, PT, RO, SE, SI, SK)",INT_EU27_2020,Intra-EU27 (from 2020),854239,"Electronic integrated circuits (excl. such as processors, controllers, memories and amplifiers)",1,IMPORT,QUANTITY_IN_100KG,QUANTITY_IN_100KG,2024,,385963.58,
dataflow,ESTAT:DS-045409(1.0),EU trade since 1988 by HS2-4-6 and CN8,A,Annual,EU27_2020,"European Union - 27 countries (AT, BE, BG, CY, CZ, DE, DK, EE, ES, FI, FR, GR, HR, HU, IE, IT, LT, LU, LV, MT, NL, PL, PT, RO, SE, SI, SK)",INT_EU27_2020,Intra-EU27 (from 2020),854239,"Electronic integrated circuits (excl. such as processors, controllers, memories and amplifiers)",1,IMPORT,QUANTITY_IN_100KG,QUANTITY_IN_100KG,2025,,478551.99,
dataflow,ESTAT:DS-045409(1.0),EU trade since 1988 by HS2-4-6 and CN8,A,Annual,EU27_2020,"European Union - 27 countries (AT, BE, BG, CY, CZ, DE, DK, EE, ES, FI, FR, GR, HR, HU, IE, IT, LT, LU, LV, MT, NL, PL, PT, RO, SE, SI, SK)",INT_EU27_2020,Intra-EU27 (from 2020),854239,"Electronic integrated circuits (excl. such as processors, controllers, memories and amplifiers)",1,IMPORT,VALUE_IN_EUROS,VALUE_IN_EUROS,2007,,5934642080,
dataflow,ESTAT:DS-045409(1.0),EU trade since 1988 by HS2-4-6 and CN8,A,Annual,EU27_2020,"European Union - 27 countries (AT, BE, BG, CY, CZ, DE, DK, EE, ES, FI, FR, GR, HR, HU, IE, IT, LT, LU, LV, MT, NL, PL, PT, RO, SE, SI, SK)",INT_EU27_2020,Intra-EU27 (from 2020),854239,"Electronic integrated circuits (excl. such as processors, controllers, memories and amplifiers)",1,IMPORT,VALUE_IN_EUROS,VALUE_IN_EUROS,2008,,5415861737,
dataflow,ESTAT:DS-045409(1.0),EU trade since 1988 by HS2-4-6 and CN8,A,Annual,EU27_2020,"European Union - 27 countries (AT, BE, BG, CY, CZ, DE, DK, EE, ES, FI, FR, GR, HR, HU, IE, IT, LT, LU, LV, MT, NL, PL, PT, RO, SE, SI, SK)",INT_EU27_2020,Intra-EU27 (from 2020),854239,"Electronic integrated circuits (excl. such as processors, controllers, memories and amplifiers)",1,IMPORT,VALUE_IN_EUROS,VALUE_IN_EUROS,2009,,3720831090,
dataflow,ESTAT:DS-045409(1.0),EU trade since 1988 by HS2-4-6 and CN8,A,Annual,EU27_2020,"European Union - 27 countries (AT, BE, BG, CY, CZ, DE, DK, EE, ES, FI, FR, GR, HR, HU, IE, IT, LT, LU, LV, MT, NL, PL, PT, RO, SE, SI, SK)",INT_EU27_2020,Intra-EU27 (from 2020),854239,"Electronic integrated circuits (excl. such as processors, controllers, memories and amplifiers)",1,IMPORT,VALUE_IN_EUROS,VALUE_IN_EUROS,2010,,5416845313,
dataflow,ESTAT:DS-045409(1.0),EU trade since 1988 by HS2-4-6 and CN8,A,Annual,EU27_2020,"European Union - 27 countries (AT, BE, BG, CY, CZ, DE, DK, EE, ES, FI, FR, GR, HR, HU, IE, IT, LT, LU, LV, MT, NL, PL, PT, RO, SE, SI, SK)",INT_EU27_2020,Intra-EU27 (from 2020),854239,"Electronic integrated circuits (excl. such as processors, controllers, memories and amplifiers)",1,IMPORT,VALUE_IN_EUROS,VALUE_IN_EUROS,2011,,5820234184,
dataflow,ESTAT:DS-045409(1.0),EU trade since 1988 by HS2-4-6 and CN8,A,Annual,EU27_2020,"European Union - 27 countries (AT, BE, BG, CY, CZ, DE, DK, EE, ES, FI, FR, GR, HR, HU, IE, IT, LT, LU, LV, MT, NL, PL, PT, RO, SE, SI, SK)",INT_EU27_2020,Intra-EU27 (from 2020),854239,"Electronic integrated circuits (excl. such as processors, controllers, memories and amplifiers)",1,IMPORT,VALUE_IN_EUROS,VALUE_IN_EUROS,2012,,5560093361,
dataflow,ESTAT:DS-045409(1.0),EU trade since 1988 by HS2-4-6 and CN8,A,Annual,EU27_2020,"European Union - 27 countries (AT, BE, BG, CY, CZ, DE, DK, EE, ES, FI, FR, GR, HR, HU, IE, IT, LT, LU, LV, MT, NL, PL, PT, RO, SE, SI, SK)",INT_EU27_2020,Intra-EU27 (from 2020),854239,"Electronic integrated circuits (excl. such as processors, controllers, memories and amplifiers)",1,IMPORT,VALUE_IN_EUROS,VALUE_IN_EUROS,2013,,5609078349,
dataflow,ESTAT:DS-045409(1.0),EU trade since 1988 by HS2-4-6 and CN8,A,Annual,EU27_2020,"European Union - 27 countries (AT, BE, BG, CY, CZ, DE, DK, EE, ES, FI, FR, GR, HR, HU, IE, IT, LT, LU, LV, MT, NL, PL, PT, RO, SE, SI, SK)",INT_EU27_2020,Intra-EU27 (from 2020),854239,"Electronic integrated circuits (excl. such as processors, controllers, memories and amplifiers)",1,IMPORT,VALUE_IN_EUROS,VALUE_IN_EUROS,2014,,6117437081,
dataflow,ESTAT:DS-045409(1.0),EU trade since 1988 by HS2-4-6 and CN8,A,Annual,EU27_2020,"European Union - 27 countries (AT, BE, BG, CY, CZ, DE, DK, EE, ES, FI, FR, GR, HR, HU, IE, IT, LT, LU, LV, MT, NL, PL, PT, RO, SE, SI, SK)",INT_EU27_2020,Intra-EU27 (from 2020),854239,"Electronic integrated circuits (excl. such as processors, controllers, memories and amplifiers)",1,IMPORT,VALUE_IN_EUROS,VALUE_IN_EUROS,2015,,6705660152,
dataflow,ESTAT:DS-045409(1.0),EU trade since 1988 by HS2-4-6 and CN8,A,Annual,EU27_2020,"European Union - 27 countries (AT, BE, BG, CY, CZ, DE, DK, EE, ES, FI, FR, GR, HR, HU, IE, IT, LT, LU, LV, MT, NL, PL, PT, RO, SE, SI, SK)",INT_EU27_2020,Intra-EU27 (from 2020),854239,"Electronic integrated circuits (excl. such as processors, controllers, memories and amplifiers)",1,IMPORT,VALUE_IN_EUROS,VALUE_IN_EUROS,2016,,6702452295,
dataflow,ESTAT:DS-045409(1.0),EU trade since 1988 by HS2-4-6 and CN8,A,Annual,EU27_2020,"European Union - 27 countries (AT, BE, BG, CY, CZ, DE, DK, EE, ES, FI, FR, GR, HR, HU, IE, IT, LT, LU, LV, MT, NL, PL, PT, RO, SE, SI, SK)",INT_EU27_2020,Intra-EU27 (from 2020),854239,"Electronic integrated circuits (excl. such as processors, controllers, memories and amplifiers)",1,IMPORT,VALUE_IN_EUROS,VALUE_IN_EUROS,2017,,7867704098,
dataflow,ESTAT:DS-045409(1.0),EU trade since 1988 by HS2-4-6 and CN8,A,Annual,EU27_2020,"European Union - 27 countries (AT, BE, BG, CY, CZ, DE, DK, EE, ES, FI, FR, GR, HR, HU, IE, IT, LT, LU, LV, MT, NL, PL, PT, RO, SE, SI, SK)",INT_EU27_2020,Intra-EU27 (from 2020),854239,"Electronic integrated circuits (excl. such as processors, controllers, memories and amplifiers)",1,IMPORT,VALUE_IN_EUROS,VALUE_IN_EUROS,2018,,8837376397,
dataflow,ESTAT:DS-045409(1.0),EU trade since 1988 by HS2-4-6 and CN8,A,Annual,EU27_2020,"European Union - 27 countries (AT, BE, BG, CY, CZ, DE, DK, EE, ES, FI, FR, GR, HR, HU, IE, IT, LT, LU, LV, MT, NL, PL, PT, RO, SE, SI, SK)",INT_EU27_2020,Intra-EU27 (from 2020),854239,"Electronic integrated circuits (excl. such as processors, controllers, memories and amplifiers)",1,IMPORT,VALUE_IN_EUROS,VALUE_IN_EUROS,2019,,10001355134,
dataflow,ESTAT:DS-045409(1.0),EU trade since 1988 by HS2-4-6 and CN8,A,Annual,EU27_2020,"European Union - 27 countries (AT, BE, BG, CY, CZ, DE, DK, EE, ES, FI, FR, GR, HR, HU, IE, IT, LT, LU, LV, MT, NL, PL, PT, RO, SE, SI, SK)",INT_EU27_2020,Intra-EU27 (from 2020),854239,"Electronic integrated circuits (excl. such as processors, controllers, memories and amplifiers)",1,IMPORT,VALUE_IN_EUROS,VALUE_IN_EUROS,2020,,8283417256,
dataflow,ESTAT:DS-045409(1.0),EU trade since 1988 by HS2-4-6 and CN8,A,Annual,EU27_2020,"European Union - 27 countries (AT, BE, BG, CY, CZ, DE, DK, EE, ES, FI, FR, GR, HR, HU, IE, IT, LT, LU, LV, MT, NL, PL, PT, RO, SE, SI, SK)",INT_EU27_2020,Intra-EU27 (from 2020),854239,"Electronic integrated circuits (excl. such as processors, controllers, memories and amplifiers)",1,IMPORT,VALUE_IN_EUROS,VALUE_IN_EUROS,2021,,9521985163,
dataflow,ESTAT:DS-045409(1.0),EU trade since 1988 by HS2-4-6 and CN8,A,Annual,EU27_2020,"European Union - 27 countries (AT, BE, BG, CY, CZ, DE, DK, EE, ES, FI, FR, GR, HR, HU, IE, IT, LT, LU, LV, MT, NL, PL, PT, RO, SE, SI, SK)",INT_EU27_2020,Intra-EU27 (from 2020),854239,"Electronic integrated circuits (excl. such as processors, controllers, memories and amplifiers)",1,IMPORT,VALUE_IN_EUROS,VALUE_IN_EUROS,2022,,13040176881,
dataflow,ESTAT:DS-045409(1.0),EU trade since 1988 by HS2-4-6 and CN8,A,Annual,EU27_2020,"European Union - 27 countries (AT, BE, BG, CY, CZ, DE, DK, EE, ES, FI, FR, GR, HR, HU, IE, IT, LT, LU, LV, MT, NL, PL, PT, RO, SE, SI, SK)",INT_EU27_2020,Intra-EU27 (from 2020),854239,"Electronic integrated circuits (excl. such as processors, controllers, memories and amplifiers)",1,IMPORT,VALUE_IN_EUROS,VALUE_IN_EUROS,2023,,14441802960,
dataflow,ESTAT:DS-045409(1.0),EU trade since 1988 by HS2-4-6 and CN8,A,Annual,EU27_2020,"European Union - 27 countries (AT, BE, BG, CY, CZ, DE, DK, EE, ES, FI, FR, GR, HR, HU, IE, IT, LT, LU, LV, MT, NL, PL, PT, RO, SE, SI, SK)",INT_EU27_2020,Intra-EU27 (from 2020),854239,"Electronic integrated circuits (excl. such as processors, controllers, memories and amplifiers)",1,IMPORT,VALUE_IN_EUROS,VALUE_IN_EUROS,2024,,10148673098,
dataflow,ESTAT:DS-045409(1.0),EU trade since 1988 by HS2-4-6 and CN8,A,Annual,EU27_2020,"European Union - 27 countries (AT, BE, BG, CY, CZ, DE, DK, EE, ES, FI, FR, GR, HR, HU, IE, IT, LT, LU, LV, MT, NL, PL, PT, RO, SE, SI, SK)",INT_EU27_2020,Intra-EU27 (from 2020),854239,"Electronic integrated circuits (excl. such as processors, controllers, memories and amplifiers)",1,IMPORT,VALUE_IN_EUROS,VALUE_IN_EUROS,2025,,11312508957,
dataflow,ESTAT:DS-045409(1.0),EU trade since 1988 by HS2-4-6 and CN8,A,Annual,EU27_2020,"European Union - 27 countries (AT, BE, BG, CY, CZ, DE, DK, EE, ES, FI, FR, GR, HR, HU, IE, IT, LT, LU, LV, MT, NL, PL, PT, RO, SE, SI, SK)",INT_EU27_2020,Intra-EU27 (from 2020),854239,"Electronic integrated circuits (excl. such as processors, controllers, memories and amplifiers)",2,EXPORT,QUANTITY_IN_100KG,QUANTITY_IN_100KG,2007,,182904.09,
dataflow,ESTAT:DS-045409(1.0),EU trade since 1988 by HS2-4-6 and CN8,A,Annual,EU27_2020,"European Union - 27 countries (AT, BE, BG, CY, CZ, DE, DK, EE, ES, FI, FR, GR, HR, HU, IE, IT, LT, LU, LV, MT, NL, PL, PT, RO, SE, SI, SK)",INT_EU27_2020,Intra-EU27 (from 2020),854239,"Electronic integrated circuits (excl. such as processors, controllers, memories and amplifiers)",2,EXPORT,QUANTITY_IN_100KG,QUANTITY_IN_100KG,2008,,139851.35,
dataflow,ESTAT:DS-045409(1.0),EU trade since 1988 by HS2-4-6 and CN8,A,Annual,EU27_2020,"European Union - 27 countries (AT, BE, BG, CY, CZ, DE, DK, EE, ES, FI, FR, GR, HR, HU, IE, IT, LT, LU, LV, MT, NL, PL, PT, RO, SE, SI, SK)",INT_EU27_2020,Intra-EU27 (from 2020),854239,"Electronic integrated circuits (excl. such as processors, controllers, memories and amplifiers)",2,EXPORT,QUANTITY_IN_100KG,QUANTITY_IN_100KG,2009,,98515.70,
dataflow,ESTAT:DS-045409(1.0),EU trade since 1988 by HS2-4-6 and CN8,A,Annual,EU27_2020,"European Union - 27 countries (AT, BE, BG, CY, CZ, DE, DK, EE, ES, FI, FR, GR, HR, HU, IE, IT, LT, LU, LV, MT, NL, PL, PT, RO, SE, SI, SK)",INT_EU27_2020,Intra-EU27 (from 2020),854239,"Electronic integrated circuits (excl. such as processors, controllers, memories and amplifiers)",2,EXPORT,QUANTITY_IN_100KG,QUANTITY_IN_100KG,2010,,160132.68,
dataflow,ESTAT:DS-045409(1.0),EU trade since 1988 by HS2-4-6 and CN8,A,Annual,EU27_2020,"European Union - 27 countries (AT, BE, BG, CY, CZ, DE, DK, EE, ES, FI, FR, GR, HR, HU, IE, IT, LT, LU, LV, MT, NL, PL, PT, RO, SE, SI, SK)",INT_EU27_2020,Intra-EU27 (from 2020),854239,"Electronic integrated circuits (excl. such as processors, controllers, memories and amplifiers)",2,EXPORT,QUANTITY_IN_100KG,QUANTITY_IN_100KG,2011,,145977.67,
dataflow,ESTAT:DS-045409(1.0),EU trade since 1988 by HS2-4-6 and CN8,A,Annual,EU27_2020,"European Union - 27 countries (AT, BE, BG, CY, CZ, DE, DK, EE, ES, FI, FR, GR, HR, HU, IE, IT, LT, LU, LV, MT, NL, PL, PT, RO, SE, SI, SK)",INT_EU27_2020,Intra-EU27 (from 2020),854239,"Electronic integrated circuits (excl. such as processors, controllers, memories and amplifiers)",2,EXPORT,QUANTITY_IN_100KG,QUANTITY_IN_100KG,2012,,133455.18,
dataflow,ESTAT:DS-045409(1.0),EU trade since 1988 by HS2-4-6 and CN8,A,Annual,EU27_2020,"European Union - 27 countries (AT, BE, BG, CY, CZ, DE, DK, EE, ES, FI, FR, GR, HR, HU, IE, IT, LT, LU, LV, MT, NL, PL, PT, RO, SE, SI, SK)",INT_EU27_2020,Intra-EU27 (from 2020),854239,"Electronic integrated circuits (excl. such as processors, controllers, memories and amplifiers)",2,EXPORT,QUANTITY_IN_100KG,QUANTITY_IN_100KG,2013,,113210.73,
dataflow,ESTAT:DS-045409(1.0),EU trade since 1988 by HS2-4-6 and CN8,A,Annual,EU27_2020,"European Union - 27 countries (AT, BE, BG, CY, CZ, DE, DK, EE, ES, FI, FR, GR, HR, HU, IE, IT, LT, LU, LV, MT, NL, PL, PT, RO, SE, SI, SK)",INT_EU27_2020,Intra-EU27 (from 2020),854239,"Electronic integrated circuits (excl. such as processors, controllers, memories and amplifiers)",2,EXPORT,QUANTITY_IN_100KG,QUANTITY_IN_100KG,2014,,152926.45,
dataflow,ESTAT:DS-045409(1.0),EU trade since 1988 by HS2-4-6 and CN8,A,Annual,EU27_2020,"European Union - 27 countries (AT, BE, BG, CY, CZ, DE, DK, EE, ES, FI, FR, GR, HR, HU, IE, IT, LT, LU, LV, MT, NL, PL, PT, RO, SE, SI, SK)",INT_EU27_2020,Intra-EU27 (from 2020),854239,"Electronic integrated circuits (excl. such as processors, controllers, memories and amplifiers)",2,EXPORT,QUANTITY_IN_100KG,QUANTITY_IN_100KG,2015,,191975.37,
dataflow,ESTAT:DS-045409(1.0),EU trade since 1988 by HS2-4-6 and CN8,A,Annual,EU27_2020,"European Union - 27 countries (AT, BE, BG, CY, CZ, DE, DK, EE, ES, FI, FR, GR, HR, HU, IE, IT, LT, LU, LV, MT, NL, PL, PT, RO, SE, SI, SK)",INT_EU27_2020,Intra-EU27 (from 2020),854239,"Electronic integrated circuits (excl. such as processors, controllers, memories and amplifiers)",2,EXPORT,QUANTITY_IN_100KG,QUANTITY_IN_100KG,2016,,329102.50,
dataflow,ESTAT:DS-045409(1.0),EU trade since 1988 by HS2-4-6 and CN8,A,Annual,EU27_2020,"European Union - 27 countries (AT, BE, BG, CY, CZ, DE, DK, EE, ES, FI, FR, GR, HR, HU, IE, IT, LT, LU, LV, MT, NL, PL, PT, RO, SE, SI, SK)",INT_EU27_2020,Intra-EU27 (from 2020),854239,"Electronic integrated circuits (excl. such as processors, controllers, memories and amplifiers)",2,EXPORT,QUANTITY_IN_100KG,QUANTITY_IN_100KG,2017,,234393.61,
dataflow,ESTAT:DS-045409(1.0),EU trade since 1988 by HS2-4-6 and CN8,A,Annual,EU27_2020,"European Union - 27 countries (AT, BE, BG, CY, CZ, DE, DK, EE, ES, FI, FR, GR, HR, HU, IE, IT, LT, LU, LV, MT, NL, PL, PT, RO, SE, SI, SK)",INT_EU27_2020,Intra-EU27 (from 2020),854239,"Electronic integrated circuits (excl. such as processors, controllers, memories and amplifiers)",2,EXPORT,QUANTITY_IN_100KG,QUANTITY_IN_100KG,2018,,300099.16,
dataflow,ESTAT:DS-045409(1.0),EU trade since 1988 by HS2-4-6 and CN8,A,Annual,EU27_2020,"European Union - 27 countries (AT, BE, BG, CY, CZ, DE, DK, EE, ES, FI, FR, GR, HR, HU, IE, IT, LT, LU, LV, MT, NL, PL, PT, RO, SE, SI, SK)",INT_EU27_2020,Intra-EU27 (from 2020),854239,"Electronic integrated circuits (excl. such as processors, controllers, memories and amplifiers)",2,EXPORT,QUANTITY_IN_100KG,QUANTITY_IN_100KG,2019,,251968.01,
dataflow,ESTAT:DS-045409(1.0),EU trade since 1988 by HS2-4-6 and CN8,A,Annual,EU27_2020,"European Union - 27 countries (AT, BE, BG, CY, CZ, DE, DK, EE, ES, FI, FR, GR, HR, HU, IE, IT, LT, LU, LV, MT, NL, PL, PT, RO, SE, SI, SK)",INT_EU27_2020,Intra-EU27 (from 2020),854239,"Electronic integrated circuits (excl. such as processors, controllers, memories and amplifiers)",2,EXPORT,QUANTITY_IN_100KG,QUANTITY_IN_100KG,2020,,213366.46,
dataflow,ESTAT:DS-045409(1.0),EU trade since 1988 by HS2-4-6 and CN8,A,Annual,EU27_2020,"European Union - 27 countries (AT, BE, BG, CY, CZ, DE, DK, EE, ES, FI, FR, GR, HR, HU, IE, IT, LT, LU, LV, MT, NL, PL, PT, RO, SE, SI, SK)",INT_EU27_2020,Intra-EU27 (from 2020),854239,"Electronic integrated circuits (excl. such as processors, controllers, memories and amplifiers)",2,EXPORT,QUANTITY_IN_100KG,QUANTITY_IN_100KG,2021,,207495.28,
dataflow,ESTAT:DS-045409(1.0),EU trade since 1988 by HS2-4-6 and CN8,A,Annual,EU27_2020,"European Union - 27 countries (AT, BE, BG, CY, CZ, DE, DK, EE, ES, FI, FR, GR, HR, HU, IE, IT, LT, LU, LV, MT, NL, PL, PT, RO, SE, SI, SK)",INT_EU27_2020,Intra-EU27 (from 2020),854239,"Electronic integrated circuits (excl. such as processors, controllers, memories and amplifiers)",2,EXPORT,QUANTITY_IN_100KG,QUANTITY_IN_100KG,2022,,305655.60,
dataflow,ESTAT:DS-045409(1.0),EU trade since 1988 by HS2-4-6 and CN8,A,Annual,EU27_2020,"European Union - 27 countries (AT, BE, BG, CY, CZ, DE, DK, EE, ES, FI, FR, GR, HR, HU, IE, IT, LT, LU, LV, MT, NL, PL, PT, RO, SE, SI, SK)",INT_EU27_2020,Intra-EU27 (from 2020),854239,"Electronic integrated circuits (excl. such as processors, controllers, memories and amplifiers)",2,EXPORT,QUANTITY_IN_100KG,QUANTITY_IN_100KG,2023,,216552.75,
dataflow,ESTAT:DS-045409(1.0),EU trade since 1988 by HS2-4-6 and CN8,A,Annual,EU27_2020,"European Union - 27 countries (AT, BE, BG, CY, CZ, DE, DK, EE, ES, FI, FR, GR, HR, HU, IE, IT, LT, LU, LV, MT, NL, PL, PT, RO, SE, SI, SK)",INT_EU27_2020,Intra-EU27 (from 2020),854239,"Electronic integrated circuits (excl. such as processors, controllers, memories and amplifiers)",2,EXPORT,QUANTITY_IN_100KG,QUANTITY_IN_100KG,2024,,204487.17,
dataflow,ESTAT:DS-045409(1.0),EU trade since 1988 by HS2-4-6 and CN8,A,Annual,EU27_2020,"European Union - 27 countries (AT, BE, BG, CY, CZ, DE, DK, EE, ES, FI, FR, GR, HR, HU, IE, IT, LT, LU, LV, MT, NL, PL, PT, RO, SE, SI, SK)",INT_EU27_2020,Intra-EU27 (from 2020),854239,"Electronic integrated circuits (excl. such as processors, controllers, memories and amplifiers)",2,EXPORT,QUANTITY_IN_100KG,QUANTITY_IN_100KG,2025,,247900.10,
dataflow,ESTAT:DS-045409(1.0),EU trade since 1988 by HS2-4-6 and CN8,A,Annual,EU27_2020,"European Union - 27 countries (AT, BE, BG, CY, CZ, DE, DK, EE, ES, FI, FR, GR, HR, HU, IE, IT, LT, LU, LV, MT, NL, PL, PT, RO, SE, SI, SK)",INT_EU27_2020,Intra-EU27 (from 2020),854239,"Electronic integrated circuits (excl. such as processors, controllers, memories and amplifiers)",2,EXPORT,VALUE_IN_EUROS,VALUE_IN_EUROS,2007,,4879043680,
dataflow,ESTAT:DS-045409(1.0),EU trade since 1988 by HS2-4-6 and CN8,A,Annual,EU27_2020,"European Union - 27 countries (AT, BE, BG, CY, CZ, DE, DK, EE, ES, FI, FR, GR, HR, HU, IE, IT, LT, LU, LV, MT, NL, PL, PT, RO, SE, SI, SK)",INT_EU27_2020,Intra-EU27 (from 2020),854239,"Electronic integrated circuits (excl. such as processors, controllers, memories and amplifiers)",2,EXPORT,VALUE_IN_EUROS,VALUE_IN_EUROS,2008,,4434649923,
dataflow,ESTAT:DS-045409(1.0),EU trade since 1988 by HS2-4-6 and CN8,A,Annual,EU27_2020,"European Union - 27 countries (AT, BE, BG, CY, CZ, DE, DK, EE, ES, FI, FR, GR, HR, HU, IE, IT, LT, LU, LV, MT, NL, PL, PT, RO, SE, SI, SK)",INT_EU27_2020,Intra-EU27 (from 2020),854239,"Electronic integrated circuits (excl. such as processors, controllers, memories and amplifiers)",2,EXPORT,VALUE_IN_EUROS,VALUE_IN_EUROS,2009,,3351553895,
dataflow,ESTAT:DS-045409(1.0),EU trade since 1988 by HS2-4-6 and CN8,A,Annual,EU27_2020,"European Union - 27 countries (AT, BE, BG, CY, CZ, DE, DK, EE, ES, FI, FR, GR, HR, HU, IE, IT, LT, LU, LV, MT, NL, PL, PT, RO, SE, SI, SK)",INT_EU27_2020,Intra-EU27 (from 2020),854239,"Electronic integrated circuits (excl. such as processors, controllers, memories and amplifiers)",2,EXPORT,VALUE_IN_EUROS,VALUE_IN_EUROS,2010,,4936741401,
dataflow,ESTAT:DS-045409(1.0),EU trade since 1988 by HS2-4-6 and CN8,A,Annual,EU27_2020,"European Union - 27 countries (AT, BE, BG, CY, CZ, DE, DK, EE, ES, FI, FR, GR, HR, HU, IE, IT, LT, LU, LV, MT, NL, PL, PT, RO, SE, SI, SK)",INT_EU27_2020,Intra-EU27 (from 2020),854239,"Electronic integrated circuits (excl. such as processors, controllers, memories and amplifiers)",2,EXPORT,VALUE_IN_EUROS,VALUE_IN_EUROS,2011,,5449537327,
dataflow,ESTAT:DS-045409(1.0),EU trade since 1988 by HS2-4-6 and CN8,A,Annual,EU27_2020,"European Union - 27 countries (AT, BE, BG, CY, CZ, DE, DK, EE, ES, FI, FR, GR, HR, HU, IE, IT, LT, LU, LV, MT, NL, PL, PT, RO, SE, SI, SK)",INT_EU27_2020,Intra-EU27 (from 2020),854239,"Electronic integrated circuits (excl. such as processors, controllers, memories and amplifiers)",2,EXPORT,VALUE_IN_EUROS,VALUE_IN_EUROS,2012,,5737974963,
dataflow,ESTAT:DS-045409(1.0),EU trade since 1988 by HS2-4-6 and CN8,A,Annual,EU27_2020,"European Union - 27 countries (AT, BE, BG, CY, CZ, DE, DK, EE, ES, FI, FR, GR, HR, HU, IE, IT, LT, LU, LV, MT, NL, PL, PT, RO, SE, SI, SK)",INT_EU27_2020,Intra-EU27 (from 2020),854239,"Electronic integrated circuits (excl. such as processors, controllers, memories and amplifiers)",2,EXPORT,VALUE_IN_EUROS,VALUE_IN_EUROS,2013,,5280656317,
dataflow,ESTAT:DS-045409(1.0),EU trade since 1988 by HS2-4-6 and CN8,A,Annual,EU27_2020,"European Union - 27 countries (AT, BE, BG, CY, CZ, DE, DK, EE, ES, FI, FR, GR, HR, HU, IE, IT, LT, LU, LV, MT, NL, PL, PT, RO, SE, SI, SK)",INT_EU27_2020,Intra-EU27 (from 2020),854239,"Electronic integrated circuits (excl. such as processors, controllers, memories and amplifiers)",2,EXPORT,VALUE_IN_EUROS,VALUE_IN_EUROS,2014,,6175502352,
dataflow,ESTAT:DS-045409(1.0),EU trade since 1988 by HS2-4-6 and CN8,A,Annual,EU27_2020,"European Union - 27 countries (AT, BE, BG, CY, CZ, DE, DK, EE, ES, FI, FR, GR, HR, HU, IE, IT, LT, LU, LV, MT, NL, PL, PT, RO, SE, SI, SK)",INT_EU27_2020,Intra-EU27 (from 2020),854239,"Electronic integrated circuits (excl. such as processors, controllers, memories and amplifiers)",2,EXPORT,VALUE_IN_EUROS,VALUE_IN_EUROS,2015,,7445386143,
dataflow,ESTAT:DS-045409(1.0),EU trade since 1988 by HS2-4-6 and CN8,A,Annual,EU27_2020,"European Union - 27 countries (AT, BE, BG, CY, CZ, DE, DK, EE, ES, FI, FR, GR, HR, HU, IE, IT, LT, LU, LV, MT, NL, PL, PT, RO, SE, SI, SK)",INT_EU27_2020,Intra-EU27 (from 2020),854239,"Electronic integrated circuits (excl. such as processors, controllers, memories and amplifiers)",2,EXPORT,VALUE_IN_EUROS,VALUE_IN_EUROS,2016,,7340511238,
dataflow,ESTAT:DS-045409(1.0),EU trade since 1988 by HS2-4-6 and CN8,A,Annual,EU27_2020,"European Union - 27 countries (AT, BE, BG, CY, CZ, DE, DK, EE, ES, FI, FR, GR, HR, HU, IE, IT, LT, LU, LV, MT, NL, PL, PT, RO, SE, SI, SK)",INT_EU27_2020,Intra-EU27 (from 2020),854239,"Electronic integrated circuits (excl. such as processors, controllers, memories and amplifiers)",2,EXPORT,VALUE_IN_EUROS,VALUE_IN_EUROS,2017,,8132530292,
dataflow,ESTAT:DS-045409(1.0),EU trade since 1988 by HS2-4-6 and CN8,A,Annual,EU27_2020,"European Union - 27 countries (AT, BE, BG, CY, CZ, DE, DK, EE, ES, FI, FR, GR, HR, HU, IE, IT, LT, LU, LV, MT, NL, PL, PT, RO, SE, SI, SK)",INT_EU27_2020,Intra-EU27 (from 2020),854239,"Electronic integrated circuits (excl. such as processors, controllers, memories and amplifiers)",2,EXPORT,VALUE_IN_EUROS,VALUE_IN_EUROS,2018,,8821353640,
dataflow,ESTAT:DS-045409(1.0),EU trade since 1988 by HS2-4-6 and CN8,A,Annual,EU27_2020,"European Union - 27 countries (AT, BE, BG, CY, CZ, DE, DK, EE, ES, FI, FR, GR, HR, HU, IE, IT, LT, LU, LV, MT, NL, PL, PT, RO, SE, SI, SK)",INT_EU27_2020,Intra-EU27 (from 2020),854239,"Electronic integrated circuits (excl. such as processors, controllers, memories and amplifiers)",2,EXPORT,VALUE_IN_EUROS,VALUE_IN_EUROS,2019,,9072507506,
dataflow,ESTAT:DS-045409(1.0),EU trade since 1988 by HS2-4-6 and CN8,A,Annual,EU27_2020,"European Union - 27 countries (AT, BE, BG, CY, CZ, DE, DK, EE, ES, FI, FR, GR, HR, HU, IE, IT, LT, LU, LV, MT, NL, PL, PT, RO, SE, SI, SK)",INT_EU27_2020,Intra-EU27 (from 2020),854239,"Electronic integrated circuits (excl. such as processors, controllers, memories and amplifiers)",2,EXPORT,VALUE_IN_EUROS,VALUE_IN_EUROS,2020,,7262219898,
dataflow,ESTAT:DS-045409(1.0),EU trade since 1988 by HS2-4-6 and CN8,A,Annual,EU27_2020,"European Union - 27 countries (AT, BE, BG, CY, CZ, DE, DK, EE, ES, FI, FR, GR, HR, HU, IE, IT, LT, LU, LV, MT, NL, PL, PT, RO, SE, SI, SK)",INT_EU27_2020,Intra-EU27 (from 2020),854239,"Electronic integrated circuits (excl. such as processors, controllers, memories and amplifiers)",2,EXPORT,VALUE_IN_EUROS,VALUE_IN_EUROS,2021,,8706900453,
dataflow,ESTAT:DS-045409(1.0),EU trade since 1988 by HS2-4-6 and CN8,A,Annual,EU27_2020,"European Union - 27 countries (AT, BE, BG, CY, CZ, DE, DK, EE, ES, FI, FR, GR, HR, HU, IE, IT, LT, LU, LV, MT, NL, PL, PT, RO, SE, SI, SK)",INT_EU27_2020,Intra-EU27 (from 2020),854239,"Electronic integrated circuits (excl. such as processors, controllers, memories and amplifiers)",2,EXPORT,VALUE_IN_EUROS,VALUE_IN_EUROS,2022,,13379898223,
dataflow,ESTAT:DS-045409(1.0),EU trade since 1988 by HS2-4-6 and CN8,A,Annual,EU27_2020,"European Union - 27 countries (AT, BE, BG, CY, CZ, DE, DK, EE, ES, FI, FR, GR, HR, HU, IE, IT, LT, LU, LV, MT, NL, PL, PT, RO, SE, SI, SK)",INT_EU27_2020,Intra-EU27 (from 2020),854239,"Electronic integrated circuits (excl. such as processors, controllers, memories and amplifiers)",2,EXPORT,VALUE_IN_EUROS,VALUE_IN_EUROS,2023,,14592114756,
dataflow,ESTAT:DS-045409(1.0),EU trade since 1988 by HS2-4-6 and CN8,A,Annual,EU27_2020,"European Union - 27 countries (AT, BE, BG, CY, CZ, DE, DK, EE, ES, FI, FR, GR, HR, HU, IE, IT, LT, LU, LV, MT, NL, PL, PT, RO, SE, SI, SK)",INT_EU27_2020,Intra-EU27 (from 2020),854239,"Electronic integrated circuits (excl. such as processors, controllers, memories and amplifiers)",2,EXPORT,VALUE_IN_EUROS,VALUE_IN_EUROS,2024,,10101686272,
dataflow,ESTAT:DS-045409(1.0),EU trade since 1988 by HS2-4-6 and CN8,A,Annual,EU27_2020,"European Union - 27 countries (AT, BE, BG, CY, CZ, DE, DK, EE, ES, FI, FR, GR, HR, HU, IE, IT, LT, LU, LV, MT, NL, PL, PT, RO, SE, SI, SK)",INT_EU27_2020,Intra-EU27 (from 2020),854239,"Electronic integrated circuits (excl. such as processors, controllers, memories and amplifiers)",2,EXPORT,VALUE_IN_EUROS,VALUE_IN_EUROS,2025,,10550189274,
dataflow,ESTAT:DS-045409(1.0),EU trade since 1988 by HS2-4-6 and CN8,A,Annual,EU27_2020,"European Union - 27 countries (AT, BE, BG, CY, CZ, DE, DK, EE, ES, FI, FR, GR, HR, HU, IE, IT, LT, LU, LV, MT, NL, PL, PT, RO, SE, SI, SK)",INT_EU27_2020,Intra-EU27 (from 2020),TOTAL,Total,1,IMPORT,QUANTITY_IN_100KG,QUANTITY_IN_100KG,2000,,11356549520.05,
dataflow,ESTAT:DS-045409(1.0),EU trade since 1988 by HS2-4-6 and CN8,A,Annual,EU27_2020,"European Union - 27 countries (AT, BE, BG, CY, CZ, DE, DK, EE, ES, FI, FR, GR, HR, HU, IE, IT, LT, LU, LV, MT, NL, PL, PT, RO, SE, SI, SK)",INT_EU27_2020,Intra-EU27 (from 2020),TOTAL,Total,1,IMPORT,QUANTITY_IN_100KG,QUANTITY_IN_100KG,2001,,11581038821.42,
dataflow,ESTAT:DS-045409(1.0),EU trade since 1988 by HS2-4-6 and CN8,A,Annual,EU27_2020,"European Union - 27 countries (AT, BE, BG, CY, CZ, DE, DK, EE, ES, FI, FR, GR, HR, HU, IE, IT, LT, LU, LV, MT, NL, PL, PT, RO, SE, SI, SK)",INT_EU27_2020,Intra-EU27 (from 2020),TOTAL,Total,1,IMPORT,QUANTITY_IN_100KG,QUANTITY_IN_100KG,2002,,11721526002.13,
dataflow,ESTAT:DS-045409(1.0),EU trade since 1988 by HS2-4-6 and CN8,A,Annual,EU27_2020,"European Union - 27 countries (AT, BE, BG, CY, CZ, DE, DK, EE, ES, FI, FR, GR, HR, HU, IE, IT, LT, LU, LV, MT, NL, PL, PT, RO, SE, SI, SK)",INT_EU27_2020,Intra-EU27 (from 2020),TOTAL,Total,1,IMPORT,QUANTITY_IN_100KG,QUANTITY_IN_100KG,2003,,12137120725.75,
dataflow,ESTAT:DS-045409(1.0),EU trade since 1988 by HS2-4-6 and CN8,A,Annual,EU27_2020,"European Union - 27 countries (AT, BE, BG, CY, CZ, DE, DK, EE, ES, FI, FR, GR, HR, HU, IE, IT, LT, LU, LV, MT, NL, PL, PT, RO, SE, SI, SK)",INT_EU27_2020,Intra-EU27 (from 2020),TOTAL,Total,1,IMPORT,QUANTITY_IN_100KG,QUANTITY_IN_100KG,2004,,13234522005.55,
dataflow,ESTAT:DS-045409(1.0),EU trade since 1988 by HS2-4-6 and CN8,A,Annual,EU27_2020,"European Union - 27 countries (AT, BE, BG, CY, CZ, DE, DK, EE, ES, FI, FR, GR, HR, HU, IE, IT, LT, LU, LV, MT, NL, PL, PT, RO, SE, SI, SK)",INT_EU27_2020,Intra-EU27 (from 2020),TOTAL,Total,1,IMPORT,QUANTITY_IN_100KG,QUANTITY_IN_100KG,2005,,13542664319.10,
dataflow,ESTAT:DS-045409(1.0),EU trade since 1988 by HS2-4-6 and CN8,A,Annual,EU27_2020,"European Union - 27 countries (AT, BE, BG, CY, CZ, DE, DK, EE, ES, FI, FR, GR, HR, HU, IE, IT, LT, LU, LV, MT, NL, PL, PT, RO, SE, SI, SK)",INT_EU27_2020,Intra-EU27 (from 2020),TOTAL,Total,1,IMPORT,QUANTITY_IN_100KG,QUANTITY_IN_100KG,2006,,13464422524.96,
dataflow,ESTAT:DS-045409(1.0),EU trade since 1988 by HS2-4-6 and CN8,A,Annual,EU27_2020,"European Union - 27 countries (AT, BE, BG, CY, CZ, DE, DK, EE, ES, FI, FR, GR, HR, HU, IE, IT, LT, LU, LV, MT, NL, PL, PT, RO, SE, SI, SK)",INT_EU27_2020,Intra-EU27 (from 2020),TOTAL,Total,1,IMPORT,QUANTITY_IN_100KG,QUANTITY_IN_100KG,2007,,13745638347.46,
dataflow,ESTAT:DS-045409(1.0),EU trade since 1988 by HS2-4-6 and CN8,A,Annual,EU27_2020,"European Union - 27 countries (AT, BE, BG, CY, CZ, DE, DK, EE, ES, FI, FR, GR, HR, HU, IE, IT, LT, LU, LV, MT, NL, PL, PT, RO, SE, SI, SK)",INT_EU27_2020,Intra-EU27 (from 2020),TOTAL,Total,1,IMPORT,QUANTITY_IN_100KG,QUANTITY_IN_100KG,2008,,13704608638.35,
dataflow,ESTAT:DS-045409(1.0),EU trade since 1988 by HS2-4-6 and CN8,A,Annual,EU27_2020,"European Union - 27 countries (AT, BE, BG, CY, CZ, DE, DK, EE, ES, FI, FR, GR, HR, HU, IE, IT, LT, LU, LV, MT, NL, PL, PT, RO, SE, SI, SK)",INT_EU27_2020,Intra-EU27 (from 2020),TOTAL,Total,1,IMPORT,QUANTITY_IN_100KG,QUANTITY_IN_100KG,2009,,12333072780.25,
dataflow,ESTAT:DS-045409(1.0),EU trade since 1988 by HS2-4-6 and CN8,A,Annual,EU27_2020,"European Union - 27 countries (AT, BE, BG, CY, CZ, DE, DK, EE, ES, FI, FR, GR, HR, HU, IE, IT, LT, LU, LV, MT, NL, PL, PT, RO, SE, SI, SK)",INT_EU27_2020,Intra-EU27 (from 2020),TOTAL,Total,1,IMPORT,QUANTITY_IN_100KG,QUANTITY_IN_100KG,2010,,14393241183.39,
dataflow,ESTAT:DS-045409(1.0),EU trade since 1988 by HS2-4-6 and CN8,A,Annual,EU27_2020,"European Union - 27 countries (AT, BE, BG, CY, CZ, DE, DK, EE, ES, FI, FR, GR, HR, HU, IE, IT, LT, LU, LV, MT, NL, PL, PT, RO, SE, SI, SK)",INT_EU27_2020,Intra-EU27 (from 2020),TOTAL,Total,1,IMPORT,QUANTITY_IN_100KG,QUANTITY_IN_100KG,2011,,15082081588.85,
dataflow,ESTAT:DS-045409(1.0),EU trade since 1988 by HS2-4-6 and CN8,A,Annual,EU27_2020,"European Union - 27 countries (AT, BE, BG, CY, CZ, DE, DK, EE, ES, FI, FR, GR, HR, HU, IE, IT, LT, LU, LV, MT, NL, PL, PT, RO, SE, SI, SK)",INT_EU27_2020,Intra-EU27 (from 2020),TOTAL,Total,1,IMPORT,QUANTITY_IN_100KG,QUANTITY_IN_100KG,2012,,14952596412.18,
dataflow,ESTAT:DS-045409(1.0),EU trade since 1988 by HS2-4-6 and CN8,A,Annual,EU27_2020,"European Union - 27 countries (AT, BE, BG, CY, CZ, DE, DK, EE, ES, FI, FR, GR, HR, HU, IE, IT, LT, LU, LV, MT, NL, PL, PT, RO, SE, SI, SK)",INT_EU27_2020,Intra-EU27 (from 2020),TOTAL,Total,1,IMPORT,QUANTITY_IN_100KG,QUANTITY_IN_100KG,2013,,14929215102.16,
dataflow,ESTAT:DS-045409(1.0),EU trade since 1988 by HS2-4-6 and CN8,A,Annual,EU27_2020,"European Union - 27 countries (AT, BE, BG, CY, CZ, DE, DK, EE, ES, FI, FR, GR, HR, HU, IE, IT, LT, LU, LV, MT, NL, PL, PT, RO, SE, SI, SK)",INT_EU27_2020,Intra-EU27 (from 2020),TOTAL,Total,1,IMPORT,QUANTITY_IN_100KG,QUANTITY_IN_100KG,2014,,17383092629.21,
dataflow,ESTAT:DS-045409(1.0),EU trade since 1988 by HS2-4-6 and CN8,A,Annual,EU27_2020,"European Union - 27 countries (AT, BE, BG, CY, CZ, DE, DK, EE, ES, FI, FR, GR, HR, HU, IE, IT, LT, LU, LV, MT, NL, PL, PT, RO, SE, SI, SK)",INT_EU27_2020,Intra-EU27 (from 2020),TOTAL,Total,1,IMPORT,QUANTITY_IN_100KG,QUANTITY_IN_100KG,2015,,15719135865.74,
dataflow,ESTAT:DS-045409(1.0),EU trade since 1988 by HS2-4-6 and CN8,A,Annual,EU27_2020,"European Union - 27 countries (AT, BE, BG, CY, CZ, DE, DK, EE, ES, FI, FR, GR, HR, HU, IE, IT, LT, LU, LV, MT, NL, PL, PT, RO, SE, SI, SK)",INT_EU27_2020,Intra-EU27 (from 2020),TOTAL,Total,1,IMPORT,QUANTITY_IN_100KG,QUANTITY_IN_100KG,2016,,16210296869.43,
dataflow,ESTAT:DS-045409(1.0),EU trade since 1988 by HS2-4-6 and CN8,A,Annual,EU27_2020,"European Union - 27 countries (AT, BE, BG, CY, CZ, DE, DK, EE, ES, FI, FR, GR, HR, HU, IE, IT, LT, LU, LV, MT, NL, PL, PT, RO, SE, SI, SK)",INT_EU27_2020,Intra-EU27 (from 2020),TOTAL,Total,1,IMPORT,QUANTITY_IN_100KG,QUANTITY_IN_100KG,2017,,16672548746.19,
dataflow,ESTAT:DS-045409(1.0),EU trade since 1988 by HS2-4-6 and CN8,A,Annual,EU27_2020,"European Union - 27 countries (AT, BE, BG, CY, CZ, DE, DK, EE, ES, FI, FR, GR, HR, HU, IE, IT, LT, LU, LV, MT, NL, PL, PT, RO, SE, SI, SK)",INT_EU27_2020,Intra-EU27 (from 2020),TOTAL,Total,1,IMPORT,QUANTITY_IN_100KG,QUANTITY_IN_100KG,2018,,16910214891.01,
dataflow,ESTAT:DS-045409(1.0),EU trade since 1988 by HS2-4-6 and CN8,A,Annual,EU27_2020,"European Union - 27 countries (AT, BE, BG, CY, CZ, DE, DK, EE, ES, FI, FR, GR, HR, HU, IE, IT, LT, LU, LV, MT, NL, PL, PT, RO, SE, SI, SK)",INT_EU27_2020,Intra-EU27 (from 2020),TOTAL,Total,1,IMPORT,QUANTITY_IN_100KG,QUANTITY_IN_100KG,2019,,16978427404.62,
dataflow,ESTAT:DS-045409(1.0),EU trade since 1988 by HS2-4-6 and CN8,A,Annual,EU27_2020,"European Union - 27 countries (AT, BE, BG, CY, CZ, DE, DK, EE, ES, FI, FR, GR, HR, HU, IE, IT, LT, LU, LV, MT, NL, PL, PT, RO, SE, SI, SK)",INT_EU27_2020,Intra-EU27 (from 2020),TOTAL,Total,1,IMPORT,QUANTITY_IN_100KG,QUANTITY_IN_100KG,2020,,16145349884.98,
dataflow,ESTAT:DS-045409(1.0),EU trade since 1988 by HS2-4-6 and CN8,A,Annual,EU27_2020,"European Union - 27 countries (AT, BE, BG, CY, CZ, DE, DK, EE, ES, FI, FR, GR, HR, HU, IE, IT, LT, LU, LV, MT, NL, PL, PT, RO, SE, SI, SK)",INT_EU27_2020,Intra-EU27 (from 2020),TOTAL,Total,1,IMPORT,QUANTITY_IN_100KG,QUANTITY_IN_100KG,2021,,17181490385.25,
dataflow,ESTAT:DS-045409(1.0),EU trade since 1988 by HS2-4-6 and CN8,A,Annual,EU27_2020,"European Union - 27 countries (AT, BE, BG, CY, CZ, DE, DK, EE, ES, FI, FR, GR, HR, HU, IE, IT, LT, LU, LV, MT, NL, PL, PT, RO, SE, SI, SK)",INT_EU27_2020,Intra-EU27 (from 2020),TOTAL,Total,1,IMPORT,QUANTITY_IN_100KG,QUANTITY_IN_100KG,2022,,17049658357.72,
dataflow,ESTAT:DS-045409(1.0),EU trade since 1988 by HS2-4-6 and CN8,A,Annual,EU27_2020,"European Union - 27 countries (AT, BE, BG, CY, CZ, DE, DK, EE, ES, FI, FR, GR, HR, HU, IE, IT, LT, LU, LV, MT, NL, PL, PT, RO, SE, SI, SK)",INT_EU27_2020,Intra-EU27 (from 2020),TOTAL,Total,1,IMPORT,QUANTITY_IN_100KG,QUANTITY_IN_100KG,2023,,16036777803.78,
dataflow,ESTAT:DS-045409(1.0),EU trade since 1988 by HS2-4-6 and CN8,A,Annual,EU27_2020,"European Union - 27 countries (AT, BE, BG, CY, CZ, DE, DK, EE, ES, FI, FR, GR, HR, HU, IE, IT, LT, LU, LV, MT, NL, PL, PT, RO, SE, SI, SK)",INT_EU27_2020,Intra-EU27 (from 2020),TOTAL,Total,1,IMPORT,QUANTITY_IN_100KG,QUANTITY_IN_100KG,2024,,16036436744.34,
dataflow,ESTAT:DS-045409(1.0),EU trade since 1988 by HS2-4-6 and CN8,A,Annual,EU27_2020,"European Union - 27 countries (AT, BE, BG, CY, CZ, DE, DK, EE, ES, FI, FR, GR, HR, HU, IE, IT, LT, LU, LV, MT, NL, PL, PT, RO, SE, SI, SK)",INT_EU27_2020,Intra-EU27 (from 2020),TOTAL,Total,1,IMPORT,QUANTITY_IN_100KG,QUANTITY_IN_100KG,2025,,16487991588.00,
dataflow,ESTAT:DS-045409(1.0),EU trade since 1988 by HS2-4-6 and CN8,A,Annual,EU27_2020,"European Union - 27 countries (AT, BE, BG, CY, CZ, DE, DK, EE, ES, FI, FR, GR, HR, HU, IE, IT, LT, LU, LV, MT, NL, PL, PT, RO, SE, SI, SK)",INT_EU27_2020,Intra-EU27 (from 2020),TOTAL,Total,1,IMPORT,VALUE_IN_EUROS,VALUE_IN_EUROS,2000,,1361892155890,
dataflow,ESTAT:DS-045409(1.0),EU trade since 1988 by HS2-4-6 and CN8,A,Annual,EU27_2020,"European Union - 27 countries (AT, BE, BG, CY, CZ, DE, DK, EE, ES, FI, FR, GR, HR, HU, IE, IT, LT, LU, LV, MT, NL, PL, PT, RO, SE, SI, SK)",INT_EU27_2020,Intra-EU27 (from 2020),TOTAL,Total,1,IMPORT,VALUE_IN_EUROS,VALUE_IN_EUROS,2001,,1417189361946,
dataflow,ESTAT:DS-045409(1.0),EU trade since 1988 by HS2-4-6 and CN8,A,Annual,EU27_2020,"European Union - 27 countries (AT, BE, BG, CY, CZ, DE, DK, EE, ES, FI, FR, GR, HR, HU, IE, IT, LT, LU, LV, MT, NL, PL, PT, RO, SE, SI, SK)",INT_EU27_2020,Intra-EU27 (from 2020),TOTAL,Total,1,IMPORT,VALUE_IN_EUROS,VALUE_IN_EUROS,2002,,1429120882240,
dataflow,ESTAT:DS-045409(1.0),EU trade since 1988 by HS2-4-6 and CN8,A,Annual,EU27_2020,"European Union - 27 countries (AT, BE, BG, CY, CZ, DE, DK, EE, ES, FI, FR, GR, HR, HU, IE, IT, LT, LU, LV, MT, NL, PL, PT, RO, SE, SI, SK)",INT_EU27_2020,Intra-EU27 (from 2020),TOTAL,Total,1,IMPORT,VALUE_IN_EUROS,VALUE_IN_EUROS,2003,,1483340500942,
dataflow,ESTAT:DS-045409(1.0),EU trade since 1988 by HS2-4-6 and CN8,A,Annual,EU27_2020,"European Union - 27 countries (AT, BE, BG, CY, CZ, DE, DK, EE, ES, FI, FR, GR, HR, HU, IE, IT, LT, LU, LV, MT, NL, PL, PT, RO, SE, SI, SK)",INT_EU27_2020,Intra-EU27 (from 2020),TOTAL,Total,1,IMPORT,VALUE_IN_EUROS,VALUE_IN_EUROS,2004,,1635134785959,
dataflow,ESTAT:DS-045409(1.0),EU trade since 1988 by HS2-4-6 and CN8,A,Annual,EU27_2020,"European Union - 27 countries (AT, BE, BG, CY, CZ, DE, DK, EE, ES, FI, FR, GR, HR, HU, IE, IT, LT, LU, LV, MT, NL, PL, PT, RO, SE, SI, SK)",INT_EU27_2020,Intra-EU27 (from 2020),TOTAL,Total,1,IMPORT,VALUE_IN_EUROS,VALUE_IN_EUROS,2005,,1756332636854,
dataflow,ESTAT:DS-045409(1.0),EU trade since 1988 by HS2-4-6 and CN8,A,Annual,EU27_2020,"European Union - 27 countries (AT, BE, BG, CY, CZ, DE, DK, EE, ES, FI, FR, GR, HR, HU, IE, IT, LT, LU, LV, MT, NL, PL, PT, RO, SE, SI, SK)",INT_EU27_2020,Intra-EU27 (from 2020),TOTAL,Total,1,IMPORT,VALUE_IN_EUROS,VALUE_IN_EUROS,2006,,1971518571937,
dataflow,ESTAT:DS-045409(1.0),EU trade since 1988 by HS2-4-6 and CN8,A,Annual,EU27_2020,"European Union - 27 countries (AT, BE, BG, CY, CZ, DE, DK, EE, ES, FI, FR, GR, HR, HU, IE, IT, LT, LU, LV, MT, NL, PL, PT, RO, SE, SI, SK)",INT_EU27_2020,Intra-EU27 (from 2020),TOTAL,Total,1,IMPORT,VALUE_IN_EUROS,VALUE_IN_EUROS,2007,,2171147890018,
dataflow,ESTAT:DS-045409(1.0),EU trade since 1988 by HS2-4-6 and CN8,A,Annual,EU27_2020,"European Union - 27 countries (AT, BE, BG, CY, CZ, DE, DK, EE, ES, FI, FR, GR, HR, HU, IE, IT, LT, LU, LV, MT, NL, PL, PT, RO, SE, SI, SK)",INT_EU27_2020,Intra-EU27 (from 2020),TOTAL,Total,1,IMPORT,VALUE_IN_EUROS,VALUE_IN_EUROS,2008,,2248876088496,
dataflow,ESTAT:DS-045409(1.0),EU trade since 1988 by HS2-4-6 and CN8,A,Annual,EU27_2020,"European Union - 27 countries (AT, BE, BG, CY, CZ, DE, DK, EE, ES, FI, FR, GR, HR, HU, IE, IT, LT, LU, LV, MT, NL, PL, PT, RO, SE, SI, SK)",INT_EU27_2020,Intra-EU27 (from 2020),TOTAL,Total,1,IMPORT,VALUE_IN_EUROS,VALUE_IN_EUROS,2009,,1818709413791,
dataflow,ESTAT:DS-045409(1.0),EU trade since 1988 by HS2-4-6 and CN8,A,Annual,EU27_2020,"European Union - 27 countries (AT, BE, BG, CY, CZ, DE, DK, EE, ES, FI, FR, GR, HR, HU, IE, IT, LT, LU, LV, MT, NL, PL, PT, RO, SE, SI, SK)",INT_EU27_2020,Intra-EU27 (from 2020),TOTAL,Total,1,IMPORT,VALUE_IN_EUROS,VALUE_IN_EUROS,2010,,2099688478966,
dataflow,ESTAT:DS-045409(1.0),EU trade since 1988 by HS2-4-6 and CN8,A,Annual,EU27_2020,"European Union - 27 countries (AT, BE, BG, CY, CZ, DE, DK, EE, ES, FI, FR, GR, HR, HU, IE, IT, LT, LU, LV, MT, NL, PL, PT, RO, SE, SI, SK)",INT_EU27_2020,Intra-EU27 (from 2020),TOTAL,Total,1,IMPORT,VALUE_IN_EUROS,VALUE_IN_EUROS,2011,,2331362314359,
dataflow,ESTAT:DS-045409(1.0),EU trade since 1988 by HS2-4-6 and CN8,A,Annual,EU27_2020,"European Union - 27 countries (AT, BE, BG, CY, CZ, DE, DK, EE, ES, FI, FR, GR, HR, HU, IE, IT, LT, LU, LV, MT, NL, PL, PT, RO, SE, SI, SK)",INT_EU27_2020,Intra-EU27 (from 2020),TOTAL,Total,1,IMPORT,VALUE_IN_EUROS,VALUE_IN_EUROS,2012,,2324833381439,
dataflow,ESTAT:DS-045409(1.0),EU trade since 1988 by HS2-4-6 and CN8,A,Annual,EU27_2020,"European Union - 27 countries (AT, BE, BG, CY, CZ, DE, DK, EE, ES, FI, FR, GR, HR, HU, IE, IT, LT, LU, LV, MT, NL, PL, PT, RO, SE, SI, SK)",INT_EU27_2020,Intra-EU27 (from 2020),TOTAL,Total,1,IMPORT,VALUE_IN_EUROS,VALUE_IN_EUROS,2013,,2330726131255,
dataflow,ESTAT:DS-045409(1.0),EU trade since 1988 by HS2-4-6 and CN8,A,Annual,EU27_2020,"European Union - 27 countries (AT, BE, BG, CY, CZ, DE, DK, EE, ES, FI, FR, GR, HR, HU, IE, IT, LT, LU, LV, MT, NL, PL, PT, RO, SE, SI, SK)",INT_EU27_2020,Intra-EU27 (from 2020),TOTAL,Total,1,IMPORT,VALUE_IN_EUROS,VALUE_IN_EUROS,2014,,2400864210550,
dataflow,ESTAT:DS-045409(1.0),EU trade since 1988 by HS2-4-6 and CN8,A,Annual,EU27_2020,"European Union - 27 countries (AT, BE, BG, CY, CZ, DE, DK, EE, ES, FI, FR, GR, HR, HU, IE, IT, LT, LU, LV, MT, NL, PL, PT, RO, SE, SI, SK)",INT_EU27_2020,Intra-EU27 (from 2020),TOTAL,Total,1,IMPORT,VALUE_IN_EUROS,VALUE_IN_EUROS,2015,,2507935240531,
dataflow,ESTAT:DS-045409(1.0),EU trade since 1988 by HS2-4-6 and CN8,A,Annual,EU27_2020,"European Union - 27 countries (AT, BE, BG, CY, CZ, DE, DK, EE, ES, FI, FR, GR, HR, HU, IE, IT, LT, LU, LV, MT, NL, PL, PT, RO, SE, SI, SK)",INT_EU27_2020,Intra-EU27 (from 2020),TOTAL,Total,1,IMPORT,VALUE_IN_EUROS,VALUE_IN_EUROS,2016,,2574802670485,
dataflow,ESTAT:DS-045409(1.0),EU trade since 1988 by HS2-4-6 and CN8,A,Annual,EU27_2020,"European Union - 27 countries (AT, BE, BG, CY, CZ, DE, DK, EE, ES, FI, FR, GR, HR, HU, IE, IT, LT, LU, LV, MT, NL, PL, PT, RO, SE, SI, SK)",INT_EU27_2020,Intra-EU27 (from 2020),TOTAL,Total,1,IMPORT,VALUE_IN_EUROS,VALUE_IN_EUROS,2017,,2796996770478,
dataflow,ESTAT:DS-045409(1.0),EU trade since 1988 by HS2-4-6 and CN8,A,Annual,EU27_2020,"European Union - 27 countries (AT, BE, BG, CY, CZ, DE, DK, EE, ES, FI, FR, GR, HR, HU, IE, IT, LT, LU, LV, MT, NL, PL, PT, RO, SE, SI, SK)",INT_EU27_2020,Intra-EU27 (from 2020),TOTAL,Total,1,IMPORT,VALUE_IN_EUROS,VALUE_IN_EUROS,2018,,2959709133108,
dataflow,ESTAT:DS-045409(1.0),EU trade since 1988 by HS2-4-6 and CN8,A,Annual,EU27_2020,"European Union - 27 countries (AT, BE, BG, CY, CZ, DE, DK, EE, ES, FI, FR, GR, HR, HU, IE, IT, LT, LU, LV, MT, NL, PL, PT, RO, SE, SI, SK)",INT_EU27_2020,Intra-EU27 (from 2020),TOTAL,Total,1,IMPORT,VALUE_IN_EUROS,VALUE_IN_EUROS,2019,,3011798416525,
dataflow,ESTAT:DS-045409(1.0),EU trade since 1988 by HS2-4-6 and CN8,A,Annual,EU27_2020,"European Union - 27 countries (AT, BE, BG, CY, CZ, DE, DK, EE, ES, FI, FR, GR, HR, HU, IE, IT, LT, LU, LV, MT, NL, PL, PT, RO, SE, SI, SK)",INT_EU27_2020,Intra-EU27 (from 2020),TOTAL,Total,1,IMPORT,VALUE_IN_EUROS,VALUE_IN_EUROS,2020,,2793378776804,
dataflow,ESTAT:DS-045409(1.0),EU trade since 1988 by HS2-4-6 and CN8,A,Annual,EU27_2020,"European Union - 27 countries (AT, BE, BG, CY, CZ, DE, DK, EE, ES, FI, FR, GR, HR, HU, IE, IT, LT, LU, LV, MT, NL, PL, PT, RO, SE, SI, SK)",INT_EU27_2020,Intra-EU27 (from 2020),TOTAL,Total,1,IMPORT,VALUE_IN_EUROS,VALUE_IN_EUROS,2021,,3377037858658,
dataflow,ESTAT:DS-045409(1.0),EU trade since 1988 by HS2-4-6 and CN8,A,Annual,EU27_2020,"European Union - 27 countries (AT, BE, BG, CY, CZ, DE, DK, EE, ES, FI, FR, GR, HR, HU, IE, IT, LT, LU, LV, MT, NL, PL, PT, RO, SE, SI, SK)",INT_EU27_2020,Intra-EU27 (from 2020),TOTAL,Total,1,IMPORT,VALUE_IN_EUROS,VALUE_IN_EUROS,2022,,4125128111460,
dataflow,ESTAT:DS-045409(1.0),EU trade since 1988 by HS2-4-6 and CN8,A,Annual,EU27_2020,"European Union - 27 countries (AT, BE, BG, CY, CZ, DE, DK, EE, ES, FI, FR, GR, HR, HU, IE, IT, LT, LU, LV, MT, NL, PL, PT, RO, SE, SI, SK)",INT_EU27_2020,Intra-EU27 (from 2020),TOTAL,Total,1,IMPORT,VALUE_IN_EUROS,VALUE_IN_EUROS,2023,,4015772393888,
dataflow,ESTAT:DS-045409(1.0),EU trade since 1988 by HS2-4-6 and CN8,A,Annual,EU27_2020,"European Union - 27 countries (AT, BE, BG, CY, CZ, DE, DK, EE, ES, FI, FR, GR, HR, HU, IE, IT, LT, LU, LV, MT, NL, PL, PT, RO, SE, SI, SK)",INT_EU27_2020,Intra-EU27 (from 2020),TOTAL,Total,1,IMPORT,VALUE_IN_EUROS,VALUE_IN_EUROS,2024,,3931214922591,
dataflow,ESTAT:DS-045409(1.0),EU trade since 1988 by HS2-4-6 and CN8,A,Annual,EU27_2020,"European Union - 27 countries (AT, BE, BG, CY, CZ, DE, DK, EE, ES, FI, FR, GR, HR, HU, IE, IT, LT, LU, LV, MT, NL, PL, PT, RO, SE, SI, SK)",INT_EU27_2020,Intra-EU27 (from 2020),TOTAL,Total,1,IMPORT,VALUE_IN_EUROS,VALUE_IN_EUROS,2025,,4055073362865,
dataflow,ESTAT:DS-045409(1.0),EU trade since 1988 by HS2-4-6 and CN8,A,Annual,EU27_2020,"European Union - 27 countries (AT, BE, BG, CY, CZ, DE, DK, EE, ES, FI, FR, GR, HR, HU, IE, IT, LT, LU, LV, MT, NL, PL, PT, RO, SE, SI, SK)",INT_EU27_2020,Intra-EU27 (from 2020),TOTAL,Total,2,EXPORT,QUANTITY_IN_100KG,QUANTITY_IN_100KG,2000,,11756318877.83,
dataflow,ESTAT:DS-045409(1.0),EU trade since 1988 by HS2-4-6 and CN8,A,Annual,EU27_2020,"European Union - 27 countries (AT, BE, BG, CY, CZ, DE, DK, EE, ES, FI, FR, GR, HR, HU, IE, IT, LT, LU, LV, MT, NL, PL, PT, RO, SE, SI, SK)",INT_EU27_2020,Intra-EU27 (from 2020),TOTAL,Total,2,EXPORT,QUANTITY_IN_100KG,QUANTITY_IN_100KG,2001,,12164064628.31,
dataflow,ESTAT:DS-045409(1.0),EU trade since 1988 by HS2-4-6 and CN8,A,Annual,EU27_2020,"European Union - 27 countries (AT, BE, BG, CY, CZ, DE, DK, EE, ES, FI, FR, GR, HR, HU, IE, IT, LT, LU, LV, MT, NL, PL, PT, RO, SE, SI, SK)",INT_EU27_2020,Intra-EU27 (from 2020),TOTAL,Total,2,EXPORT,QUANTITY_IN_100KG,QUANTITY_IN_100KG,2002,,12139500391.04,
dataflow,ESTAT:DS-045409(1.0),EU trade since 1988 by HS2-4-6 and CN8,A,Annual,EU27_2020,"European Union - 27 countries (AT, BE, BG, CY, CZ, DE, DK, EE, ES, FI, FR, GR, HR, HU, IE, IT, LT, LU, LV, MT, NL, PL, PT, RO, SE, SI, SK)",INT_EU27_2020,Intra-EU27 (from 2020),TOTAL,Total,2,EXPORT,QUANTITY_IN_100KG,QUANTITY_IN_100KG,2003,,12570750206.37,
dataflow,ESTAT:DS-045409(1.0),EU trade since 1988 by HS2-4-6 and CN8,A,Annual,EU27_2020,"European Union - 27 countries (AT, BE, BG, CY, CZ, DE, DK, EE, ES, FI, FR, GR, HR, HU, IE, IT, LT, LU, LV, MT, NL, PL, PT, RO, SE, SI, SK)",INT_EU27_2020,Intra-EU27 (from 2020),TOTAL,Total,2,EXPORT,QUANTITY_IN_100KG,QUANTITY_IN_100KG,2004,,13487525485.28,
dataflow,ESTAT:DS-045409(1.0),EU trade since 1988 by HS2-4-6 and CN8,A,Annual,EU27_2020,"European Union - 27 countries (AT, BE, BG, CY, CZ, DE, DK, EE, ES, FI, FR, GR, HR, HU, IE, IT, LT, LU, LV, MT, NL, PL, PT, RO, SE, SI, SK)",INT_EU27_2020,Intra-EU27 (from 2020),TOTAL,Total,2,EXPORT,QUANTITY_IN_100KG,QUANTITY_IN_100KG,2005,,13773735850.12,
dataflow,ESTAT:DS-045409(1.0),EU trade since 1988 by HS2-4-6 and CN8,A,Annual,EU27_2020,"European Union - 27 countries (AT, BE, BG, CY, CZ, DE, DK, EE, ES, FI, FR, GR, HR, HU, IE, IT, LT, LU, LV, MT, NL, PL, PT, RO, SE, SI, SK)",INT_EU27_2020,Intra-EU27 (from 2020),TOTAL,Total,2,EXPORT,QUANTITY_IN_100KG,QUANTITY_IN_100KG,2006,,13486712092.64,
dataflow,ESTAT:DS-045409(1.0),EU trade since 1988 by HS2-4-6 and CN8,A,Annual,EU27_2020,"European Union - 27 countries (AT, BE, BG, CY, CZ, DE, DK, EE, ES, FI, FR, GR, HR, HU, IE, IT, LT, LU, LV, MT, NL, PL, PT, RO, SE, SI, SK)",INT_EU27_2020,Intra-EU27 (from 2020),TOTAL,Total,2,EXPORT,QUANTITY_IN_100KG,QUANTITY_IN_100KG,2007,,14132186649.15,
dataflow,ESTAT:DS-045409(1.0),EU trade since 1988 by HS2-4-6 and CN8,A,Annual,EU27_2020,"European Union - 27 countries (AT, BE, BG, CY, CZ, DE, DK, EE, ES, FI, FR, GR, HR, HU, IE, IT, LT, LU, LV, MT, NL, PL, PT, RO, SE, SI, SK)",INT_EU27_2020,Intra-EU27 (from 2020),TOTAL,Total,2,EXPORT,QUANTITY_IN_100KG,QUANTITY_IN_100KG,2008,,13759595855.12,
dataflow,ESTAT:DS-045409(1.0),EU trade since 1988 by HS2-4-6 and CN8,A,Annual,EU27_2020,"European Union - 27 countries (AT, BE, BG, CY, CZ, DE, DK, EE, ES, FI, FR, GR, HR, HU, IE, IT, LT, LU, LV, MT, NL, PL, PT, RO, SE, SI, SK)",INT_EU27_2020,Intra-EU27 (from 2020),TOTAL,Total,2,EXPORT,QUANTITY_IN_100KG,QUANTITY_IN_100KG,2009,,12557518265.77,
dataflow,ESTAT:DS-045409(1.0),EU trade since 1988 by HS2-4-6 and CN8,A,Annual,EU27_2020,"European Union - 27 countries (AT, BE, BG, CY, CZ, DE, DK, EE, ES, FI, FR, GR, HR, HU, IE, IT, LT, LU, LV, MT, NL, PL, PT, RO, SE, SI, SK)",INT_EU27_2020,Intra-EU27 (from 2020),TOTAL,Total,2,EXPORT,QUANTITY_IN_100KG,QUANTITY_IN_100KG,2010,,14262389509.91,
dataflow,ESTAT:DS-045409(1.0),EU trade since 1988 by HS2-4-6 and CN8,A,Annual,EU27_2020,"European Union - 27 countries (AT, BE, BG, CY, CZ, DE, DK, EE, ES, FI, FR, GR, HR, HU, IE, IT, LT, LU, LV, MT, NL, PL, PT, RO, SE, SI, SK)",INT_EU27_2020,Intra-EU27 (from 2020),TOTAL,Total,2,EXPORT,QUANTITY_IN_100KG,QUANTITY_IN_100KG,2011,,14684079458.30,
dataflow,ESTAT:DS-045409(1.0),EU trade since 1988 by HS2-4-6 and CN8,A,Annual,EU27_2020,"European Union - 27 countries (AT, BE, BG, CY, CZ, DE, DK, EE, ES, FI, FR, GR, HR, HU, IE, IT, LT, LU, LV, MT, NL, PL, PT, RO, SE, SI, SK)",INT_EU27_2020,Intra-EU27 (from 2020),TOTAL,Total,2,EXPORT,QUANTITY_IN_100KG,QUANTITY_IN_100KG,2012,,14865386220.36,
dataflow,ESTAT:DS-045409(1.0),EU trade since 1988 by HS2-4-6 and CN8,A,Annual,EU27_2020,"European Union - 27 countries (AT, BE, BG, CY, CZ, DE, DK, EE, ES, FI, FR, GR, HR, HU, IE, IT, LT, LU, LV, MT, NL, PL, PT, RO, SE, SI, SK)",INT_EU27_2020,Intra-EU27 (from 2020),TOTAL,Total,2,EXPORT,QUANTITY_IN_100KG,QUANTITY_IN_100KG,2013,,14925192769.61,
dataflow,ESTAT:DS-045409(1.0),EU trade since 1988 by HS2-4-6 and CN8,A,Annual,EU27_2020,"European Union - 27 countries (AT, BE, BG, CY, CZ, DE, DK, EE, ES, FI, FR, GR, HR, HU, IE, IT, LT, LU, LV, MT, NL, PL, PT, RO, SE, SI, SK)",INT_EU27_2020,Intra-EU27 (from 2020),TOTAL,Total,2,EXPORT,QUANTITY_IN_100KG,QUANTITY_IN_100KG,2014,,15552432795.94,
dataflow,ESTAT:DS-045409(1.0),EU trade since 1988 by HS2-4-6 and CN8,A,Annual,EU27_2020,"European Union - 27 countries (AT, BE, BG, CY, CZ, DE, DK, EE, ES, FI, FR, GR, HR, HU, IE, IT, LT, LU, LV, MT, NL, PL, PT, RO, SE, SI, SK)",INT_EU27_2020,Intra-EU27 (from 2020),TOTAL,Total,2,EXPORT,QUANTITY_IN_100KG,QUANTITY_IN_100KG,2015,,15646769308.32,
dataflow,ESTAT:DS-045409(1.0),EU trade since 1988 by HS2-4-6 and CN8,A,Annual,EU27_2020,"European Union - 27 countries (AT, BE, BG, CY, CZ, DE, DK, EE, ES, FI, FR, GR, HR, HU, IE, IT, LT, LU, LV, MT, NL, PL, PT, RO, SE, SI, SK)",INT_EU27_2020,Intra-EU27 (from 2020),TOTAL,Total,2,EXPORT,QUANTITY_IN_100KG,QUANTITY_IN_100KG,2016,,16042577388.98,
dataflow,ESTAT:DS-045409(1.0),EU trade since 1988 by HS2-4-6 and CN8,A,Annual,EU27_2020,"European Union - 27 countries (AT, BE, BG, CY, CZ, DE, DK, EE, ES, FI, FR, GR, HR, HU, IE, IT, LT, LU, LV, MT, NL, PL, PT, RO, SE, SI, SK)",INT_EU27_2020,Intra-EU27 (from 2020),TOTAL,Total,2,EXPORT,QUANTITY_IN_100KG,QUANTITY_IN_100KG,2017,,16667817674.45,
dataflow,ESTAT:DS-045409(1.0),EU trade since 1988 by HS2-4-6 and CN8,A,Annual,EU27_2020,"European Union - 27 countries (AT, BE, BG, CY, CZ, DE, DK, EE, ES, FI, FR, GR, HR, HU, IE, IT, LT, LU, LV, MT, NL, PL, PT, RO, SE, SI, SK)",INT_EU27_2020,Intra-EU27 (from 2020),TOTAL,Total,2,EXPORT,QUANTITY_IN_100KG,QUANTITY_IN_100KG,2018,,16758152548.20,
dataflow,ESTAT:DS-045409(1.0),EU trade since 1988 by HS2-4-6 and CN8,A,Annual,EU27_2020,"European Union - 27 countries (AT, BE, BG, CY, CZ, DE, DK, EE, ES, FI, FR, GR, HR, HU, IE, IT, LT, LU, LV, MT, NL, PL, PT, RO, SE, SI, SK)",INT_EU27_2020,Intra-EU27 (from 2020),TOTAL,Total,2,EXPORT,QUANTITY_IN_100KG,QUANTITY_IN_100KG,2019,,16881694833.68,
dataflow,ESTAT:DS-045409(1.0),EU trade since 1988 by HS2-4-6 and CN8,A,Annual,EU27_2020,"European Union - 27 countries (AT, BE, BG, CY, CZ, DE, DK, EE, ES, FI, FR, GR, HR, HU, IE, IT, LT, LU, LV, MT, NL, PL, PT, RO, SE, SI, SK)",INT_EU27_2020,Intra-EU27 (from 2020),TOTAL,Total,2,EXPORT,QUANTITY_IN_100KG,QUANTITY_IN_100KG,2020,,15980296926.88,
dataflow,ESTAT:DS-045409(1.0),EU trade since 1988 by HS2-4-6 and CN8,A,Annual,EU27_2020,"European Union - 27 countries (AT, BE, BG, CY, CZ, DE, DK, EE, ES, FI, FR, GR, HR, HU, IE, IT, LT, LU, LV, MT, NL, PL, PT, RO, SE, SI, SK)",INT_EU27_2020,Intra-EU27 (from 2020),TOTAL,Total,2,EXPORT,QUANTITY_IN_100KG,QUANTITY_IN_100KG,2021,,16991102180.57,
dataflow,ESTAT:DS-045409(1.0),EU trade since 1988 by HS2-4-6 and CN8,A,Annual,EU27_2020,"European Union - 27 countries (AT, BE, BG, CY, CZ, DE, DK, EE, ES, FI, FR, GR, HR, HU, IE, IT, LT, LU, LV, MT, NL, PL, PT, RO, SE, SI, SK)",INT_EU27_2020,Intra-EU27 (from 2020),TOTAL,Total,2,EXPORT,QUANTITY_IN_100KG,QUANTITY_IN_100KG,2022,,17364668670.81,
dataflow,ESTAT:DS-045409(1.0),EU trade since 1988 by HS2-4-6 and CN8,A,Annual,EU27_2020,"European Union - 27 countries (AT, BE, BG, CY, CZ, DE, DK, EE, ES, FI, FR, GR, HR, HU, IE, IT, LT, LU, LV, MT, NL, PL, PT, RO, SE, SI, SK)",INT_EU27_2020,Intra-EU27 (from 2020),TOTAL,Total,2,EXPORT,QUANTITY_IN_100KG,QUANTITY_IN_100KG,2023,,16601719114.60,
dataflow,ESTAT:DS-045409(1.0),EU trade since 1988 by HS2-4-6 and CN8,A,Annual,EU27_2020,"European Union - 27 countries (AT, BE, BG, CY, CZ, DE, DK, EE, ES, FI, FR, GR, HR, HU, IE, IT, LT, LU, LV, MT, NL, PL, PT, RO, SE, SI, SK)",INT_EU27_2020,Intra-EU27 (from 2020),TOTAL,Total,2,EXPORT,QUANTITY_IN_100KG,QUANTITY_IN_100KG,2024,,16413985544.74,
dataflow,ESTAT:DS-045409(1.0),EU trade since 1988 by HS2-4-6 and CN8,A,Annual,EU27_2020,"European Union - 27 countries (AT, BE, BG, CY, CZ, DE, DK, EE, ES, FI, FR, GR, HR, HU, IE, IT, LT, LU, LV, MT, NL, PL, PT, RO, SE, SI, SK)",INT_EU27_2020,Intra-EU27 (from 2020),TOTAL,Total,2,EXPORT,QUANTITY_IN_100KG,QUANTITY_IN_100KG,2025,,16630792161.52,
dataflow,ESTAT:DS-045409(1.0),EU trade since 1988 by HS2-4-6 and CN8,A,Annual,EU27_2020,"European Union - 27 countries (AT, BE, BG, CY, CZ, DE, DK, EE, ES, FI, FR, GR, HR, HU, IE, IT, LT, LU, LV, MT, NL, PL, PT, RO, SE, SI, SK)",INT_EU27_2020,Intra-EU27 (from 2020),TOTAL,Total,2,EXPORT,VALUE_IN_EUROS,VALUE_IN_EUROS,2000,,1422614330077,
dataflow,ESTAT:DS-045409(1.0),EU trade since 1988 by HS2-4-6 and CN8,A,Annual,EU27_2020,"European Union - 27 countries (AT, BE, BG, CY, CZ, DE, DK, EE, ES, FI, FR, GR, HR, HU, IE, IT, LT, LU, LV, MT, NL, PL, PT, RO, SE, SI, SK)",INT_EU27_2020,Intra-EU27 (from 2020),TOTAL,Total,2,EXPORT,VALUE_IN_EUROS,VALUE_IN_EUROS,2001,,1477346252569,
dataflow,ESTAT:DS-045409(1.0),EU trade since 1988 by HS2-4-6 and CN8,A,Annual,EU27_2020,"European Union - 27 countries (AT, BE, BG, CY, CZ, DE, DK, EE, ES, FI, FR, GR, HR, HU, IE, IT, LT, LU, LV, MT, NL, PL, PT, RO, SE, SI, SK)",INT_EU27_2020,Intra-EU27 (from 2020),TOTAL,Total,2,EXPORT,VALUE_IN_EUROS,VALUE_IN_EUROS,2002,,1499867269707,
dataflow,ESTAT:DS-045409(1.0),EU trade since 1988 by HS2-4-6 and CN8,A,Annual,EU27_2020,"European Union - 27 countries (AT, BE, BG, CY, CZ, DE, DK, EE, ES, FI, FR, GR, HR, HU, IE, IT, LT, LU, LV, MT, NL, PL, PT, RO, SE, SI, SK)",INT_EU27_2020,Intra-EU27 (from 2020),TOTAL,Total,2,EXPORT,VALUE_IN_EUROS,VALUE_IN_EUROS,2003,,1551598058224,
dataflow,ESTAT:DS-045409(1.0),EU trade since 1988 by HS2-4-6 and CN8,A,Annual,EU27_2020,"European Union - 27 countries (AT, BE, BG, CY, CZ, DE, DK, EE, ES, FI, FR, GR, HR, HU, IE, IT, LT, LU, LV, MT, NL, PL, PT, RO, SE, SI, SK)",INT_EU27_2020,Intra-EU27 (from 2020),TOTAL,Total,2,EXPORT,VALUE_IN_EUROS,VALUE_IN_EUROS,2004,,1691934994850,
dataflow,ESTAT:DS-045409(1.0),EU trade since 1988 by HS2-4-6 and CN8,A,Annual,EU27_2020,"European Union - 27 countries (AT, BE, BG, CY, CZ, DE, DK, EE, ES, FI, FR, GR, HR, HU, IE, IT, LT, LU, LV, MT, NL, PL, PT, RO, SE, SI, SK)",INT_EU27_2020,Intra-EU27 (from 2020),TOTAL,Total,2,EXPORT,VALUE_IN_EUROS,VALUE_IN_EUROS,2005,,1823481242669,
dataflow,ESTAT:DS-045409(1.0),EU trade since 1988 by HS2-4-6 and CN8,A,Annual,EU27_2020,"European Union - 27 countries (AT, BE, BG, CY, CZ, DE, DK, EE, ES, FI, FR, GR, HR, HU, IE, IT, LT, LU, LV, MT, NL, PL, PT, RO, SE, SI, SK)",INT_EU27_2020,Intra-EU27 (from 2020),TOTAL,Total,2,EXPORT,VALUE_IN_EUROS,VALUE_IN_EUROS,2006,,2042657304742,
dataflow,ESTAT:DS-045409(1.0),EU trade since 1988 by HS2-4-6 and CN8,A,Annual,EU27_2020,"European Union - 27 countries (AT, BE, BG, CY, CZ, DE, DK, EE, ES, FI, FR, GR, HR, HU, IE, IT, LT, LU, LV, MT, NL, PL, PT, RO, SE, SI, SK)",INT_EU27_2020,Intra-EU27 (from 2020),TOTAL,Total,2,EXPORT,VALUE_IN_EUROS,VALUE_IN_EUROS,2007,,2231584159051,
dataflow,ESTAT:DS-045409(1.0),EU trade since 1988 by HS2-4-6 and CN8,A,Annual,EU27_2020,"European Union - 27 countries (AT, BE, BG, CY, CZ, DE, DK, EE, ES, FI, FR, GR, HR, HU, IE, IT, LT, LU, LV, MT, NL, PL, PT, RO, SE, SI, SK)",INT_EU27_2020,Intra-EU27 (from 2020),TOTAL,Total,2,EXPORT,VALUE_IN_EUROS,VALUE_IN_EUROS,2008,,2306759365299,
dataflow,ESTAT:DS-045409(1.0),EU trade since 1988 by HS2-4-6 and CN8,A,Annual,EU27_2020,"European Union - 27 countries (AT, BE, BG, CY, CZ, DE, DK, EE, ES, FI, FR, GR, HR, HU, IE, IT, LT, LU, LV, MT, NL, PL, PT, RO, SE, SI, SK)",INT_EU27_2020,Intra-EU27 (from 2020),TOTAL,Total,2,EXPORT,VALUE_IN_EUROS,VALUE_IN_EUROS,2009,,1869468780465,
dataflow,ESTAT:DS-045409(1.0),EU trade since 1988 by HS2-4-6 and CN8,A,Annual,EU27_2020,"European Union - 27 countries (AT, BE, BG, CY, CZ, DE, DK, EE, ES, FI, FR, GR, HR, HU, IE, IT, LT, LU, LV, MT, NL, PL, PT, RO, SE, SI, SK)",INT_EU27_2020,Intra-EU27 (from 2020),TOTAL,Total,2,EXPORT,VALUE_IN_EUROS,VALUE_IN_EUROS,2010,,2162091307811,
dataflow,ESTAT:DS-045409(1.0),EU trade since 1988 by HS2-4-6 and CN8,A,Annual,EU27_2020,"European Union - 27 countries (AT, BE, BG, CY, CZ, DE, DK, EE, ES, FI, FR, GR, HR, HU, IE, IT, LT, LU, LV, MT, NL, PL, PT, RO, SE, SI, SK)",INT_EU27_2020,Intra-EU27 (from 2020),TOTAL,Total,2,EXPORT,VALUE_IN_EUROS,VALUE_IN_EUROS,2011,,2389311167184,
dataflow,ESTAT:DS-045409(1.0),EU trade since 1988 by HS2-4-6 and CN8,A,Annual,EU27_2020,"European Union - 27 countries (AT, BE, BG, CY, CZ, DE, DK, EE, ES, FI, FR, GR, HR, HU, IE, IT, LT, LU, LV, MT, NL, PL, PT, RO, SE, SI, SK)",INT_EU27_2020,Intra-EU27 (from 2020),TOTAL,Total,2,EXPORT,VALUE_IN_EUROS,VALUE_IN_EUROS,2012,,2384910819683,
dataflow,ESTAT:DS-045409(1.0),EU trade since 1988 by HS2-4-6 and CN8,A,Annual,EU27_2020,"European Union - 27 countries (AT, BE, BG, CY, CZ, DE, DK, EE, ES, FI, FR, GR, HR, HU, IE, IT, LT, LU, LV, MT, NL, PL, PT, RO, SE, SI, SK)",INT_EU27_2020,Intra-EU27 (from 2020),TOTAL,Total,2,EXPORT,VALUE_IN_EUROS,VALUE_IN_EUROS,2013,,2388172355009,
dataflow,ESTAT:DS-045409(1.0),EU trade since 1988 by HS2-4-6 and CN8,A,Annual,EU27_2020,"European Union - 27 countries (AT, BE, BG, CY, CZ, DE, DK, EE, ES, FI, FR, GR, HR, HU, IE, IT, LT, LU, LV, MT, NL, PL, PT, RO, SE, SI, SK)",INT_EU27_2020,Intra-EU27 (from 2020),TOTAL,Total,2,EXPORT,VALUE_IN_EUROS,VALUE_IN_EUROS,2014,,2459418152405,
dataflow,ESTAT:DS-045409(1.0),EU trade since 1988 by HS2-4-6 and CN8,A,Annual,EU27_2020,"European Union - 27 countries (AT, BE, BG, CY, CZ, DE, DK, EE, ES, FI, FR, GR, HR, HU, IE, IT, LT, LU, LV, MT, NL, PL, PT, RO, SE, SI, SK)",INT_EU27_2020,Intra-EU27 (from 2020),TOTAL,Total,2,EXPORT,VALUE_IN_EUROS,VALUE_IN_EUROS,2015,,2568467478652,
dataflow,ESTAT:DS-045409(1.0),EU trade since 1988 by HS2-4-6 and CN8,A,Annual,EU27_2020,"European Union - 27 countries (AT, BE, BG, CY, CZ, DE, DK, EE, ES, FI, FR, GR, HR, HU, IE, IT, LT, LU, LV, MT, NL, PL, PT, RO, SE, SI, SK)",INT_EU27_2020,Intra-EU27 (from 2020),TOTAL,Total,2,EXPORT,VALUE_IN_EUROS,VALUE_IN_EUROS,2016,,2624142237272,
dataflow,ESTAT:DS-045409(1.0),EU trade since 1988 by HS2-4-6 and CN8,A,Annual,EU27_2020,"European Union - 27 countries (AT, BE, BG, CY, CZ, DE, DK, EE, ES, FI, FR, GR, HR, HU, IE, IT, LT, LU, LV, MT, NL, PL, PT, RO, SE, SI, SK)",INT_EU27_2020,Intra-EU27 (from 2020),TOTAL,Total,2,EXPORT,VALUE_IN_EUROS,VALUE_IN_EUROS,2017,,2844967782936,
dataflow,ESTAT:DS-045409(1.0),EU trade since 1988 by HS2-4-6 and CN8,A,Annual,EU27_2020,"European Union - 27 countries (AT, BE, BG, CY, CZ, DE, DK, EE, ES, FI, FR, GR, HR, HU, IE, IT, LT, LU, LV, MT, NL, PL, PT, RO, SE, SI, SK)",INT_EU27_2020,Intra-EU27 (from 2020),TOTAL,Total,2,EXPORT,VALUE_IN_EUROS,VALUE_IN_EUROS,2018,,3015116447365,
dataflow,ESTAT:DS-045409(1.0),EU trade since 1988 by HS2-4-6 and CN8,A,Annual,EU27_2020,"European Union - 27 countries (AT, BE, BG, CY, CZ, DE, DK, EE, ES, FI, FR, GR, HR, HU, IE, IT, LT, LU, LV, MT, NL, PL, PT, RO, SE, SI, SK)",INT_EU27_2020,Intra-EU27 (from 2020),TOTAL,Total,2,EXPORT,VALUE_IN_EUROS,VALUE_IN_EUROS,2019,,3072241527991,
dataflow,ESTAT:DS-045409(1.0),EU trade since 1988 by HS2-4-6 and CN8,A,Annual,EU27_2020,"European Union - 27 countries (AT, BE, BG, CY, CZ, DE, DK, EE, ES, FI, FR, GR, HR, HU, IE, IT, LT, LU, LV, MT, NL, PL, PT, RO, SE, SI, SK)",INT_EU27_2020,Intra-EU27 (from 2020),TOTAL,Total,2,EXPORT,VALUE_IN_EUROS,VALUE_IN_EUROS,2020,,2856802821904,
dataflow,ESTAT:DS-045409(1.0),EU trade since 1988 by HS2-4-6 and CN8,A,Annual,EU27_2020,"European Union - 27 countries (AT, BE, BG, CY, CZ, DE, DK, EE, ES, FI, FR, GR, HR, HU, IE, IT, LT, LU, LV, MT, NL, PL, PT, RO, SE, SI, SK)",INT_EU27_2020,Intra-EU27 (from 2020),TOTAL,Total,2,EXPORT,VALUE_IN_EUROS,VALUE_IN_EUROS,2021,,3437191395114,
dataflow,ESTAT:DS-045409(1.0),EU trade since 1988 by HS2-4-6 and CN8,A,Annual,EU27_2020,"European Union - 27 countries (AT, BE, BG, CY, CZ, DE, DK, EE, ES, FI, FR, GR, HR, HU, IE, IT, LT, LU, LV, MT, NL, PL, PT, RO, SE, SI, SK)",INT_EU27_2020,Intra-EU27 (from 2020),TOTAL,Total,2,EXPORT,VALUE_IN_EUROS,VALUE_IN_EUROS,2022,,4253339802689,
dataflow,ESTAT:DS-045409(1.0),EU trade since 1988 by HS2-4-6 and CN8,A,Annual,EU27_2020,"European Union - 27 countries (AT, BE, BG, CY, CZ, DE, DK, EE, ES, FI, FR, GR, HR, HU, IE, IT, LT, LU, LV, MT, NL, PL, PT, RO, SE, SI, SK)",INT_EU27_2020,Intra-EU27 (from 2020),TOTAL,Total,2,EXPORT,VALUE_IN_EUROS,VALUE_IN_EUROS,2023,,4117208412003,
dataflow,ESTAT:DS-045409(1.0),EU trade since 1988 by HS2-4-6 and CN8,A,Annual,EU27_2020,"European Union - 27 countries (AT, BE, BG, CY, CZ, DE, DK, EE, ES, FI, FR, GR, HR, HU, IE, IT, LT, LU, LV, MT, NL, PL, PT, RO, SE, SI, SK)",INT_EU27_2020,Intra-EU27 (from 2020),TOTAL,Total,2,EXPORT,VALUE_IN_EUROS,VALUE_IN_EUROS,2024,,4036000063603,
dataflow,ESTAT:DS-045409(1.0),EU trade since 1988 by HS2-4-6 and CN8,A,Annual,EU27_2020,"European Union - 27 countries (AT, BE, BG, CY, CZ, DE, DK, EE, ES, FI, FR, GR, HR, HU, IE, IT, LT, LU, LV, MT, NL, PL, PT, RO, SE, SI, SK)",INT_EU27_2020,Intra-EU27 (from 2020),TOTAL,Total,2,EXPORT,VALUE_IN_EUROS,VALUE_IN_EUROS,2025,,4144230289282,
