STRUCTURE,STRUCTURE_ID,STRUCTURE_NAME,freq,Frequency,reporter,REPORTER,partner,PARTNER,product,PRODUCT,flow,FLOW,indicators,INDICATORS,TIME_PERIOD,TIME_PERIOD,OBS_VALUE,Observation Value
dataflow,ESTAT:DS-045409(1.0),EU trade since 1988 by HS2-4-6 and CN8,A,Annual,EU27_2020,"European Union - 27 countries (AT, BE, BG, CY, CZ, DE, DK, EE, ES, FI, FR, GR, HR, HU, IE, IT, LT, LU, LV, MT, NL, PL, PT, RO, SE, SI, SK)",EXT_EU27_2020,Extra-EU27 (from 2020),81129289,Unwrought gallium; gallium powders,1,IMPORT,QUANTITY_IN_100KG,QUANTITY_IN_100KG,2002,,29.20,
dataflow,ESTAT:DS-045409(1.0),EU trade since 1988 by HS2-4-6 and CN8,A,Annual,EU27_2020,"European Union - 27 countries (AT, BE, BG, CY, CZ, DE, DK, EE, ES, FI, FR, GR, HR, HU, IE, IT, LT, LU, LV, MT, NL, PL, PT, RO, SE, SI, SK)",EXT_EU27_2020,Extra-EU27 (from 2020),81129289,Unwrought gallium; gallium powders,1,IMPORT,QUANTITY_IN_100KG,QUANTITY_IN_100KG,2003,,37.06,
dataflow,ESTAT:DS-045409(1.0),EU trade since 1988 by HS2-4-6 and CN8,A,Annual,EU27_2020,"European Union - 27 countries (AT, BE, BG, CY, CZ, DE, DK, EE, ES, FI, FR, GR, HR, HU, IE, IT, LT, LU, LV, MT, NL, PL, PT, RO, SE, SI, SK)",EXT_EU27_2020,Extra-EU27 (from 2020),81129289,Unwrought gallium; gallium powders,1,IMPORT,QUANTITY_IN_100KG,QUANTITY_IN_100KG,2004,,54.16,
dataflow,ESTAT:DS-045409(1.0),EU trade since 1988 by HS2-4-6 and CN8,A,Annual,EU27_2020,"European Union - 27 countries (AT, BE, BG, CY, CZ, DE, DK, EE, ES, FI, FR, GR, HR, HU, IE, IT, LT, LU, LV, MT, NL, PL, PT, RO, SE, SI, SK)",EXT_EU27_2020,Extra-EU27 (from 2020),81129289,Unwrought gallium; gallium powders,1,IMPORT,QUANTITY_IN_100KG,QUANTITY_IN_100KG,2005,,81.00,
dataflow,ESTAT:DS-045409(1.0),EU trade since 1988 by HS2-4-6 and CN8,A,Annual,EU27_2020,"European Union - 27 countries (AT, BE, BG, CY, CZ, DE, DK, EE, ES, FI, FR, GR, HR, HU, IE, IT, LT, LU, LV, MT, NL, PL, PT, RO, SE, SI, SK)",EXT_EU27_2020,Extra-EU27 (from 2020),81129289,Unwrought gallium; gallium powders,1,IMPORT,QUANTITY_IN_100KG,QUANTITY_IN_100KG,2006,,85.02,
dataflow,ESTAT:DS-045409(1.0),EU trade since 1988 by HS2-4-6 and CN8,A,Annual,EU27_2020,"European Union - 27 countries (AT, BE, BG, CY, CZ, DE, DK, EE, ES, FI, FR, GR, HR, HU, IE, IT, LT, LU, LV, MT, NL, PL, PT, RO, SE, SI, SK)",EXT_EU27_2020,Extra-EU27 (from 2020),81129289,Unwrought gallium; gallium powders,1,IMPORT,QUANTITY_IN_100KG,QUANTITY_IN_100KG,2007,,112.00,
dataflow,ESTAT:DS-045409(1.0),EU trade since 1988 by HS2-4-6 and CN8,A,Annual,EU27_2020,"European Union - 27 countries (AT, BE, BG, CY, CZ, DE, DK, EE, ES, FI, FR, GR, HR, HU, IE, IT, LT, LU, LV, MT, NL, PL, PT, RO, SE, SI, SK)",EXT_EU27_2020,Extra-EU27 (from 2020),81129289,Unwrought gallium; gallium powders,1,IMPORT,QUANTITY_IN_100KG,QUANTITY_IN_100KG,2008,,154.00,
dataflow,ESTAT:DS-045409(1.0),EU trade since 1988 by HS2-4-6 and CN8,A,Annual,EU27_2020,"European Union - 27 countries (AT, BE, BG, CY, CZ, DE, DK, EE, ES, FI, FR, GR, HR, HU, IE, IT, LT, LU, LV, MT, NL, PL, PT, RO, SE, SI, SK)",EXT_EU27_2020,Extra-EU27 (from 2020),81129289,Unwrought gallium; gallium powders,1,IMPORT,QUANTITY_IN_100KG,QUANTITY_IN_100KG,2009,,137.00,
dataflow,ESTAT:DS-045409(1.0),EU trade since 1988 by HS2-4-6 and CN8,A,Annual,EU27_2020,"European Union - 27 countries (AT, BE, BG, CY, CZ, DE, DK, EE, ES, FI, FR, GR, HR, HU, IE, IT, LT, LU, LV, MT, NL, PL, PT, RO, SE, SI, SK)",EXT_EU27_2020,Extra-EU27 (from 2020),81129289,Unwrought gallium; gallium powders,1,IMPORT,QUANTITY_IN_100KG,QUANTITY_IN_100KG,2010,,245.75,
dataflow,ESTAT:DS-045409(1.0),EU trade since 1988 by HS2-4-6 and CN8,A,Annual,EU27_2020,"European Union - 27 countries (AT, BE, BG, CY, CZ, DE, DK, EE, ES, FI, FR, GR, HR, HU, IE, IT, LT, LU, LV, MT, NL, PL, PT, RO, SE, SI, SK)",EXT_EU27_2020,Extra-EU27 (from 2020),81129289,Unwrought gallium; gallium powders,1,IMPORT,QUANTITY_IN_100KG,QUANTITY_IN_100KG,2011,,361.35,
dataflow,ESTAT:DS-045409(1.0),EU trade since 1988 by HS2-4-6 and CN8,A,Annual,EU27_2020,"European Union - 27 countries (AT, BE, BG, CY, CZ, DE, DK, EE, ES, FI, FR, GR, HR, HU, IE, IT, LT, LU, LV, MT, NL, PL, PT, RO, SE, SI, SK)",EXT_EU27_2020,Extra-EU27 (from 2020),81129289,Unwrought gallium; gallium powders,1,IMPORT,QUANTITY_IN_100KG,QUANTITY_IN_100KG,2012,,248.96,
dataflow,ESTAT:DS-045409(1.0),EU trade since 1988 by HS2-4-6 and CN8,A,Annual,EU27_2020,"European Union - 27 countries (AT, BE, BG, CY, CZ, DE, DK, EE, ES, FI, FR, GR, HR, HU, IE, IT, LT, LU, LV, MT, NL, PL, PT, RO, SE, SI, SK)",EXT_EU27_2020,Extra-EU27 (from 2020),81129289,Unwrought gallium; gallium powders,1,IMPORT,QUANTITY_IN_100KG,QUANTITY_IN_100KG,2013,,244.44,
dataflow,ESTAT:DS-045409(1.0),EU trade since 1988 by HS2-4-6 and CN8,A,Annual,EU27_2020,"European Union - 27 countries (AT, BE, BG, CY, CZ, DE, DK, EE, ES, FI, FR, GR, HR, HU, IE, IT, LT, LU, LV, MT, NL, PL, PT, RO, SE, SI, SK)",EXT_EU27_2020,Extra-EU27 (from 2020),81129289,Unwrought gallium; gallium powders,1,IMPORT,QUANTITY_IN_100KG,QUANTITY_IN_100KG,2014,,298.72,
dataflow,ESTAT:DS-045409(1.0),EU trade since 1988 by HS2-4-6 and CN8,A,Annual,EU27_2020,"European Union - 27 countries (AT, BE, BG, CY, CZ, DE, DK, EE, ES, FI, FR, GR, HR, HU, IE, IT, LT, LU, LV, MT, NL, PL, PT, RO, SE, SI, SK)",EXT_EU27_2020,Extra-EU27 (from 2020),81129289,Unwrought gallium; gallium powders,1,IMPORT,QUANTITY_IN_100KG,QUANTITY_IN_100KG,2015,,366.07,
dataflow,ESTAT:DS-045409(1.0),EU trade since 1988 by HS2-4-6 and CN8,A,Annual,EU27_2020,"European Union - 27 countries (AT, BE, BG, CY, CZ, DE, DK, EE, ES, FI, FR, GR, HR, HU, IE, IT, LT, LU, LV, MT, NL, PL, PT, RO, SE, SI, SK)",EXT_EU27_2020,Extra-EU27 (from 2020),81129289,Unwrought gallium; gallium powders,1,IMPORT,QUANTITY_IN_100KG,QUANTITY_IN_100KG,2016,,412.19,
dataflow,ESTAT:DS-045409(1.0),EU trade since 1988 by HS2-4-6 and CN8,A,Annual,EU27_2020,"European Union - 27 countries (AT, BE, BG, CY, CZ, DE, DK, EE, ES, FI, FR, GR, HR, HU, IE, IT, LT, LU, LV, MT, NL, PL, PT, RO, SE, SI, SK)",EXT_EU27_2020,Extra-EU27 (from 2020),81129289,Unwrought gallium; gallium powders,1,IMPORT,QUANTITY_IN_100KG,QUANTITY_IN_100KG,2017,,508.58,
dataflow,ESTAT:DS-045409(1.0),EU trade since 1988 by HS2-4-6 and CN8,A,Annual,EU27_2020,"European Union - 27 countries (AT, BE, BG, CY, CZ, DE, DK, EE, ES, FI, FR, GR, HR, HU, IE, IT, LT, LU, LV, MT, NL, PL, PT, RO, SE, SI, SK)",EXT_EU27_2020,Extra-EU27 (from 2020),81129289,Unwrought gallium; gallium powders,1,IMPORT,QUANTITY_IN_100KG,QUANTITY_IN_100KG,2018,,382.58,
dataflow,ESTAT:DS-045409(1.0),EU trade since 1988 by HS2-4-6 and CN8,A,Annual,EU27_2020,"European Union - 27 countries (AT, BE, BG, CY, CZ, DE, DK, EE, ES, FI, FR, GR, HR, HU, IE, IT, LT, LU, LV, MT, NL, PL, PT, RO, SE, SI, SK)",EXT_EU27_2020,Extra-EU27 (from 2020),81129289,Unwrought gallium; gallium powders,1,IMPORT,QUANTITY_IN_100KG,QUANTITY_IN_100KG,2019,,258.56,
dataflow,ESTAT:DS-045409(1.0),EU trade since 1988 by HS2-4-6 and CN8,A,Annual,EU27_2020,"European Union - 27 countries (AT, BE, BG, CY, CZ, DE, DK, EE, ES, FI, FR, GR, HR, HU, IE, IT, LT, LU, LV, MT, NL, PL, PT, RO, SE, SI, SK)",EXT_EU27_2020,Extra-EU27 (from 2020),81129289,Unwrought gallium; gallium powders,1,IMPORT,QUANTITY_IN_100KG,QUANTITY_IN_100KG,2020,,399.82,
dataflow,ESTAT:DS-045409(1.0),EU trade since 1988 by HS2-4-6 and CN8,A,Annual,EU27_2020,"European Union - 27 countries (AT, BE, BG, CY, CZ, DE, DK, EE, ES, FI, FR, GR, HR, HU, IE, IT, LT, LU, LV, MT, NL, PL, PT, RO, SE, SI, SK)",EXT_EU27_2020,Extra-EU27 (from 2020),81129289,Unwrought gallium; gallium powders,1,IMPORT,QUANTITY_IN_100KG,QUANTITY_IN_100KG,2021,,499.98,
dataflow,ESTAT:DS-045409(1.0),EU trade since 1988 by HS2-4-6 and CN8,A,Annual,EU27_2020,"European Union - 27 countries (AT, BE, BG, CY, CZ, DE, DK, EE, ES, FI, FR, GR, HR, HU, IE, IT, LT, LU, LV, MT, NL, PL, PT, RO, SE, SI, SK)",EXT_EU27_2020,Extra-EU27 (from 2020),81129289,Unwrought gallium; gallium powders,1,IMPORT,QUANTITY_IN_100KG,QUANTITY_IN_100KG,2022,,508.08,
dataflow,ESTAT:DS-045409(1.0),EU trade since 1988 by HS2-4-6 and CN8,A,Annual,EU27_2020,"European Union - 27 countries (AT, BE, BG, CY, CZ, DE, DK, EE, ES, FI, FR, GR, HR, HU, IE, IT, LT, LU, LV, MT, NL, PL, PT, RO, SE, SI, SK)",EXT_EU27_2020,Extra-EU27 (from 2020),81129289,Unwrought gallium; gallium powders,1,IMPORT,QUANTITY_IN_100KG,QUANTITY_IN_100KG,2023,,218.69,
dataflow,ESTAT:DS-045409(1.0),EU trade since 1988 by HS2-4-6 and CN8,A,Annual,EU27_2020,"European Union - 27 countries (AT, BE, BG, CY, CZ, DE, DK, EE, ES, FI, FR, GR, HR, HU, IE, IT, LT, LU, LV, MT, NL, PL, PT, RO, SE, SI, SK)",EXT_EU27_2020,Extra-EU27 (from 2020),81129289,Unwrought gallium; gallium powders,1,IMPORT,QUANTITY_IN_100KG,QUANTITY_IN_100KG,2024,,315.71,
dataflow,ESTAT:DS-045409(1.0),EU trade since 1988 by HS2-4-6 and CN8,A,Annual,EU27_2020,"European Union - 27 countries (AT, BE, BG, CY, CZ, DE, DK, EE, ES, FI, FR, GR, HR, HU, IE, IT, LT, LU, LV, MT, NL, PL, PT, RO, SE, SI, SK)",EXT_EU27_2020,Extra-EU27 (from 2020),81129289,Unwrought gallium; gallium powders,1,IMPORT,QUANTITY_IN_100KG,QUANTITY_IN_100KG,2025,,225.44,
dataflow,ESTAT:DS-045409(1.0),EU trade since 1988 by HS2-4-6 and CN8,A,Annual,EU27_2020,"European Union - 27 countries (AT, BE, BG, CY, CZ, DE, DK, EE, ES, FI, FR, GR, HR, HU, IE, IT, LT, LU, LV, MT, NL, PL, PT, RO, SE, SI, SK)",EXT_EU27_2020,Extra-EU27 (from 2020),81129289,Unwrought gallium; gallium powders,2,EXPORT,QUANTITY_IN_100KG,QUANTITY_IN_100KG,2002,,88.00,
dataflow,ESTAT:DS-045409(1.0),EU trade since 1988 by HS2-4-6 and CN8,A,Annual,EU27_2020,"European Union - 27 countries (AT, BE, BG, CY, CZ, DE, DK, EE, ES, FI, FR, GR, HR, HU, IE, IT, LT, LU, LV, MT, NL, PL, PT, RO, SE, SI, SK)",EXT_EU27_2020,Extra-EU27 (from 2020),81129289,Unwrought gallium; gallium powders,2,EXPORT,QUANTITY_IN_100KG,QUANTITY_IN_100KG,2003,,74.02,
dataflow,ESTAT:DS-045409(1.0),EU trade since 1988 by HS2-4-6 and CN8,A,Annual,EU27_2020,"European Union - 27 countries (AT, BE, BG, CY, CZ, DE, DK, EE, ES, FI, FR, GR, HR, HU, IE, IT, LT, LU, LV, MT, NL, PL, PT, RO, SE, SI, SK)",EXT_EU27_2020,Extra-EU27 (from 2020),81129289,Unwrought gallium; gallium powders,2,EXPORT,QUANTITY_IN_100KG,QUANTITY_IN_100KG,2004,,931.02,
dataflow,ESTAT:DS-045409(1.0),EU trade since 1988 by HS2-4-6 and CN8,A,Annual,EU27_2020,"European Union - 27 countries (AT, BE, BG, CY, CZ, DE, DK, EE, ES, FI, FR, GR, HR, HU, IE, IT, LT, LU, LV, MT, NL, PL, PT, RO, SE, SI, SK)",EXT_EU27_2020,Extra-EU27 (from 2020),81129289,Unwrought gallium; gallium powders,2,EXPORT,QUANTITY_IN_100KG,QUANTITY_IN_100KG,2005,,98.02,
dataflow,ESTAT:DS-045409(1.0),EU trade since 1988 by HS2-4-6 and CN8,A,Annual,EU27_2020,"European Union - 27 countries (AT, BE, BG, CY, CZ, DE, DK, EE, ES, FI, FR, GR, HR, HU, IE, IT, LT, LU, LV, MT, NL, PL, PT, RO, SE, SI, SK)",EXT_EU27_2020,Extra-EU27 (from 2020),81129289,Unwrought gallium; gallium powders,2,EXPORT,QUANTITY_IN_100KG,QUANTITY_IN_100KG,2006,,203.00,
dataflow,ESTAT:DS-045409(1.0),EU trade since 1988 by HS2-4-6 and CN8,A,Annual,EU27_2020,"European Union - 27 countries (AT, BE, BG, CY, CZ, DE, DK, EE, ES, FI, FR, GR, HR, HU, IE, IT, LT, LU, LV, MT, NL, PL, PT, RO, SE, SI, SK)",EXT_EU27_2020,Extra-EU27 (from 2020),81129289,Unwrought gallium; gallium powders,2,EXPORT,QUANTITY_IN_100KG,QUANTITY_IN_100KG,2007,,213.00,
dataflow,ESTAT:DS-045409(1.0),EU trade since 1988 by HS2-4-6 and CN8,A,Annual,EU27_2020,"European Union - 27 countries (AT, BE, BG, CY, CZ, DE, DK, EE, ES, FI, FR, GR, HR, HU, IE, IT, LT, LU, LV, MT, NL, PL, PT, RO, SE, SI, SK)",EXT_EU27_2020,Extra-EU27 (from 2020),81129289,Unwrought gallium; gallium powders,2,EXPORT,QUANTITY_IN_100KG,QUANTITY_IN_100KG,2008,,260.00,
dataflow,ESTAT:DS-045409(1.0),EU trade since 1988 by HS2-4-6 and CN8,A,Annual,EU27_2020,"European Union - 27 countries (AT, BE, BG, CY, CZ, DE, DK, EE, ES, FI, FR, GR, HR, HU, IE, IT, LT, LU, LV, MT, NL, PL, PT, RO, SE, SI, SK)",EXT_EU27_2020,Extra-EU27 (from 2020),81129289,Unwrought gallium; gallium powders,2,EXPORT,QUANTITY_IN_100KG,QUANTITY_IN_100KG,2009,,177.00,
dataflow,ESTAT:DS-045409(1.0),EU trade since 1988 by HS2-4-6 and CN8,A,Annual,EU27_2020,"European Union - 27 countries (AT, BE, BG, CY, CZ, DE, DK, EE, ES, FI, FR, GR, HR, HU, IE, IT, LT, LU, LV, MT, NL, PL, PT, RO, SE, SI, SK)",EXT_EU27_2020,Extra-EU27 (from 2020),81129289,Unwrought gallium; gallium powders,2,EXPORT,QUANTITY_IN_100KG,QUANTITY_IN_100KG,2010,,349.77,
dataflow,ESTAT:DS-045409(1.0),EU trade since 1988 by HS2-4-6 and CN8,A,Annual,EU27_2020,"European Union - 27 countries (AT, BE, BG, CY, CZ, DE, DK, EE, ES, FI, FR, GR, HR, HU, IE, IT, LT, LU, LV, MT, NL, PL, PT, RO, SE, SI, SK)",EXT_EU27_2020,Extra-EU27 (from 2020),81129289,Unwrought gallium; gallium powders,2,EXPORT,QUANTITY_IN_100KG,QUANTITY_IN_100KG,2011,,459.69,
dataflow,ESTAT:DS-045409(1.0),EU trade since 1988 by HS2-4-6 and CN8,A,Annual,EU27_2020,"European Union - 27 countries (AT, BE, BG, CY, CZ, DE, DK, EE, ES, FI, FR, GR, HR, HU, IE, IT, LT, LU, LV, MT, NL, PL, PT, RO, SE, SI, SK)",EXT_EU27_2020,Extra-EU27 (from 2020),81129289,Unwrought gallium; gallium powders,2,EXPORT,QUANTITY_IN_100KG,QUANTITY_IN_100KG,2012,,384.38,
dataflow,ESTAT:DS-045409(1.0),EU trade since 1988 by HS2-4-6 and CN8,A,Annual,EU27_2020,"European Union - 27 countries (AT, BE, BG, CY, CZ, DE, DK, EE, ES, FI, FR, GR, HR, HU, IE, IT, LT, LU, LV, MT, NL, PL, PT, RO, SE, SI, SK)",EXT_EU27_2020,Extra-EU27 (from 2020),81129289,Unwrought gallium; gallium powders,2,EXPORT,QUANTITY_IN_100KG,QUANTITY_IN_100KG,2013,,308.85,
dataflow,ESTAT:DS-045409(1.0),EU trade since 1988 by HS2-4-6 and CN8,A,Annual,EU27_2020,"European Union - 27 countries (AT, BE, BG, CY, CZ, DE, DK, EE, ES, FI, FR, GR, HR, HU, IE, IT, LT, LU, LV, MT, NL, PL, PT, RO, SE, SI, SK)",EXT_EU27_2020,Extra-EU27 (from 2020),81129289,Unwrought gallium; gallium powders,2,EXPORT,QUANTITY_IN_100KG,QUANTITY_IN_100KG,2014,,158.03,
dataflow,ESTAT:DS-045409(1.0),EU trade since 1988 by HS2-4-6 and CN8,A,Annual,EU27_2020,"European Union - 27 countries (AT, BE, BG, CY, CZ, DE, DK, EE, ES, FI, FR, GR, HR, HU, IE, IT, LT, LU, LV, MT, NL, PL, PT, RO, SE, SI, SK)",EXT_EU27_2020,Extra-EU27 (from 2020),81129289,Unwrought gallium; gallium powders,2,EXPORT,QUANTITY_IN_100KG,QUANTITY_IN_100KG,2015,,111.81,
dataflow,ESTAT:DS-045409(1.0),EU trade since 1988 by HS2-4-6 and CN8,A,Annual,EU27_2020,"European Union - 27 countries (AT, BE, BG, CY, CZ, DE, DK, EE, ES, FI, FR, GR, HR, HU, IE, IT, LT, LU, LV, MT, NL, PL, PT, RO, SE, SI, SK)",EXT_EU27_2020,Extra-EU27 (from 2020),81129289,Unwrought gallium; gallium powders,2,EXPORT,QUANTITY_IN_100KG,QUANTITY_IN_100KG,2016,,172.27,
dataflow,ESTAT:DS-045409(1.0),EU trade since 1988 by HS2-4-6 and CN8,A,Annual,EU27_2020,"European Union - 27 countries (AT, BE, BG, CY, CZ, DE, DK, EE, ES, FI, FR, GR, HR, HU, IE, IT, LT, LU, LV, MT, NL, PL, PT, RO, SE, SI, SK)",EXT_EU27_2020,Extra-EU27 (from 2020),81129289,Unwrought gallium; gallium powders,2,EXPORT,QUANTITY_IN_100KG,QUANTITY_IN_100KG,2017,,42.09,
dataflow,ESTAT:DS-045409(1.0),EU trade since 1988 by HS2-4-6 and CN8,A,Annual,EU27_2020,"European Union - 27 countries (AT, BE, BG, CY, CZ, DE, DK, EE, ES, FI, FR, GR, HR, HU, IE, IT, LT, LU, LV, MT, NL, PL, PT, RO, SE, SI, SK)",EXT_EU27_2020,Extra-EU27 (from 2020),81129289,Unwrought gallium; gallium powders,2,EXPORT,QUANTITY_IN_100KG,QUANTITY_IN_100KG,2018,,59.36,
dataflow,ESTAT:DS-045409(1.0),EU trade since 1988 by HS2-4-6 and CN8,A,Annual,EU27_2020,"European Union - 27 countries (AT, BE, BG, CY, CZ, DE, DK, EE, ES, FI, FR, GR, HR, HU, IE, IT, LT, LU, LV, MT, NL, PL, PT, RO, SE, SI, SK)",EXT_EU27_2020,Extra-EU27 (from 2020),81129289,Unwrought gallium; gallium powders,2,EXPORT,QUANTITY_IN_100KG,QUANTITY_IN_100KG,2019,,37.34,
dataflow,ESTAT:DS-045409(1.0),EU trade since 1988 by HS2-4-6 and CN8,A,Annual,EU27_2020,"European Union - 27 countries (AT, BE, BG, CY, CZ, DE, DK, EE, ES, FI, FR, GR, HR, HU, IE, IT, LT, LU, LV, MT, NL, PL, PT, RO, SE, SI, SK)",EXT_EU27_2020,Extra-EU27 (from 2020),81129289,Unwrought gallium; gallium powders,2,EXPORT,QUANTITY_IN_100KG,QUANTITY_IN_100KG,2020,,31.05,
dataflow,ESTAT:DS-045409(1.0),EU trade since 1988 by HS2-4-6 and CN8,A,Annual,EU27_2020,"European Union - 27 countries (AT, BE, BG, CY, CZ, DE, DK, EE, ES, FI, FR, GR, HR, HU, IE, IT, LT, LU, LV, MT, NL, PL, PT, RO, SE, SI, SK)",EXT_EU27_2020,Extra-EU27 (from 2020),81129289,Unwrought gallium; gallium powders,2,EXPORT,QUANTITY_IN_100KG,QUANTITY_IN_100KG,2021,,85.95,
dataflow,ESTAT:DS-045409(1.0),EU trade since 1988 by HS2-4-6 and CN8,A,Annual,EU27_2020,"European Union - 27 countries (AT, BE, BG, CY, CZ, DE, DK, EE, ES, FI, FR, GR, HR, HU, IE, IT, LT, LU, LV, MT, NL, PL, PT, RO, SE, SI, SK)",EXT_EU27_2020,Extra-EU27 (from 2020),81129289,Unwrought gallium; gallium powders,2,EXPORT,QUANTITY_IN_100KG,QUANTITY_IN_100KG,2022,,293.59,
dataflow,ESTAT:DS-045409(1.0),EU trade since 1988 by HS2-4-6 and CN8,A,Annual,EU27_2020,"European Union - 27 countries (AT, BE, BG, CY, CZ, DE, DK, EE, ES, FI, FR, GR, HR, HU, IE, IT, LT, LU, LV, MT, NL, PL, PT, RO, SE, SI, SK)",EXT_EU27_2020,Extra-EU27 (from 2020),81129289,Unwrought gallium; gallium powders,2,EXPORT,QUANTITY_IN_100KG,QUANTITY_IN_100KG,2023,,113.02,
dataflow,ESTAT:DS-045409(1.0),EU trade since 1988 by HS2-4-6 and CN8,A,Annual,EU27_2020,"European Union - 27 countries (AT, BE, BG, CY, CZ, DE, DK, EE, ES, FI, FR, GR, HR, HU, IE, IT, LT, LU, LV, MT, NL, PL, PT, RO, SE, SI, SK)",EXT_EU27_2020,Extra-EU27 (from 2020),81129289,Unwrought gallium; gallium powders,2,EXPORT,QUANTITY_IN_100KG,QUANTITY_IN_100KG,2024,,73.54,
dataflow,ESTAT:DS-045409(1.0),EU trade since 1988 by HS2-4-6 and CN8,A,Annual,EU27_2020,"European Union - 27 countries (AT, BE, BG, CY, CZ, DE, DK, EE, ES, FI, FR, GR, HR, HU, IE, IT, LT, LU, LV, MT, NL, PL, PT, RO, SE, SI, SK)",EXT_EU27_2020,Extra-EU27 (from 2020),81129289,Unwrought gallium; gallium powders,2,EXPORT,QUANTITY_IN_100KG,QUANTITY_IN_100KG,2025,,77.77,
dataflow,ESTAT:DS-045409(1.0),EU trade since 1988 by HS2-4-6 and CN8,A,Annual,EU27_2020,"European Union - 27 countries (AT, BE, BG, CY, CZ, DE, DK, EE, ES, FI, FR, GR, HR, HU, IE, IT, LT, LU, LV, MT, NL, PL, PT, RO, SE, SI, SK)",EXT_EU27_2020,Extra-EU27 (from 2020),853950,"Light-emitting diode ""LED"" lamps",1,IMPORT,QUANTITY_IN_100KG,QUANTITY_IN_100KG,2017,,470020.14,
dataflow,ESTAT:DS-045409(1.0),EU trade since 1988 by HS2-4-6 and CN8,A,Annual,EU27_2020,"European Union - 27 countries (AT, BE, BG, CY, CZ, DE, DK, EE, ES, FI, FR, GR, HR, HU, IE, IT, LT, LU, LV, MT, NL, PL, PT, RO, SE, SI, SK)",EXT_EU27_2020,Extra-EU27 (from 2020),853950,"Light-emitting diode ""LED"" lamps",1,IMPORT,QUANTITY_IN_100KG,QUANTITY_IN_100KG,2018,,578166.41,
dataflow,ESTAT:DS-045409(1.0),EU trade since 1988 by HS2-4-6 and CN8,A,Annual,EU27_2020,"European Union - 27 countries (AT, BE, BG, CY, CZ, DE, DK, EE, ES, FI, FR, GR, HR, HU, IE, IT, LT, LU, LV, MT, NL, PL, PT, RO, SE, SI, SK)",EXT_EU27_2020,Extra-EU27 (from 2020),853950,"Light-emitting diode ""LED"" lamps",1,IMPORT,QUANTITY_IN_100KG,QUANTITY_IN_100KG,2019,,600329.01,
dataflow,ESTAT:DS-045409(1.0),EU trade since 1988 by HS2-4-6 and CN8,A,Annual,EU27_2020,"European Union - 27 countries (AT, BE, BG, CY, CZ, DE, DK, EE, ES, FI, FR, GR, HR, HU, IE, IT, LT, LU, LV, MT, NL, PL, PT, RO, SE, SI, SK)",EXT_EU27_2020,Extra-EU27 (from 2020),853950,"Light-emitting diode ""LED"" lamps",1,IMPORT,QUANTITY_IN_100KG,QUANTITY_IN_100KG,2020,,574378.91,
dataflow,ESTAT:DS-045409(1.0),EU trade since 1988 by HS2-4-6 and CN8,A,Annual,EU27_2020,"European Union - 27 countries (AT, BE, BG, CY, CZ, DE, DK, EE, ES, FI, FR, GR, HR, HU, IE, IT, LT, LU, LV, MT, NL, PL, PT, RO, SE, SI, SK)",EXT_EU27_2020,Extra-EU27 (from 2020),853950,"Light-emitting diode ""LED"" lamps",1,IMPORT,QUANTITY_IN_100KG,QUANTITY_IN_100KG,2021,,632680.11,
dataflow,ESTAT:DS-045409(1.0),EU trade since 1988 by HS2-4-6 and CN8,A,Annual,EU27_2020,"European Union - 27 countries (AT, BE, BG, CY, CZ, DE, DK, EE, ES, FI, FR, GR, HR, HU, IE, IT, LT, LU, LV, MT, NL, PL, PT, RO, SE, SI, SK)",EXT_EU27_2020,Extra-EU27 (from 2020),853950,"Light-emitting diode ""LED"" lamps",2,EXPORT,QUANTITY_IN_100KG,QUANTITY_IN_100KG,2017,,29802.28,
dataflow,ESTAT:DS-045409(1.0),EU trade since 1988 by HS2-4-6 and CN8,A,Annual,EU27_2020,"European Union - 27 countries (AT, BE, BG, CY, CZ, DE, DK, EE, ES, FI, FR, GR, HR, HU, IE, IT, LT, LU, LV, MT, NL, PL, PT, RO, SE, SI, SK)",EXT_EU27_2020,Extra-EU27 (from 2020),853950,"Light-emitting diode ""LED"" lamps",2,EXPORT,QUANTITY_IN_100KG,QUANTITY_IN_100KG,2018,,39501.78,
dataflow,ESTAT:DS-045409(1.0),EU trade since 1988 by HS2-4-6 and CN8,A,Annual,EU27_2020,"European Union - 27 countries (AT, BE, BG, CY, CZ, DE, DK, EE, ES, FI, FR, GR, HR, HU, IE, IT, LT, LU, LV, MT, NL, PL, PT, RO, SE, SI, SK)",EXT_EU27_2020,Extra-EU27 (from 2020),853950,"Light-emitting diode ""LED"" lamps",2,EXPORT,QUANTITY_IN_100KG,QUANTITY_IN_100KG,2019,,44370.46,
dataflow,ESTAT:DS-045409(1.0),EU trade since 1988 by HS2-4-6 and CN8,A,Annual,EU27_2020,"European Union - 27 countries (AT, BE, BG, CY, CZ, DE, DK, EE, ES, FI, FR, GR, HR, HU, IE, IT, LT, LU, LV, MT, NL, PL, PT, RO, SE, SI, SK)",EXT_EU27_2020,Extra-EU27 (from 2020),853950,"Light-emitting diode ""LED"" lamps",2,EXPORT,QUANTITY_IN_100KG,QUANTITY_IN_100KG,2020,,48199.82,
dataflow,ESTAT:DS-045409(1.0),EU trade since 1988 by HS2-4-6 and CN8,A,Annual,EU27_2020,"European Union - 27 countries (AT, BE, BG, CY, CZ, DE, DK, EE, ES, FI, FR, GR, HR, HU, IE, IT, LT, LU, LV, MT, NL, PL, PT, RO, SE, SI, SK)",EXT_EU27_2020,Extra-EU27 (from 2020),853950,"Light-emitting diode ""LED"" lamps",2,EXPORT,QUANTITY_IN_100KG,QUANTITY_IN_100KG,2021,,43596.73,
dataflow,ESTAT:DS-045409(1.0),EU trade since 1988 by HS2-4-6 and CN8,A,Annual,EU27_2020,"European Union - 27 countries (AT, BE, BG, CY, CZ, DE, DK, EE, ES, FI, FR, GR, HR, HU, IE, IT, LT, LU, LV, MT, NL, PL, PT, RO, SE, SI, SK)",EXT_EU27_2020,Extra-EU27 (from 2020),853951,"Light-emitting diode ""LED"" light source modules",1,IMPORT,QUANTITY_IN_100KG,QUANTITY_IN_100KG,2022,,68436.87,
dataflow,ESTAT:DS-045409(1.0),EU trade since 1988 by HS2-4-6 and CN8,A,Annual,EU27_2020,"European Union - 27 countries (AT, BE, BG, CY, CZ, DE, DK, EE, ES, FI, FR, GR, HR, HU, IE, IT, LT, LU, LV, MT, NL, PL, PT, RO, SE, SI, SK)",EXT_EU27_2020,Extra-EU27 (from 2020),853951,"Light-emitting diode ""LED"" light source modules",1,IMPORT,QUANTITY_IN_100KG,QUANTITY_IN_100KG,2023,,69204.50,
dataflow,ESTAT:DS-045409(1.0),EU trade since 1988 by HS2-4-6 and CN8,A,Annual,EU27_2020,"European Union - 27 countries (AT, BE, BG, CY, CZ, DE, DK, EE, ES, FI, FR, GR, HR, HU, IE, IT, LT, LU, LV, MT, NL, PL, PT, RO, SE, SI, SK)",EXT_EU27_2020,Extra-EU27 (from 2020),853951,"Light-emitting diode ""LED"" light source modules",1,IMPORT,QUANTITY_IN_100KG,QUANTITY_IN_100KG,2024,,88534.99,
dataflow,ESTAT:DS-045409(1.0),EU trade since 1988 by HS2-4-6 and CN8,A,Annual,EU27_2020,"European Union - 27 countries (AT, BE, BG, CY, CZ, DE, DK, EE, ES, FI, FR, GR, HR, HU, IE, IT, LT, LU, LV, MT, NL, PL, PT, RO, SE, SI, SK)",EXT_EU27_2020,Extra-EU27 (from 2020),853951,"Light-emitting diode ""LED"" light source modules",1,IMPORT,QUANTITY_IN_100KG,QUANTITY_IN_100KG,2025,,113379.53,
dataflow,ESTAT:DS-045409(1.0),EU trade since 1988 by HS2-4-6 and CN8,A,Annual,EU27_2020,"European Union - 27 countries (AT, BE, BG, CY, CZ, DE, DK, EE, ES, FI, FR, GR, HR, HU, IE, IT, LT, LU, LV, MT, NL, PL, PT, RO, SE, SI, SK)",EXT_EU27_2020,Extra-EU27 (from 2020),853951,"Light-emitting diode ""LED"" light source modules",2,EXPORT,QUANTITY_IN_100KG,QUANTITY_IN_100KG,2022,,17607.77,
dataflow,ESTAT:DS-045409(1.0),EU trade since 1988 by HS2-4-6 and CN8,A,Annual,EU27_2020,"European Union - 27 countries (AT, BE, BG, CY, CZ, DE, DK, EE, ES, FI, FR, GR, HR, HU, IE, IT, LT, LU, LV, MT, NL, PL, PT, RO, SE, SI, SK)",EXT_EU27_2020,Extra-EU27 (from 2020),853951,"Light-emitting diode ""LED"" light source modules",2,EXPORT,QUANTITY_IN_100KG,QUANTITY_IN_100KG,2023,,24780.19,
dataflow,ESTAT:DS-045409(1.0),EU trade since 1988 by HS2-4-6 and CN8,A,Annual,EU27_2020,"European Union - 27 countries (AT, BE, BG, CY, CZ, DE, DK, EE, ES, FI, FR, GR, HR, HU, IE, IT, LT, LU, LV, MT, NL, PL, PT, RO, SE, SI, SK)",EXT_EU27_2020,Extra-EU27 (from 2020),853951,"Light-emitting diode ""LED"" light source modules",2,EXPORT,QUANTITY_IN_100KG,QUANTITY_IN_100KG,2024,,23472.30,
dataflow,ESTAT:DS-045409(1.0),EU trade since 1988 by HS2-4-6 and CN8,A,Annual,EU27_2020,"European Union - 27 countries (AT, BE, BG, CY, CZ, DE, DK, EE, ES, FI, FR, GR, HR, HU, IE, IT, LT, LU, LV, MT, NL, PL, PT, RO, SE, SI, SK)",EXT_EU27_2020,Extra-EU27 (from 2020),853951,"Light-emitting diode ""LED"" light source modules",2,EXPORT,QUANTITY_IN_100KG,QUANTITY_IN_100KG,2025,,23863.12,
dataflow,ESTAT:DS-045409(1.0),EU trade since 1988 by HS2-4-6 and CN8,A,Annual,EU27_2020,"European Union - 27 countries (AT, BE, BG, CY, CZ, DE, DK, EE, ES, FI, FR, GR, HR, HU, IE, IT, LT, LU, LV, MT, NL, PL, PT, RO, SE, SI, SK)",EXT_EU27_2020,Extra-EU27 (from 2020),853952,"Light-emitting diode ""LED"" lamps",1,IMPORT,QUANTITY_IN_100KG,QUANTITY_IN_100KG,2022,,492994.54,
dataflow,ESTAT:DS-045409(1.0),EU trade since 1988 by HS2-4-6 and CN8,A,Annual,EU27_2020,"European Union - 27 countries (AT, BE, BG, CY, CZ, DE, DK, EE, ES, FI, FR, GR, HR, HU, IE, IT, LT, LU, LV, MT, NL, PL, PT, RO, SE, SI, SK)",EXT_EU27_2020,Extra-EU27 (from 2020),853952,"Light-emitting diode ""LED"" lamps",1,IMPORT,QUANTITY_IN_100KG,QUANTITY_IN_100KG,2023,,482326.34,
dataflow,ESTAT:DS-045409(1.0),EU trade since 1988 by HS2-4-6 and CN8,A,Annual,EU27_2020,"European Union - 27 countries (AT, BE, BG, CY, CZ, DE, DK, EE, ES, FI, FR, GR, HR, HU, IE, IT, LT, LU, LV, MT, NL, PL, PT, RO, SE, SI, SK)",EXT_EU27_2020,Extra-EU27 (from 2020),853952,"Light-emitting diode ""LED"" lamps",1,IMPORT,QUANTITY_IN_100KG,QUANTITY_IN_100KG,2024,,428939.18,
dataflow,ESTAT:DS-045409(1.0),EU trade since 1988 by HS2-4-6 and CN8,A,Annual,EU27_2020,"European Union - 27 countries (AT, BE, BG, CY, CZ, DE, DK, EE, ES, FI, FR, GR, HR, HU, IE, IT, LT, LU, LV, MT, NL, PL, PT, RO, SE, SI, SK)",EXT_EU27_2020,Extra-EU27 (from 2020),853952,"Light-emitting diode ""LED"" lamps",1,IMPORT,QUANTITY_IN_100KG,QUANTITY_IN_100KG,2025,,421571.60,
dataflow,ESTAT:DS-045409(1.0),EU trade since 1988 by HS2-4-6 and CN8,A,Annual,EU27_2020,"European Union - 27 countries (AT, BE, BG, CY, CZ, DE, DK, EE, ES, FI, FR, GR, HR, HU, IE, IT, LT, LU, LV, MT, NL, PL, PT, RO, SE, SI, SK)",EXT_EU27_2020,Extra-EU27 (from 2020),853952,"Light-emitting diode ""LED"" lamps",2,EXPORT,QUANTITY_IN_100KG,QUANTITY_IN_100KG,2022,,39044.42,
dataflow,ESTAT:DS-045409(1.0),EU trade since 1988 by HS2-4-6 and CN8,A,Annual,EU27_2020,"European Union - 27 countries (AT, BE, BG, CY, CZ, DE, DK, EE, ES, FI, FR, GR, HR, HU, IE, IT, LT, LU, LV, MT, NL, PL, PT, RO, SE, SI, SK)",EXT_EU27_2020,Extra-EU27 (from 2020),853952,"Light-emitting diode ""LED"" lamps",2,EXPORT,QUANTITY_IN_100KG,QUANTITY_IN_100KG,2023,,46774.53,
dataflow,ESTAT:DS-045409(1.0),EU trade since 1988 by HS2-4-6 and CN8,A,Annual,EU27_2020,"European Union - 27 countries (AT, BE, BG, CY, CZ, DE, DK, EE, ES, FI, FR, GR, HR, HU, IE, IT, LT, LU, LV, MT, NL, PL, PT, RO, SE, SI, SK)",EXT_EU27_2020,Extra-EU27 (from 2020),853952,"Light-emitting diode ""LED"" lamps",2,EXPORT,QUANTITY_IN_100KG,QUANTITY_IN_100KG,2024,,38233.75,
dataflow,ESTAT:DS-045409(1.0),EU trade since 1988 by HS2-4-6 and CN8,A,Annual,EU27_2020,"European Union - 27 countries (AT, BE, BG, CY, CZ, DE, DK, EE, ES, FI, FR, GR, HR, HU, IE, IT, LT, LU, LV, MT, NL, PL, PT, RO, SE, SI, SK)",EXT_EU27_2020,Extra-EU27 (from 2020),853952,"Light-emitting diode ""LED"" lamps",2,EXPORT,QUANTITY_IN_100KG,QUANTITY_IN_100KG,2025,,37725.99,
dataflow,ESTAT:DS-045409(1.0),EU trade since 1988 by HS2-4-6 and CN8,A,Annual,EU27_2020,"European Union - 27 countries (AT, BE, BG, CY, CZ, DE, DK, EE, ES, FI, FR, GR, HR, HU, IE, IT, LT, LU, LV, MT, NL, PL, PT, RO, SE, SI, SK)",EXT_EU27_2020,Extra-EU27 (from 2020),854141,"Light emitting diodes ""LED""",1,IMPORT,QUANTITY_IN_100KG,QUANTITY_IN_100KG,2022,,74151.72,
dataflow,ESTAT:DS-045409(1.0),EU trade since 1988 by HS2-4-6 and CN8,A,Annual,EU27_2020,"European Union - 27 countries (AT, BE, BG, CY, CZ, DE, DK, EE, ES, FI, FR, GR, HR, HU, IE, IT, LT, LU, LV, MT, NL, PL, PT, RO, SE, SI, SK)",EXT_EU27_2020,Extra-EU27 (from 2020),854141,"Light emitting diodes ""LED""",1,IMPORT,QUANTITY_IN_100KG,QUANTITY_IN_100KG,2023,,31572.66,
dataflow,ESTAT:DS-045409(1.0),EU trade since 1988 by HS2-4-6 and CN8,A,Annual,EU27_2020,"European Union - 27 countries (AT, BE, BG, CY, CZ, DE, DK, EE, ES, FI, FR, GR, HR, HU, IE, IT, LT, LU, LV, MT, NL, PL, PT, RO, SE, SI, SK)",EXT_EU27_2020,Extra-EU27 (from 2020),854141,"Light emitting diodes ""LED""",1,IMPORT,QUANTITY_IN_100KG,QUANTITY_IN_100KG,2024,,26424.07,
dataflow,ESTAT:DS-045409(1.0),EU trade since 1988 by HS2-4-6 and CN8,A,Annual,EU27_2020,"European Union - 27 countries (AT, BE, BG, CY, CZ, DE, DK, EE, ES, FI, FR, GR, HR, HU, IE, IT, LT, LU, LV, MT, NL, PL, PT, RO, SE, SI, SK)",EXT_EU27_2020,Extra-EU27 (from 2020),854141,"Light emitting diodes ""LED""",1,IMPORT,QUANTITY_IN_100KG,QUANTITY_IN_100KG,2025,,28793.01,
dataflow,ESTAT:DS-045409(1.0),EU trade since 1988 by HS2-4-6 and CN8,A,Annual,EU27_2020,"European Union - 27 countries (AT, BE, BG, CY, CZ, DE, DK, EE, ES, FI, FR, GR, HR, HU, IE, IT, LT, LU, LV, MT, NL, PL, PT, RO, SE, SI, SK)",EXT_EU27_2020,Extra-EU27 (from 2020),854141,"Light emitting diodes ""LED""",2,EXPORT,QUANTITY_IN_100KG,QUANTITY_IN_100KG,2022,,25354.72,
dataflow,ESTAT:DS-045409(1.0),EU trade since 1988 by HS2-4-6 and CN8,A,Annual,EU27_2020,"European Union - 27 countries (AT, BE, BG, CY, CZ, DE, DK, EE, ES, FI, FR, GR, HR, HU, IE, IT, LT, LU, LV, MT, NL, PL, PT, RO, SE, SI, SK)",EXT_EU27_2020,Extra-EU27 (from 2020),854141,"Light emitting diodes ""LED""",2,EXPORT,QUANTITY_IN_100KG,QUANTITY_IN_100KG,2023,,13958.42,
dataflow,ESTAT:DS-045409(1.0),EU trade since 1988 by HS2-4-6 and CN8,A,Annual,EU27_2020,"European Union - 27 countries (AT, BE, BG, CY, CZ, DE, DK, EE, ES, FI, FR, GR, HR, HU, IE, IT, LT, LU, LV, MT, NL, PL, PT, RO, SE, SI, SK)",EXT_EU27_2020,Extra-EU27 (from 2020),854141,"Light emitting diodes ""LED""",2,EXPORT,QUANTITY_IN_100KG,QUANTITY_IN_100KG,2024,,12784.02,
dataflow,ESTAT:DS-045409(1.0),EU trade since 1988 by HS2-4-6 and CN8,A,Annual,EU27_2020,"European Union - 27 countries (AT, BE, BG, CY, CZ, DE, DK, EE, ES, FI, FR, GR, HR, HU, IE, IT, LT, LU, LV, MT, NL, PL, PT, RO, SE, SI, SK)",EXT_EU27_2020,Extra-EU27 (from 2020),854141,"Light emitting diodes ""LED""",2,EXPORT,QUANTITY_IN_100KG,QUANTITY_IN_100KG,2025,,7543.13,
dataflow,ESTAT:DS-045409(1.0),EU trade since 1988 by HS2-4-6 and CN8,A,Annual,EU27_2020,"European Union - 27 countries (AT, BE, BG, CY, CZ, DE, DK, EE, ES, FI, FR, GR, HR, HU, IE, IT, LT, LU, LV, MT, NL, PL, PT, RO, SE, SI, SK)",EXT_EU27_2020,Extra-EU27 (from 2020),854231,"Electronic integrated circuits as processors and controllers, whether or not combined with memories, converters, logic circuits, amplifiers, clock and timing circuits, or other circuits",1,IMPORT,QUANTITY_IN_100KG,QUANTITY_IN_100KG,2007,,160003.22,
dataflow,ESTAT:DS-045409(1.0),EU trade since 1988 by HS2-4-6 and CN8,A,Annual,EU27_2020,"European Union - 27 countries (AT, BE, BG, CY, CZ, DE, DK, EE, ES, FI, FR, GR, HR, HU, IE, IT, LT, LU, LV, MT, NL, PL, PT, RO, SE, SI, SK)",EXT_EU27_2020,Extra-EU27 (from 2020),854231,"Electronic integrated circuits as processors and controllers, whether or not combined with memories, converters, logic circuits, amplifiers, clock and timing circuits, or other circuits",1,IMPORT,QUANTITY_IN_100KG,QUANTITY_IN_100KG,2008,,132695.75,
dataflow,ESTAT:DS-045409(1.0),EU trade since 1988 by HS2-4-6 and CN8,A,Annual,EU27_2020,"European Union - 27 countries (AT, BE, BG, CY, CZ, DE, DK, EE, ES, FI, FR, GR, HR, HU, IE, IT, LT, LU, LV, MT, NL, PL, PT, RO, SE, SI, SK)",EXT_EU27_2020,Extra-EU27 (from 2020),854231,"Electronic integrated circuits as processors and controllers, whether or not combined with memories, converters, logic circuits, amplifiers, clock and timing circuits, or other circuits",1,IMPORT,QUANTITY_IN_100KG,QUANTITY_IN_100KG,2009,,132039.46,
dataflow,ESTAT:DS-045409(1.0),EU trade since 1988 by HS2-4-6 and CN8,A,Annual,EU27_2020,"European Union - 27 countries (AT, BE, BG, CY, CZ, DE, DK, EE, ES, FI, FR, GR, HR, HU, IE, IT, LT, LU, LV, MT, NL, PL, PT, RO, SE, SI, SK)",EXT_EU27_2020,Extra-EU27 (from 2020),854231,"Electronic integrated circuits as processors and controllers, whether or not combined with memories, converters, logic circuits, amplifiers, clock and timing circuits, or other circuits",1,IMPORT,QUANTITY_IN_100KG,QUANTITY_IN_100KG,2010,,164661.24,
dataflow,ESTAT:DS-045409(1.0),EU trade since 1988 by HS2-4-6 and CN8,A,Annual,EU27_2020,"European Union - 27 countries (AT, BE, BG, CY, CZ, DE, DK, EE, ES, FI, FR, GR, HR, HU, IE, IT, LT, LU, LV, MT, NL, PL, PT, RO, SE, SI, SK)",EXT_EU27_2020,Extra-EU27 (from 2020),854231,"Electronic integrated circuits as processors and controllers, whether or not combined with memories, converters, logic circuits, amplifiers, clock and timing circuits, or other circuits",1,IMPORT,QUANTITY_IN_100KG,QUANTITY_IN_100KG,2011,,144289.78,
dataflow,ESTAT:DS-045409(1.0),EU trade since 1988 by HS2-4-6 and CN8,A,Annual,EU27_2020,"European Union - 27 countries (AT, BE, BG, CY, CZ, DE, DK, EE, ES, FI, FR, GR, HR, HU, IE, IT, LT, LU, LV, MT, NL, PL, PT, RO, SE, SI, SK)",EXT_EU27_2020,Extra-EU27 (from 2020),854231,"Electronic integrated circuits as processors and controllers, whether or not combined with memories, converters, logic circuits, amplifiers, clock and timing circuits, or other circuits",1,IMPORT,QUANTITY_IN_100KG,QUANTITY_IN_100KG,2012,,166710.21,
dataflow,ESTAT:DS-045409(1.0),EU trade since 1988 by HS2-4-6 and CN8,A,Annual,EU27_2020,"European Union - 27 countries (AT, BE, BG, CY, CZ, DE, DK, EE, ES, FI, FR, GR, HR, HU, IE, IT, LT, LU, LV, MT, NL, PL, PT, RO, SE, SI, SK)",EXT_EU27_2020,Extra-EU27 (from 2020),854231,"Electronic integrated circuits as processors and controllers, whether or not combined with memories, converters, logic circuits, amplifiers, clock and timing circuits, or other circuits",1,IMPORT,QUANTITY_IN_100KG,QUANTITY_IN_100KG,2013,,364367.76,
dataflow,ESTAT:DS-045409(1.0),EU trade since 1988 by HS2-4-6 and CN8,A,Annual,EU27_2020,"European Union - 27 countries (AT, BE, BG, CY, CZ, DE, DK, EE, ES, FI, FR, GR, HR, HU, IE, IT, LT, LU, LV, MT, NL, PL, PT, RO, SE, SI, SK)",EXT_EU27_2020,Extra-EU27 (from 2020),854231,"Electronic integrated circuits as processors and controllers, whether or not combined with memories, converters, logic circuits, amplifiers, clock and timing circuits, or other circuits",1,IMPORT,QUANTITY_IN_100KG,QUANTITY_IN_100KG,2014,,196100.26,
dataflow,ESTAT:DS-045409(1.0),EU trade since 1988 by HS2-4-6 and CN8,A,Annual,EU27_2020,"European Union - 27 countries (AT, BE, BG, CY, CZ, DE, DK, EE, ES, FI, FR, GR, HR, HU, IE, IT, LT, LU, LV, MT, NL, PL, PT, RO, SE, SI, SK)",EXT_EU27_2020,Extra-EU27 (from 2020),854231,"Electronic integrated circuits as processors and controllers, whether or not combined with memories, converters, logic circuits, amplifiers, clock and timing circuits, or other circuits",1,IMPORT,QUANTITY_IN_100KG,QUANTITY_IN_100KG,2015,,115212.76,
dataflow,ESTAT:DS-045409(1.0),EU trade since 1988 by HS2-4-6 and CN8,A,Annual,EU27_2020,"European Union - 27 countries (AT, BE, BG, CY, CZ, DE, DK, EE, ES, FI, FR, GR, HR, HU, IE, IT, LT, LU, LV, MT, NL, PL, PT, RO, SE, SI, SK)",EXT_EU27_2020,Extra-EU27 (from 2020),854231,"Electronic integrated circuits as processors and controllers, whether or not combined with memories, converters, logic circuits, amplifiers, clock and timing circuits, or other circuits",1,IMPORT,QUANTITY_IN_100KG,QUANTITY_IN_100KG,2016,,116433.30,
dataflow,ESTAT:DS-045409(1.0),EU trade since 1988 by HS2-4-6 and CN8,A,Annual,EU27_2020,"European Union - 27 countries (AT, BE, BG, CY, CZ, DE, DK, EE, ES, FI, FR, GR, HR, HU, IE, IT, LT, LU, LV, MT, NL, PL, PT, RO, SE, SI, SK)",EXT_EU27_2020,Extra-EU27 (from 2020),854231,"Electronic integrated circuits as processors and controllers, whether or not combined with memories, converters, logic circuits, amplifiers, clock and timing circuits, or other circuits",1,IMPORT,QUANTITY_IN_100KG,QUANTITY_IN_100KG,2017,,113547.84,
dataflow,ESTAT:DS-045409(1.0),EU trade since 1988 by HS2-4-6 and CN8,A,Annual,EU27_2020,"European Union - 27 countries (AT, BE, BG, CY, CZ, DE, DK, EE, ES, FI, FR, GR, HR, HU, IE, IT, LT, LU, LV, MT, NL, PL, PT, RO, SE, SI, SK)",EXT_EU27_2020,Extra-EU27 (from 2020),854231,"Electronic integrated circuits as processors and controllers, whether or not combined with memories, converters, logic circuits, amplifiers, clock and timing circuits, or other circuits",1,IMPORT,QUANTITY_IN_100KG,QUANTITY_IN_100KG,2018,,123854.17,
dataflow,ESTAT:DS-045409(1.0),EU trade since 1988 by HS2-4-6 and CN8,A,Annual,EU27_2020,"European Union - 27 countries (AT, BE, BG, CY, CZ, DE, DK, EE, ES, FI, FR, GR, HR, HU, IE, IT, LT, LU, LV, MT, NL, PL, PT, RO, SE, SI, SK)",EXT_EU27_2020,Extra-EU27 (from 2020),854231,"Electronic integrated circuits as processors and controllers, whether or not combined with memories, converters, logic circuits, amplifiers, clock and timing circuits, or other circuits",1,IMPORT,QUANTITY_IN_100KG,QUANTITY_IN_100KG,2019,,208601.90,
dataflow,ESTAT:DS-045409(1.0),EU trade since 1988 by HS2-4-6 and CN8,A,Annual,EU27_2020,"European Union - 27 countries (AT, BE, BG, CY, CZ, DE, DK, EE, ES, FI, FR, GR, HR, HU, IE, IT, LT, LU, LV, MT, NL, PL, PT, RO, SE, SI, SK)",EXT_EU27_2020,Extra-EU27 (from 2020),854231,"Electronic integrated circuits as processors and controllers, whether or not combined with memories, converters, logic circuits, amplifiers, clock and timing circuits, or other circuits",1,IMPORT,QUANTITY_IN_100KG,QUANTITY_IN_100KG,2020,,114715.58,
dataflow,ESTAT:DS-045409(1.0),EU trade since 1988 by HS2-4-6 and CN8,A,Annual,EU27_2020,"European Union - 27 countries (AT, BE, BG, CY, CZ, DE, DK, EE, ES, FI, FR, GR, HR, HU, IE, IT, LT, LU, LV, MT, NL, PL, PT, RO, SE, SI, SK)",EXT_EU27_2020,Extra-EU27 (from 2020),854231,"Electronic integrated circuits as processors and controllers, whether or not combined with memories, converters, logic circuits, amplifiers, clock and timing circuits, or other circuits",1,IMPORT,QUANTITY_IN_100KG,QUANTITY_IN_100KG,2021,,100988.35,
dataflow,ESTAT:DS-045409(1.0),EU trade since 1988 by HS2-4-6 and CN8,A,Annual,EU27_2020,"European Union - 27 countries (AT, BE, BG, CY, CZ, DE, DK, EE, ES, FI, FR, GR, HR, HU, IE, IT, LT, LU, LV, MT, NL, PL, PT, RO, SE, SI, SK)",EXT_EU27_2020,Extra-EU27 (from 2020),854231,"Electronic integrated circuits as processors and controllers, whether or not combined with memories, converters, logic circuits, amplifiers, clock and timing circuits, or other circuits",1,IMPORT,QUANTITY_IN_100KG,QUANTITY_IN_100KG,2022,,107646.48,
dataflow,ESTAT:DS-045409(1.0),EU trade since 1988 by HS2-4-6 and CN8,A,Annual,EU27_2020,"European Union - 27 countries (AT, BE, BG, CY, CZ, DE, DK, EE, ES, FI, FR, GR, HR, HU, IE, IT, LT, LU, LV, MT, NL, PL, PT, RO, SE, SI, SK)",EXT_EU27_2020,Extra-EU27 (from 2020),854231,"Electronic integrated circuits as processors and controllers, whether or not combined with memories, converters, logic circuits, amplifiers, clock and timing circuits, or other circuits",1,IMPORT,QUANTITY_IN_100KG,QUANTITY_IN_100KG,2023,,103434.14,
dataflow,ESTAT:DS-045409(1.0),EU trade since 1988 by HS2-4-6 and CN8,A,Annual,EU27_2020,"European Union - 27 countries (AT, BE, BG, CY, CZ, DE, DK, EE, ES, FI, FR, GR, HR, HU, IE, IT, LT, LU, LV, MT, NL, PL, PT, RO, SE, SI, SK)",EXT_EU27_2020,Extra-EU27 (from 2020),854231,"Electronic integrated circuits as processors and controllers, whether or not combined with memories, converters, logic circuits, amplifiers, clock and timing circuits, or other circuits",1,IMPORT,QUANTITY_IN_100KG,QUANTITY_IN_100KG,2024,,99538.19,
dataflow,ESTAT:DS-045409(1.0),EU trade since 1988 by HS2-4-6 and CN8,A,Annual,EU27_2020,"European Union - 27 countries (AT, BE, BG, CY, CZ, DE, DK, EE, ES, FI, FR, GR, HR, HU, IE, IT, LT, LU, LV, MT, NL, PL, PT, RO, SE, SI, SK)",EXT_EU27_2020,Extra-EU27 (from 2020),854231,"Electronic integrated circuits as processors and controllers, whether or not combined with memories, converters, logic circuits, amplifiers, clock and timing circuits, or other circuits",1,IMPORT,QUANTITY_IN_100KG,QUANTITY_IN_100KG,2025,,101395.14,
dataflow,ESTAT:DS-045409(1.0),EU trade since 1988 by HS2-4-6 and CN8,A,Annual,EU27_2020,"European Union - 27 countries (AT, BE, BG, CY, CZ, DE, DK, EE, ES, FI, FR, GR, HR, HU, IE, IT, LT, LU, LV, MT, NL, PL, PT, RO, SE, SI, SK)",EXT_EU27_2020,Extra-EU27 (from 2020),854231,"Electronic integrated circuits as processors and controllers, whether or not combined with memories, converters, logic circuits, amplifiers, clock and timing circuits, or other circuits",2,EXPORT,QUANTITY_IN_100KG,QUANTITY_IN_100KG,2007,,95788.92,
dataflow,ESTAT:DS-045409(1.0),EU trade since 1988 by HS2-4-6 and CN8,A,Annual,EU27_2020,"European Union - 27 countries (AT, BE, BG, CY, CZ, DE, DK, EE, ES, FI, FR, GR, HR, HU, IE, IT, LT, LU, LV, MT, NL, PL, PT, RO, SE, SI, SK)",EXT_EU27_2020,Extra-EU27 (from 2020),854231,"Electronic integrated circuits as processors and controllers, whether or not combined with memories, converters, logic circuits, amplifiers, clock and timing circuits, or other circuits",2,EXPORT,QUANTITY_IN_100KG,QUANTITY_IN_100KG,2008,,99535.44,
dataflow,ESTAT:DS-045409(1.0),EU trade since 1988 by HS2-4-6 and CN8,A,Annual,EU27_2020,"European Union - 27 countries (AT, BE, BG, CY, CZ, DE, DK, EE, ES, FI, FR, GR, HR, HU, IE, IT, LT, LU, LV, MT, NL, PL, PT, RO, SE, SI, SK)",EXT_EU27_2020,Extra-EU27 (from 2020),854231,"Electronic integrated circuits as processors and controllers, whether or not combined with memories, converters, logic circuits, amplifiers, clock and timing circuits, or other circuits",2,EXPORT,QUANTITY_IN_100KG,QUANTITY_IN_100KG,2009,,107090.94,
dataflow,ESTAT:DS-045409(1.0),EU trade since 1988 by HS2-4-6 and CN8,A,Annual,EU27_2020,"European Union - 27 countries (AT, BE, BG, CY, CZ, DE, DK, EE, ES, FI, FR, GR, HR, HU, IE, IT, LT, LU, LV, MT, NL, PL, PT, RO, SE, SI, SK)",EXT_EU27_2020,Extra-EU27 (from 2020),854231,"Electronic integrated circuits as processors and controllers, whether or not combined with memories, converters, logic circuits, amplifiers, clock and timing circuits, or other circuits",2,EXPORT,QUANTITY_IN_100KG,QUANTITY_IN_100KG,2010,,82943.62,
dataflow,ESTAT:DS-045409(1.0),EU trade since 1988 by HS2-4-6 and CN8,A,Annual,EU27_2020,"European Union - 27 countries (AT, BE, BG, CY, CZ, DE, DK, EE, ES, FI, FR, GR, HR, HU, IE, IT, LT, LU, LV, MT, NL, PL, PT, RO, SE, SI, SK)",EXT_EU27_2020,Extra-EU27 (from 2020),854231,"Electronic integrated circuits as processors and controllers, whether or not combined with memories, converters, logic circuits, amplifiers, clock and timing circuits, or other circuits",2,EXPORT,QUANTITY_IN_100KG,QUANTITY_IN_100KG,2011,,80737.10,
dataflow,ESTAT:DS-045409(1.0),EU trade since 1988 by HS2-4-6 and CN8,A,Annual,EU27_2020,"European Union - 27 countries (AT, BE, BG, CY, CZ, DE, DK, EE, ES, FI, FR, GR, HR, HU, IE, IT, LT, LU, LV, MT, NL, PL, PT, RO, SE, SI, SK)",EXT_EU27_2020,Extra-EU27 (from 2020),854231,"Electronic integrated circuits as processors and controllers, whether or not combined with memories, converters, logic circuits, amplifiers, clock and timing circuits, or other circuits",2,EXPORT,QUANTITY_IN_100KG,QUANTITY_IN_100KG,2012,,87315.27,
dataflow,ESTAT:DS-045409(1.0),EU trade since 1988 by HS2-4-6 and CN8,A,Annual,EU27_2020,"European Union - 27 countries (AT, BE, BG, CY, CZ, DE, DK, EE, ES, FI, FR, GR, HR, HU, IE, IT, LT, LU, LV, MT, NL, PL, PT, RO, SE, SI, SK)",EXT_EU27_2020,Extra-EU27 (from 2020),854231,"Electronic integrated circuits as processors and controllers, whether or not combined with memories, converters, logic circuits, amplifiers, clock and timing circuits, or other circuits",2,EXPORT,QUANTITY_IN_100KG,QUANTITY_IN_100KG,2013,,84691.99,
dataflow,ESTAT:DS-045409(1.0),EU trade since 1988 by HS2-4-6 and CN8,A,Annual,EU27_2020,"European Union - 27 countries (AT, BE, BG, CY, CZ, DE, DK, EE, ES, FI, FR, GR, HR, HU, IE, IT, LT, LU, LV, MT, NL, PL, PT, RO, SE, SI, SK)",EXT_EU27_2020,Extra-EU27 (from 2020),854231,"Electronic integrated circuits as processors and controllers, whether or not combined with memories, converters, logic circuits, amplifiers, clock and timing circuits, or other circuits",2,EXPORT,QUANTITY_IN_100KG,QUANTITY_IN_100KG,2014,,67525.80,
dataflow,ESTAT:DS-045409(1.0),EU trade since 1988 by HS2-4-6 and CN8,A,Annual,EU27_2020,"European Union - 27 countries (AT, BE, BG, CY, CZ, DE, DK, EE, ES, FI, FR, GR, HR, HU, IE, IT, LT, LU, LV, MT, NL, PL, PT, RO, SE, SI, SK)",EXT_EU27_2020,Extra-EU27 (from 2020),854231,"Electronic integrated circuits as processors and controllers, whether or not combined with memories, converters, logic circuits, amplifiers, clock and timing circuits, or other circuits",2,EXPORT,QUANTITY_IN_100KG,QUANTITY_IN_100KG,2015,,72739.49,
dataflow,ESTAT:DS-045409(1.0),EU trade since 1988 by HS2-4-6 and CN8,A,Annual,EU27_2020,"European Union - 27 countries (AT, BE, BG, CY, CZ, DE, DK, EE, ES, FI, FR, GR, HR, HU, IE, IT, LT, LU, LV, MT, NL, PL, PT, RO, SE, SI, SK)",EXT_EU27_2020,Extra-EU27 (from 2020),854231,"Electronic integrated circuits as processors and controllers, whether or not combined with memories, converters, logic circuits, amplifiers, clock and timing circuits, or other circuits",2,EXPORT,QUANTITY_IN_100KG,QUANTITY_IN_100KG,2016,,80636.35,
dataflow,ESTAT:DS-045409(1.0),EU trade since 1988 by HS2-4-6 and CN8,A,Annual,EU27_2020,"European Union - 27 countries (AT, BE, BG, CY, CZ, DE, DK, EE, ES, FI, FR, GR, HR, HU, IE, IT, LT, LU, LV, MT, NL, PL, PT, RO, SE, SI, SK)",EXT_EU27_2020,Extra-EU27 (from 2020),854231,"Electronic integrated circuits as processors and controllers, whether or not combined with memories, converters, logic circuits, amplifiers, clock and timing circuits, or other circuits",2,EXPORT,QUANTITY_IN_100KG,QUANTITY_IN_100KG,2017,,87661.53,
dataflow,ESTAT:DS-045409(1.0),EU trade since 1988 by HS2-4-6 and CN8,A,Annual,EU27_2020,"European Union - 27 countries (AT, BE, BG, CY, CZ, DE, DK, EE, ES, FI, FR, GR, HR, HU, IE, IT, LT, LU, LV, MT, NL, PL, PT, RO, SE, SI, SK)",EXT_EU27_2020,Extra-EU27 (from 2020),854231,"Electronic integrated circuits as processors and controllers, whether or not combined with memories, converters, logic circuits, amplifiers, clock and timing circuits, or other circuits",2,EXPORT,QUANTITY_IN_100KG,QUANTITY_IN_100KG,2018,,81438.16,
dataflow,ESTAT:DS-045409(1.0),EU trade since 1988 by HS2-4-6 and CN8,A,Annual,EU27_2020,"European Union - 27 countries (AT, BE, BG, CY, CZ, DE, DK, EE, ES, FI, FR, GR, HR, HU, IE, IT, LT, LU, LV, MT, NL, PL, PT, RO, SE, SI, SK)",EXT_EU27_2020,Extra-EU27 (from 2020),854231,"Electronic integrated circuits as processors and controllers, whether or not combined with memories, converters, logic circuits, amplifiers, clock and timing circuits, or other circuits",2,EXPORT,QUANTITY_IN_100KG,QUANTITY_IN_100KG,2019,,65520.03,
dataflow,ESTAT:DS-045409(1.0),EU trade since 1988 by HS2-4-6 and CN8,A,Annual,EU27_2020,"European Union - 27 countries (AT, BE, BG, CY, CZ, DE, DK, EE, ES, FI, FR, GR, HR, HU, IE, IT, LT, LU, LV, MT, NL, PL, PT, RO, SE, SI, SK)",EXT_EU27_2020,Extra-EU27 (from 2020),854231,"Electronic integrated circuits as processors and controllers, whether or not combined with memories, converters, logic circuits, amplifiers, clock and timing circuits, or other circuits",2,EXPORT,QUANTITY_IN_100KG,QUANTITY_IN_100KG,2020,,62479.22,
dataflow,ESTAT:DS-045409(1.0),EU trade since 1988 by HS2-4-6 and CN8,A,Annual,EU27_2020,"European Union - 27 countries (AT, BE, BG, CY, CZ, DE, DK, EE, ES, FI, FR, GR, HR, HU, IE, IT, LT, LU, LV, MT, NL, PL, PT, RO, SE, SI, SK)",EXT_EU27_2020,Extra-EU27 (from 2020),854231,"Electronic integrated circuits as processors and controllers, whether or not combined with memories, converters, logic circuits, amplifiers, clock and timing circuits, or other circuits",2,EXPORT,QUANTITY_IN_100KG,QUANTITY_IN_100KG,2021,,57728.44,
dataflow,ESTAT:DS-045409(1.0),EU trade since 1988 by HS2-4-6 and CN8,A,Annual,EU27_2020,"European Union - 27 countries (AT, BE, BG, CY, CZ, DE, DK, EE, ES, FI, FR, GR, HR, HU, IE, IT, LT, LU, LV, MT, NL, PL, PT, RO, SE, SI, SK)",EXT_EU27_2020,Extra-EU27 (from 2020),854231,"Electronic integrated circuits as processors and controllers, whether or not combined with memories, converters, logic circuits, amplifiers, clock and timing circuits, or other circuits",2,EXPORT,QUANTITY_IN_100KG,QUANTITY_IN_100KG,2022,,55171.23,
dataflow,ESTAT:DS-045409(1.0),EU trade since 1988 by HS2-4-6 and CN8,A,Annual,EU27_2020,"European Union - 27 countries (AT, BE, BG, CY, CZ, DE, DK, EE, ES, FI, FR, GR, HR, HU, IE, IT, LT, LU, LV, MT, NL, PL, PT, RO, SE, SI, SK)",EXT_EU27_2020,Extra-EU27 (from 2020),854231,"Electronic integrated circuits as processors and controllers, whether or not combined with memories, converters, logic circuits, amplifiers, clock and timing circuits, or other circuits",2,EXPORT,QUANTITY_IN_100KG,QUANTITY_IN_100KG,2023,,52826.40,
dataflow,ESTAT:DS-045409(1.0),EU trade since 1988 by HS2-4-6 and CN8,A,Annual,EU27_2020,"European Union - 27 countries (AT, BE, BG, CY, CZ, DE, DK, EE, ES, FI, FR, GR, HR, HU, IE, IT, LT, LU, LV, MT, NL, PL, PT, RO, SE, SI, SK)",EXT_EU27_2020,Extra-EU27 (from 2020),854231,"Electronic integrated circuits as processors and controllers, whether or not combined with memories, converters, logic circuits, amplifiers, clock and timing circuits, or other circuits",2,EXPORT,QUANTITY_IN_100KG,QUANTITY_IN_100KG,2024,,48613.07,
dataflow,ESTAT:DS-045409(1.0),EU trade since 1988 by HS2-4-6 and CN8,A,Annual,EU27_2020,"European Union - 27 countries (AT, BE, BG, CY, CZ, DE, DK, EE, ES, FI, FR, GR, HR, HU, IE, IT, LT, LU, LV, MT, NL, PL, PT, RO, SE, SI, SK)",EXT_EU27_2020,Extra-EU27 (from 2020),854231,"Electronic integrated circuits as processors and controllers, whether or not combined with memories, converters, logic circuits, amplifiers, clock and timing circuits, or other circuits",2,EXPORT,QUANTITY_IN_100KG,QUANTITY_IN_100KG,2025,,48763.41,
dataflow,ESTAT:DS-045409(1.0),EU trade since 1988 by HS2-4-6 and CN8,A,Annual,EU27_2020,"European Union - 27 countries (AT, BE, BG, CY, CZ, DE, DK, EE, ES, FI, FR, GR, HR, HU, IE, IT, LT, LU, LV, MT, NL, PL, PT, RO, SE, SI, SK)",EXT_EU27_2020,Extra-EU27 (from 2020),854232,Electronic integrated circuits as memories,1,IMPORT,QUANTITY_IN_100KG,QUANTITY_IN_100KG,2007,,58564.87,
dataflow,ESTAT:DS-045409(1.0),EU trade since 1988 by HS2-4-6 and CN8,A,Annual,EU27_2020,"European Union - 27 countries (AT, BE, BG, CY, CZ, DE, DK, EE, ES, FI, FR, GR, HR, HU, IE, IT, LT, LU, LV, MT, NL, PL, PT, RO, SE, SI, SK)",EXT_EU27_2020,Extra-EU27 (from 2020),854232,Electronic integrated circuits as memories,1,IMPORT,QUANTITY_IN_100KG,QUANTITY_IN_100KG,2008,,62748.21,
dataflow,ESTAT:DS-045409(1.0),EU trade since 1988 by HS2-4-6 and CN8,A,Annual,EU27_2020,"European Union - 27 countries (AT, BE, BG, CY, CZ, DE, DK, EE, ES, FI, FR, GR, HR, HU, IE, IT, LT, LU, LV, MT, NL, PL, PT, RO, SE, SI, SK)",EXT_EU27_2020,Extra-EU27 (from 2020),854232,Electronic integrated circuits as memories,1,IMPORT,QUANTITY_IN_100KG,QUANTITY_IN_100KG,2009,,45538.08,
dataflow,ESTAT:DS-045409(1.0),EU trade since 1988 by HS2-4-6 and CN8,A,Annual,EU27_2020,"European Union - 27 countries (AT, BE, BG, CY, CZ, DE, DK, EE, ES, FI, FR, GR, HR, HU, IE, IT, LT, LU, LV, MT, NL, PL, PT, RO, SE, SI, SK)",EXT_EU27_2020,Extra-EU27 (from 2020),854232,Electronic integrated circuits as memories,1,IMPORT,QUANTITY_IN_100KG,QUANTITY_IN_100KG,2010,,58851.27,
dataflow,ESTAT:DS-045409(1.0),EU trade since 1988 by HS2-4-6 and CN8,A,Annual,EU27_2020,"European Union - 27 countries (AT, BE, BG, CY, CZ, DE, DK, EE, ES, FI, FR, GR, HR, HU, IE, IT, LT, LU, LV, MT, NL, PL, PT, RO, SE, SI, SK)",EXT_EU27_2020,Extra-EU27 (from 2020),854232,Electronic integrated circuits as memories,1,IMPORT,QUANTITY_IN_100KG,QUANTITY_IN_100KG,2011,,58926.16,
dataflow,ESTAT:DS-045409(1.0),EU trade since 1988 by HS2-4-6 and CN8,A,Annual,EU27_2020,"European Union - 27 countries (AT, BE, BG, CY, CZ, DE, DK, EE, ES, FI, FR, GR, HR, HU, IE, IT, LT, LU, LV, MT, NL, PL, PT, RO, SE, SI, SK)",EXT_EU27_2020,Extra-EU27 (from 2020),854232,Electronic integrated circuits as memories,1,IMPORT,QUANTITY_IN_100KG,QUANTITY_IN_100KG,2012,,37923.29,
dataflow,ESTAT:DS-045409(1.0),EU trade since 1988 by HS2-4-6 and CN8,A,Annual,EU27_2020,"European Union - 27 countries (AT, BE, BG, CY, CZ, DE, DK, EE, ES, FI, FR, GR, HR, HU, IE, IT, LT, LU, LV, MT, NL, PL, PT, RO, SE, SI, SK)",EXT_EU27_2020,Extra-EU27 (from 2020),854232,Electronic integrated circuits as memories,1,IMPORT,QUANTITY_IN_100KG,QUANTITY_IN_100KG,2013,,46455.19,
dataflow,ESTAT:DS-045409(1.0),EU trade since 1988 by HS2-4-6 and CN8,A,Annual,EU27_2020,"European Union - 27 countries (AT, BE, BG, CY, CZ, DE, DK, EE, ES, FI, FR, GR, HR, HU, IE, IT, LT, LU, LV, MT, NL, PL, PT, RO, SE, SI, SK)",EXT_EU27_2020,Extra-EU27 (from 2020),854232,Electronic integrated circuits as memories,1,IMPORT,QUANTITY_IN_100KG,QUANTITY_IN_100KG,2014,,40010.83,
dataflow,ESTAT:DS-045409(1.0),EU trade since 1988 by HS2-4-6 and CN8,A,Annual,EU27_2020,"European Union - 27 countries (AT, BE, BG, CY, CZ, DE, DK, EE, ES, FI, FR, GR, HR, HU, IE, IT, LT, LU, LV, MT, NL, PL, PT, RO, SE, SI, SK)",EXT_EU27_2020,Extra-EU27 (from 2020),854232,Electronic integrated circuits as memories,1,IMPORT,QUANTITY_IN_100KG,QUANTITY_IN_100KG,2015,,35963.34,
dataflow,ESTAT:DS-045409(1.0),EU trade since 1988 by HS2-4-6 and CN8,A,Annual,EU27_2020,"European Union - 27 countries (AT, BE, BG, CY, CZ, DE, DK, EE, ES, FI, FR, GR, HR, HU, IE, IT, LT, LU, LV, MT, NL, PL, PT, RO, SE, SI, SK)",EXT_EU27_2020,Extra-EU27 (from 2020),854232,Electronic integrated circuits as memories,1,IMPORT,QUANTITY_IN_100KG,QUANTITY_IN_100KG,2016,,39928.85,
dataflow,ESTAT:DS-045409(1.0),EU trade since 1988 by HS2-4-6 and CN8,A,Annual,EU27_2020,"European Union - 27 countries (AT, BE, BG, CY, CZ, DE, DK, EE, ES, FI, FR, GR, HR, HU, IE, IT, LT, LU, LV, MT, NL, PL, PT, RO, SE, SI, SK)",EXT_EU27_2020,Extra-EU27 (from 2020),854232,Electronic integrated circuits as memories,1,IMPORT,QUANTITY_IN_100KG,QUANTITY_IN_100KG,2017,,51518.93,
dataflow,ESTAT:DS-045409(1.0),EU trade since 1988 by HS2-4-6 and CN8,A,Annual,EU27_2020,"European Union - 27 countries (AT, BE, BG, CY, CZ, DE, DK, EE, ES, FI, FR, GR, HR, HU, IE, IT, LT, LU, LV, MT, NL, PL, PT, RO, SE, SI, SK)",EXT_EU27_2020,Extra-EU27 (from 2020),854232,Electronic integrated circuits as memories,1,IMPORT,QUANTITY_IN_100KG,QUANTITY_IN_100KG,2018,,49504.05,
dataflow,ESTAT:DS-045409(1.0),EU trade since 1988 by HS2-4-6 and CN8,A,Annual,EU27_2020,"European Union - 27 countries (AT, BE, BG, CY, CZ, DE, DK, EE, ES, FI, FR, GR, HR, HU, IE, IT, LT, LU, LV, MT, NL, PL, PT, RO, SE, SI, SK)",EXT_EU27_2020,Extra-EU27 (from 2020),854232,Electronic integrated circuits as memories,1,IMPORT,QUANTITY_IN_100KG,QUANTITY_IN_100KG,2019,,39774.98,
dataflow,ESTAT:DS-045409(1.0),EU trade since 1988 by HS2-4-6 and CN8,A,Annual,EU27_2020,"European Union - 27 countries (AT, BE, BG, CY, CZ, DE, DK, EE, ES, FI, FR, GR, HR, HU, IE, IT, LT, LU, LV, MT, NL, PL, PT, RO, SE, SI, SK)",EXT_EU27_2020,Extra-EU27 (from 2020),854232,Electronic integrated circuits as memories,1,IMPORT,QUANTITY_IN_100KG,QUANTITY_IN_100KG,2020,,45376.02,
dataflow,ESTAT:DS-045409(1.0),EU trade since 1988 by HS2-4-6 and CN8,A,Annual,EU27_2020,"European Union - 27 countries (AT, BE, BG, CY, CZ, DE, DK, EE, ES, FI, FR, GR, HR, HU, IE, IT, LT, LU, LV, MT, NL, PL, PT, RO, SE, SI, SK)",EXT_EU27_2020,Extra-EU27 (from 2020),854232,Electronic integrated circuits as memories,1,IMPORT,QUANTITY_IN_100KG,QUANTITY_IN_100KG,2021,,32681.64,
dataflow,ESTAT:DS-045409(1.0),EU trade since 1988 by HS2-4-6 and CN8,A,Annual,EU27_2020,"European Union - 27 countries (AT, BE, BG, CY, CZ, DE, DK, EE, ES, FI, FR, GR, HR, HU, IE, IT, LT, LU, LV, MT, NL, PL, PT, RO, SE, SI, SK)",EXT_EU27_2020,Extra-EU27 (from 2020),854232,Electronic integrated circuits as memories,1,IMPORT,QUANTITY_IN_100KG,QUANTITY_IN_100KG,2022,,16983.13,
dataflow,ESTAT:DS-045409(1.0),EU trade since 1988 by HS2-4-6 and CN8,A,Annual,EU27_2020,"European Union - 27 countries (AT, BE, BG, CY, CZ, DE, DK, EE, ES, FI, FR, GR, HR, HU, IE, IT, LT, LU, LV, MT, NL, PL, PT, RO, SE, SI, SK)",EXT_EU27_2020,Extra-EU27 (from 2020),854232,Electronic integrated circuits as memories,1,IMPORT,QUANTITY_IN_100KG,QUANTITY_IN_100KG,2023,,15813.74,
dataflow,ESTAT:DS-045409(1.0),EU trade since 1988 by HS2-4-6 and CN8,A,Annual,EU27_2020,"European Union - 27 countries (AT, BE, BG, CY, CZ, DE, DK, EE, ES, FI, FR, GR, HR, HU, IE, IT, LT, LU, LV, MT, NL, PL, PT, RO, SE, SI, SK)",EXT_EU27_2020,Extra-EU27 (from 2020),854232,Electronic integrated circuits as memories,1,IMPORT,QUANTITY_IN_100KG,QUANTITY_IN_100KG,2024,,12417.04,
dataflow,ESTAT:DS-045409(1.0),EU trade since 1988 by HS2-4-6 and CN8,A,Annual,EU27_2020,"European Union - 27 countries (AT, BE, BG, CY, CZ, DE, DK, EE, ES, FI, FR, GR, HR, HU, IE, IT, LT, LU, LV, MT, NL, PL, PT, RO, SE, SI, SK)",EXT_EU27_2020,Extra-EU27 (from 2020),854232,Electronic integrated circuits as memories,1,IMPORT,QUANTITY_IN_100KG,QUANTITY_IN_100KG,2025,,13558.49,
dataflow,ESTAT:DS-045409(1.0),EU trade since 1988 by HS2-4-6 and CN8,A,Annual,EU27_2020,"European Union - 27 countries (AT, BE, BG, CY, CZ, DE, DK, EE, ES, FI, FR, GR, HR, HU, IE, IT, LT, LU, LV, MT, NL, PL, PT, RO, SE, SI, SK)",EXT_EU27_2020,Extra-EU27 (from 2020),854232,Electronic integrated circuits as memories,2,EXPORT,QUANTITY_IN_100KG,QUANTITY_IN_100KG,2007,,27694.88,
dataflow,ESTAT:DS-045409(1.0),EU trade since 1988 by HS2-4-6 and CN8,A,Annual,EU27_2020,"European Union - 27 countries (AT, BE, BG, CY, CZ, DE, DK, EE, ES, FI, FR, GR, HR, HU, IE, IT, LT, LU, LV, MT, NL, PL, PT, RO, SE, SI, SK)",EXT_EU27_2020,Extra-EU27 (from 2020),854232,Electronic integrated circuits as memories,2,EXPORT,QUANTITY_IN_100KG,QUANTITY_IN_100KG,2008,,22276.54,
dataflow,ESTAT:DS-045409(1.0),EU trade since 1988 by HS2-4-6 and CN8,A,Annual,EU27_2020,"European Union - 27 countries (AT, BE, BG, CY, CZ, DE, DK, EE, ES, FI, FR, GR, HR, HU, IE, IT, LT, LU, LV, MT, NL, PL, PT, RO, SE, SI, SK)",EXT_EU27_2020,Extra-EU27 (from 2020),854232,Electronic integrated circuits as memories,2,EXPORT,QUANTITY_IN_100KG,QUANTITY_IN_100KG,2009,,11347.90,
dataflow,ESTAT:DS-045409(1.0),EU trade since 1988 by HS2-4-6 and CN8,A,Annual,EU27_2020,"European Union - 27 countries (AT, BE, BG, CY, CZ, DE, DK, EE, ES, FI, FR, GR, HR, HU, IE, IT, LT, LU, LV, MT, NL, PL, PT, RO, SE, SI, SK)",EXT_EU27_2020,Extra-EU27 (from 2020),854232,Electronic integrated circuits as memories,2,EXPORT,QUANTITY_IN_100KG,QUANTITY_IN_100KG,2010,,12763.17,
dataflow,ESTAT:DS-045409(1.0),EU trade since 1988 by HS2-4-6 and CN8,A,Annual,EU27_2020,"European Union - 27 countries (AT, BE, BG, CY, CZ, DE, DK, EE, ES, FI, FR, GR, HR, HU, IE, IT, LT, LU, LV, MT, NL, PL, PT, RO, SE, SI, SK)",EXT_EU27_2020,Extra-EU27 (from 2020),854232,Electronic integrated circuits as memories,2,EXPORT,QUANTITY_IN_100KG,QUANTITY_IN_100KG,2011,,10732.91,
dataflow,ESTAT:DS-045409(1.0),EU trade since 1988 by HS2-4-6 and CN8,A,Annual,EU27_2020,"European Union - 27 countries (AT, BE, BG, CY, CZ, DE, DK, EE, ES, FI, FR, GR, HR, HU, IE, IT, LT, LU, LV, MT, NL, PL, PT, RO, SE, SI, SK)",EXT_EU27_2020,Extra-EU27 (from 2020),854232,Electronic integrated circuits as memories,2,EXPORT,QUANTITY_IN_100KG,QUANTITY_IN_100KG,2012,,8100.65,
dataflow,ESTAT:DS-045409(1.0),EU trade since 1988 by HS2-4-6 and CN8,A,Annual,EU27_2020,"European Union - 27 countries (AT, BE, BG, CY, CZ, DE, DK, EE, ES, FI, FR, GR, HR, HU, IE, IT, LT, LU, LV, MT, NL, PL, PT, RO, SE, SI, SK)",EXT_EU27_2020,Extra-EU27 (from 2020),854232,Electronic integrated circuits as memories,2,EXPORT,QUANTITY_IN_100KG,QUANTITY_IN_100KG,2013,,7630.48,
dataflow,ESTAT:DS-045409(1.0),EU trade since 1988 by HS2-4-6 and CN8,A,Annual,EU27_2020,"European Union - 27 countries (AT, BE, BG, CY, CZ, DE, DK, EE, ES, FI, FR, GR, HR, HU, IE, IT, LT, LU, LV, MT, NL, PL, PT, RO, SE, SI, SK)",EXT_EU27_2020,Extra-EU27 (from 2020),854232,Electronic integrated circuits as memories,2,EXPORT,QUANTITY_IN_100KG,QUANTITY_IN_100KG,2014,,6575.19,
dataflow,ESTAT:DS-045409(1.0),EU trade since 1988 by HS2-4-6 and CN8,A,Annual,EU27_2020,"European Union - 27 countries (AT, BE, BG, CY, CZ, DE, DK, EE, ES, FI, FR, GR, HR, HU, IE, IT, LT, LU, LV, MT, NL, PL, PT, RO, SE, SI, SK)",EXT_EU27_2020,Extra-EU27 (from 2020),854232,Electronic integrated circuits as memories,2,EXPORT,QUANTITY_IN_100KG,QUANTITY_IN_100KG,2015,,8046.52,
dataflow,ESTAT:DS-045409(1.0),EU trade since 1988 by HS2-4-6 and CN8,A,Annual,EU27_2020,"European Union - 27 countries (AT, BE, BG, CY, CZ, DE, DK, EE, ES, FI, FR, GR, HR, HU, IE, IT, LT, LU, LV, MT, NL, PL, PT, RO, SE, SI, SK)",EXT_EU27_2020,Extra-EU27 (from 2020),854232,Electronic integrated circuits as memories,2,EXPORT,QUANTITY_IN_100KG,QUANTITY_IN_100KG,2016,,9087.07,
dataflow,ESTAT:DS-045409(1.0),EU trade since 1988 by HS2-4-6 and CN8,A,Annual,EU27_2020,"European Union - 27 countries (AT, BE, BG, CY, CZ, DE, DK, EE, ES, FI, FR, GR, HR, HU, IE, IT, LT, LU, LV, MT, NL, PL, PT, RO, SE, SI, SK)",EXT_EU27_2020,Extra-EU27 (from 2020),854232,Electronic integrated circuits as memories,2,EXPORT,QUANTITY_IN_100KG,QUANTITY_IN_100KG,2017,,10123.58,
dataflow,ESTAT:DS-045409(1.0),EU trade since 1988 by HS2-4-6 and CN8,A,Annual,EU27_2020,"European Union - 27 countries (AT, BE, BG, CY, CZ, DE, DK, EE, ES, FI, FR, GR, HR, HU, IE, IT, LT, LU, LV, MT, NL, PL, PT, RO, SE, SI, SK)",EXT_EU27_2020,Extra-EU27 (from 2020),854232,Electronic integrated circuits as memories,2,EXPORT,QUANTITY_IN_100KG,QUANTITY_IN_100KG,2018,,10072.19,
dataflow,ESTAT:DS-045409(1.0),EU trade since 1988 by HS2-4-6 and CN8,A,Annual,EU27_2020,"European Union - 27 countries (AT, BE, BG, CY, CZ, DE, DK, EE, ES, FI, FR, GR, HR, HU, IE, IT, LT, LU, LV, MT, NL, PL, PT, RO, SE, SI, SK)",EXT_EU27_2020,Extra-EU27 (from 2020),854232,Electronic integrated circuits as memories,2,EXPORT,QUANTITY_IN_100KG,QUANTITY_IN_100KG,2019,,11138.31,
dataflow,ESTAT:DS-045409(1.0),EU trade since 1988 by HS2-4-6 and CN8,A,Annual,EU27_2020,"European Union - 27 countries (AT, BE, BG, CY, CZ, DE, DK, EE, ES, FI, FR, GR, HR, HU, IE, IT, LT, LU, LV, MT, NL, PL, PT, RO, SE, SI, SK)",EXT_EU27_2020,Extra-EU27 (from 2020),854232,Electronic integrated circuits as memories,2,EXPORT,QUANTITY_IN_100KG,QUANTITY_IN_100KG,2020,,15757.81,
dataflow,ESTAT:DS-045409(1.0),EU trade since 1988 by HS2-4-6 and CN8,A,Annual,EU27_2020,"European Union - 27 countries (AT, BE, BG, CY, CZ, DE, DK, EE, ES, FI, FR, GR, HR, HU, IE, IT, LT, LU, LV, MT, NL, PL, PT, RO, SE, SI, SK)",EXT_EU27_2020,Extra-EU27 (from 2020),854232,Electronic integrated circuits as memories,2,EXPORT,QUANTITY_IN_100KG,QUANTITY_IN_100KG,2021,,19339.15,
dataflow,ESTAT:DS-045409(1.0),EU trade since 1988 by HS2-4-6 and CN8,A,Annual,EU27_2020,"European Union - 27 countries (AT, BE, BG, CY, CZ, DE, DK, EE, ES, FI, FR, GR, HR, HU, IE, IT, LT, LU, LV, MT, NL, PL, PT, RO, SE, SI, SK)",EXT_EU27_2020,Extra-EU27 (from 2020),854232,Electronic integrated circuits as memories,2,EXPORT,QUANTITY_IN_100KG,QUANTITY_IN_100KG,2022,,6703.29,
dataflow,ESTAT:DS-045409(1.0),EU trade since 1988 by HS2-4-6 and CN8,A,Annual,EU27_2020,"European Union - 27 countries (AT, BE, BG, CY, CZ, DE, DK, EE, ES, FI, FR, GR, HR, HU, IE, IT, LT, LU, LV, MT, NL, PL, PT, RO, SE, SI, SK)",EXT_EU27_2020,Extra-EU27 (from 2020),854232,Electronic integrated circuits as memories,2,EXPORT,QUANTITY_IN_100KG,QUANTITY_IN_100KG,2023,,7806.93,
dataflow,ESTAT:DS-045409(1.0),EU trade since 1988 by HS2-4-6 and CN8,A,Annual,EU27_2020,"European Union - 27 countries (AT, BE, BG, CY, CZ, DE, DK, EE, ES, FI, FR, GR, HR, HU, IE, IT, LT, LU, LV, MT, NL, PL, PT, RO, SE, SI, SK)",EXT_EU27_2020,Extra-EU27 (from 2020),854232,Electronic integrated circuits as memories,2,EXPORT,QUANTITY_IN_100KG,QUANTITY_IN_100KG,2024,,9338.24,
dataflow,ESTAT:DS-045409(1.0),EU trade since 1988 by HS2-4-6 and CN8,A,Annual,EU27_2020,"European Union - 27 countries (AT, BE, BG, CY, CZ, DE, DK, EE, ES, FI, FR, GR, HR, HU, IE, IT, LT, LU, LV, MT, NL, PL, PT, RO, SE, SI, SK)",EXT_EU27_2020,Extra-EU27 (from 2020),854232,Electronic integrated circuits as memories,2,EXPORT,QUANTITY_IN_100KG,QUANTITY_IN_100KG,2025,,8397.35,
dataflow,ESTAT:DS-045409(1.0),EU trade since 1988 by HS2-4-6 and CN8,A,Annual,EU27_2020,"European Union - 27 countries (AT, BE, BG, CY, CZ, DE, DK, EE, ES, FI, FR, GR, HR, HU, IE, IT, LT, LU, LV, MT, NL, PL, PT, RO, SE, SI, SK)",EXT_EU27_2020,Extra-EU27 (from 2020),854233,Electronic integrated circuits as amplifiers,1,IMPORT,QUANTITY_IN_100KG,QUANTITY_IN_100KG,2007,,13561.66,
dataflow,ESTAT:DS-045409(1.0),EU trade since 1988 by HS2-4-6 and CN8,A,Annual,EU27_2020,"European Union - 27 countries (AT, BE, BG, CY, CZ, DE, DK, EE, ES, FI, FR, GR, HR, HU, IE, IT, LT, LU, LV, MT, NL, PL, PT, RO, SE, SI, SK)",EXT_EU27_2020,Extra-EU27 (from 2020),854233,Electronic integrated circuits as amplifiers,1,IMPORT,QUANTITY_IN_100KG,QUANTITY_IN_100KG,2008,,12062.84,
dataflow,ESTAT:DS-045409(1.0),EU trade since 1988 by HS2-4-6 and CN8,A,Annual,EU27_2020,"European Union - 27 countries (AT, BE, BG, CY, CZ, DE, DK, EE, ES, FI, FR, GR, HR, HU, IE, IT, LT, LU, LV, MT, NL, PL, PT, RO, SE, SI, SK)",EXT_EU27_2020,Extra-EU27 (from 2020),854233,Electronic integrated circuits as amplifiers,1,IMPORT,QUANTITY_IN_100KG,QUANTITY_IN_100KG,2009,,6765.87,
dataflow,ESTAT:DS-045409(1.0),EU trade since 1988 by HS2-4-6 and CN8,A,Annual,EU27_2020,"European Union - 27 countries (AT, BE, BG, CY, CZ, DE, DK, EE, ES, FI, FR, GR, HR, HU, IE, IT, LT, LU, LV, MT, NL, PL, PT, RO, SE, SI, SK)",EXT_EU27_2020,Extra-EU27 (from 2020),854233,Electronic integrated circuits as amplifiers,1,IMPORT,QUANTITY_IN_100KG,QUANTITY_IN_100KG,2010,,11104.95,
dataflow,ESTAT:DS-045409(1.0),EU trade since 1988 by HS2-4-6 and CN8,A,Annual,EU27_2020,"European Union - 27 countries (AT, BE, BG, CY, CZ, DE, DK, EE, ES, FI, FR, GR, HR, HU, IE, IT, LT, LU, LV, MT, NL, PL, PT, RO, SE, SI, SK)",EXT_EU27_2020,Extra-EU27 (from 2020),854233,Electronic integrated circuits as amplifiers,1,IMPORT,QUANTITY_IN_100KG,QUANTITY_IN_100KG,2011,,10033.13,
dataflow,ESTAT:DS-045409(1.0),EU trade since 1988 by HS2-4-6 and CN8,A,Annual,EU27_2020,"European Union - 27 countries (AT, BE, BG, CY, CZ, DE, DK, EE, ES, FI, FR, GR, HR, HU, IE, IT, LT, LU, LV, MT, NL, PL, PT, RO, SE, SI, SK)",EXT_EU27_2020,Extra-EU27 (from 2020),854233,Electronic integrated circuits as amplifiers,1,IMPORT,QUANTITY_IN_100KG,QUANTITY_IN_100KG,2012,,8921.97,
dataflow,ESTAT:DS-045409(1.0),EU trade since 1988 by HS2-4-6 and CN8,A,Annual,EU27_2020,"European Union - 27 countries (AT, BE, BG, CY, CZ, DE, DK, EE, ES, FI, FR, GR, HR, HU, IE, IT, LT, LU, LV, MT, NL, PL, PT, RO, SE, SI, SK)",EXT_EU27_2020,Extra-EU27 (from 2020),854233,Electronic integrated circuits as amplifiers,1,IMPORT,QUANTITY_IN_100KG,QUANTITY_IN_100KG,2013,,9616.29,
dataflow,ESTAT:DS-045409(1.0),EU trade since 1988 by HS2-4-6 and CN8,A,Annual,EU27_2020,"European Union - 27 countries (AT, BE, BG, CY, CZ, DE, DK, EE, ES, FI, FR, GR, HR, HU, IE, IT, LT, LU, LV, MT, NL, PL, PT, RO, SE, SI, SK)",EXT_EU27_2020,Extra-EU27 (from 2020),854233,Electronic integrated circuits as amplifiers,1,IMPORT,QUANTITY_IN_100KG,QUANTITY_IN_100KG,2014,,10351.20,
dataflow,ESTAT:DS-045409(1.0),EU trade since 1988 by HS2-4-6 and CN8,A,Annual,EU27_2020,"European Union - 27 countries (AT, BE, BG, CY, CZ, DE, DK, EE, ES, FI, FR, GR, HR, HU, IE, IT, LT, LU, LV, MT, NL, PL, PT, RO, SE, SI, SK)",EXT_EU27_2020,Extra-EU27 (from 2020),854233,Electronic integrated circuits as amplifiers,1,IMPORT,QUANTITY_IN_100KG,QUANTITY_IN_100KG,2015,,8491.12,
dataflow,ESTAT:DS-045409(1.0),EU trade since 1988 by HS2-4-6 and CN8,A,Annual,EU27_2020,"European Union - 27 countries (AT, BE, BG, CY, CZ, DE, DK, EE, ES, FI, FR, GR, HR, HU, IE, IT, LT, LU, LV, MT, NL, PL, PT, RO, SE, SI, SK)",EXT_EU27_2020,Extra-EU27 (from 2020),854233,Electronic integrated circuits as amplifiers,1,IMPORT,QUANTITY_IN_100KG,QUANTITY_IN_100KG,2016,,8224.27,
dataflow,ESTAT:DS-045409(1.0),EU trade since 1988 by HS2-4-6 and CN8,A,Annual,EU27_2020,"European Union - 27 countries (AT, BE, BG, CY, CZ, DE, DK, EE, ES, FI, FR, GR, HR, HU, IE, IT, LT, LU, LV, MT, NL, PL, PT, RO, SE, SI, SK)",EXT_EU27_2020,Extra-EU27 (from 2020),854233,Electronic integrated circuits as amplifiers,1,IMPORT,QUANTITY_IN_100KG,QUANTITY_IN_100KG,2017,,9824.87,
dataflow,ESTAT:DS-045409(1.0),EU trade since 1988 by HS2-4-6 and CN8,A,Annual,EU27_2020,"European Union - 27 countries (AT, BE, BG, CY, CZ, DE, DK, EE, ES, FI, FR, GR, HR, HU, IE, IT, LT, LU, LV, MT, NL, PL, PT, RO, SE, SI, SK)",EXT_EU27_2020,Extra-EU27 (from 2020),854233,Electronic integrated circuits as amplifiers,1,IMPORT,QUANTITY_IN_100KG,QUANTITY_IN_100KG,2018,,12832.26,
dataflow,ESTAT:DS-045409(1.0),EU trade since 1988 by HS2-4-6 and CN8,A,Annual,EU27_2020,"European Union - 27 countries (AT, BE, BG, CY, CZ, DE, DK, EE, ES, FI, FR, GR, HR, HU, IE, IT, LT, LU, LV, MT, NL, PL, PT, RO, SE, SI, SK)",EXT_EU27_2020,Extra-EU27 (from 2020),854233,Electronic integrated circuits as amplifiers,1,IMPORT,QUANTITY_IN_100KG,QUANTITY_IN_100KG,2019,,8820.34,
dataflow,ESTAT:DS-045409(1.0),EU trade since 1988 by HS2-4-6 and CN8,A,Annual,EU27_2020,"European Union - 27 countries (AT, BE, BG, CY, CZ, DE, DK, EE, ES, FI, FR, GR, HR, HU, IE, IT, LT, LU, LV, MT, NL, PL, PT, RO, SE, SI, SK)",EXT_EU27_2020,Extra-EU27 (from 2020),854233,Electronic integrated circuits as amplifiers,1,IMPORT,QUANTITY_IN_100KG,QUANTITY_IN_100KG,2020,,9364.09,
dataflow,ESTAT:DS-045409(1.0),EU trade since 1988 by HS2-4-6 and CN8,A,Annual,EU27_2020,"European Union - 27 countries (AT, BE, BG, CY, CZ, DE, DK, EE, ES, FI, FR, GR, HR, HU, IE, IT, LT, LU, LV, MT, NL, PL, PT, RO, SE, SI, SK)",EXT_EU27_2020,Extra-EU27 (from 2020),854233,Electronic integrated circuits as amplifiers,1,IMPORT,QUANTITY_IN_100KG,QUANTITY_IN_100KG,2021,,8005.42,
dataflow,ESTAT:DS-045409(1.0),EU trade since 1988 by HS2-4-6 and CN8,A,Annual,EU27_2020,"European Union - 27 countries (AT, BE, BG, CY, CZ, DE, DK, EE, ES, FI, FR, GR, HR, HU, IE, IT, LT, LU, LV, MT, NL, PL, PT, RO, SE, SI, SK)",EXT_EU27_2020,Extra-EU27 (from 2020),854233,Electronic integrated circuits as amplifiers,1,IMPORT,QUANTITY_IN_100KG,QUANTITY_IN_100KG,2022,,9925.78,
dataflow,ESTAT:DS-045409(1.0),EU trade since 1988 by HS2-4-6 and CN8,A,Annual,EU27_2020,"European Union - 27 countries (AT, BE, BG, CY, CZ, DE, DK, EE, ES, FI, FR, GR, HR, HU, IE, IT, LT, LU, LV, MT, NL, PL, PT, RO, SE, SI, SK)",EXT_EU27_2020,Extra-EU27 (from 2020),854233,Electronic integrated circuits as amplifiers,1,IMPORT,QUANTITY_IN_100KG,QUANTITY_IN_100KG,2023,,8862.38,
dataflow,ESTAT:DS-045409(1.0),EU trade since 1988 by HS2-4-6 and CN8,A,Annual,EU27_2020,"European Union - 27 countries (AT, BE, BG, CY, CZ, DE, DK, EE, ES, FI, FR, GR, HR, HU, IE, IT, LT, LU, LV, MT, NL, PL, PT, RO, SE, SI, SK)",EXT_EU27_2020,Extra-EU27 (from 2020),854233,Electronic integrated circuits as amplifiers,1,IMPORT,QUANTITY_IN_100KG,QUANTITY_IN_100KG,2024,,6919.55,
dataflow,ESTAT:DS-045409(1.0),EU trade since 1988 by HS2-4-6 and CN8,A,Annual,EU27_2020,"European Union - 27 countries (AT, BE, BG, CY, CZ, DE, DK, EE, ES, FI, FR, GR, HR, HU, IE, IT, LT, LU, LV, MT, NL, PL, PT, RO, SE, SI, SK)",EXT_EU27_2020,Extra-EU27 (from 2020),854233,Electronic integrated circuits as amplifiers,1,IMPORT,QUANTITY_IN_100KG,QUANTITY_IN_100KG,2025,,6113.27,
dataflow,ESTAT:DS-045409(1.0),EU trade since 1988 by HS2-4-6 and CN8,A,Annual,EU27_2020,"European Union - 27 countries (AT, BE, BG, CY, CZ, DE, DK, EE, ES, FI, FR, GR, HR, HU, IE, IT, LT, LU, LV, MT, NL, PL, PT, RO, SE, SI, SK)",EXT_EU27_2020,Extra-EU27 (from 2020),854233,Electronic integrated circuits as amplifiers,2,EXPORT,QUANTITY_IN_100KG,QUANTITY_IN_100KG,2007,,4451.06,
dataflow,ESTAT:DS-045409(1.0),EU trade since 1988 by HS2-4-6 and CN8,A,Annual,EU27_2020,"European Union - 27 countries (AT, BE, BG, CY, CZ, DE, DK, EE, ES, FI, FR, GR, HR, HU, IE, IT, LT, LU, LV, MT, NL, PL, PT, RO, SE, SI, SK)",EXT_EU27_2020,Extra-EU27 (from 2020),854233,Electronic integrated circuits as amplifiers,2,EXPORT,QUANTITY_IN_100KG,QUANTITY_IN_100KG,2008,,4537.02,
dataflow,ESTAT:DS-045409(1.0),EU trade since 1988 by HS2-4-6 and CN8,A,Annual,EU27_2020,"European Union - 27 countries (AT, BE, BG, CY, CZ, DE, DK, EE, ES, FI, FR, GR, HR, HU, IE, IT, LT, LU, LV, MT, NL, PL, PT, RO, SE, SI, SK)",EXT_EU27_2020,Extra-EU27 (from 2020),854233,Electronic integrated circuits as amplifiers,2,EXPORT,QUANTITY_IN_100KG,QUANTITY_IN_100KG,2009,,1963.87,
dataflow,ESTAT:DS-045409(1.0),EU trade since 1988 by HS2-4-6 and CN8,A,Annual,EU27_2020,"European Union - 27 countries (AT, BE, BG, CY, CZ, DE, DK, EE, ES, FI, FR, GR, HR, HU, IE, IT, LT, LU, LV, MT, NL, PL, PT, RO, SE, SI, SK)",EXT_EU27_2020,Extra-EU27 (from 2020),854233,Electronic integrated circuits as amplifiers,2,EXPORT,QUANTITY_IN_100KG,QUANTITY_IN_100KG,2010,,3836.49,
dataflow,ESTAT:DS-045409(1.0),EU trade since 1988 by HS2-4-6 and CN8,A,Annual,EU27_2020,"European Union - 27 countries (AT, BE, BG, CY, CZ, DE, DK, EE, ES, FI, FR, GR, HR, HU, IE, IT, LT, LU, LV, MT, NL, PL, PT, RO, SE, SI, SK)",EXT_EU27_2020,Extra-EU27 (from 2020),854233,Electronic integrated circuits as amplifiers,2,EXPORT,QUANTITY_IN_100KG,QUANTITY_IN_100KG,2011,,4470.21,
dataflow,ESTAT:DS-045409(1.0),EU trade since 1988 by HS2-4-6 and CN8,A,Annual,EU27_2020,"European Union - 27 countries (AT, BE, BG, CY, CZ, DE, DK, EE, ES, FI, FR, GR, HR, HU, IE, IT, LT, LU, LV, MT, NL, PL, PT, RO, SE, SI, SK)",EXT_EU27_2020,Extra-EU27 (from 2020),854233,Electronic integrated circuits as amplifiers,2,EXPORT,QUANTITY_IN_100KG,QUANTITY_IN_100KG,2012,,6377.97,
dataflow,ESTAT:DS-045409(1.0),EU trade since 1988 by HS2-4-6 and CN8,A,Annual,EU27_2020,"European Union - 27 countries (AT, BE, BG, CY, CZ, DE, DK, EE, ES, FI, FR, GR, HR, HU, IE, IT, LT, LU, LV, MT, NL, PL, PT, RO, SE, SI, SK)",EXT_EU27_2020,Extra-EU27 (from 2020),854233,Electronic integrated circuits as amplifiers,2,EXPORT,QUANTITY_IN_100KG,QUANTITY_IN_100KG,2013,,4342.14,
dataflow,ESTAT:DS-045409(1.0),EU trade since 1988 by HS2-4-6 and CN8,A,Annual,EU27_2020,"European Union - 27 countries (AT, BE, BG, CY, CZ, DE, DK, EE, ES, FI, FR, GR, HR, HU, IE, IT, LT, LU, LV, MT, NL, PL, PT, RO, SE, SI, SK)",EXT_EU27_2020,Extra-EU27 (from 2020),854233,Electronic integrated circuits as amplifiers,2,EXPORT,QUANTITY_IN_100KG,QUANTITY_IN_100KG,2014,,4269.07,
dataflow,ESTAT:DS-045409(1.0),EU trade since 1988 by HS2-4-6 and CN8,A,Annual,EU27_2020,"European Union - 27 countries (AT, BE, BG, CY, CZ, DE, DK, EE, ES, FI, FR, GR, HR, HU, IE, IT, LT, LU, LV, MT, NL, PL, PT, RO, SE, SI, SK)",EXT_EU27_2020,Extra-EU27 (from 2020),854233,Electronic integrated circuits as amplifiers,2,EXPORT,QUANTITY_IN_100KG,QUANTITY_IN_100KG,2015,,5071.10,
dataflow,ESTAT:DS-045409(1.0),EU trade since 1988 by HS2-4-6 and CN8,A,Annual,EU27_2020,"European Union - 27 countries (AT, BE, BG, CY, CZ, DE, DK, EE, ES, FI, FR, GR, HR, HU, IE, IT, LT, LU, LV, MT, NL, PL, PT, RO, SE, SI, SK)",EXT_EU27_2020,Extra-EU27 (from 2020),854233,Electronic integrated circuits as amplifiers,2,EXPORT,QUANTITY_IN_100KG,QUANTITY_IN_100KG,2016,,4032.42,
dataflow,ESTAT:DS-045409(1.0),EU trade since 1988 by HS2-4-6 and CN8,A,Annual,EU27_2020,"European Union - 27 countries (AT, BE, BG, CY, CZ, DE, DK, EE, ES, FI, FR, GR, HR, HU, IE, IT, LT, LU, LV, MT, NL, PL, PT, RO, SE, SI, SK)",EXT_EU27_2020,Extra-EU27 (from 2020),854233,Electronic integrated circuits as amplifiers,2,EXPORT,QUANTITY_IN_100KG,QUANTITY_IN_100KG,2017,,3873.10,
dataflow,ESTAT:DS-045409(1.0),EU trade since 1988 by HS2-4-6 and CN8,A,Annual,EU27_2020,"European Union - 27 countries (AT, BE, BG, CY, CZ, DE, DK, EE, ES, FI, FR, GR, HR, HU, IE, IT, LT, LU, LV, MT, NL, PL, PT, RO, SE, SI, SK)",EXT_EU27_2020,Extra-EU27 (from 2020),854233,Electronic integrated circuits as amplifiers,2,EXPORT,QUANTITY_IN_100KG,QUANTITY_IN_100KG,2018,,5062.08,
dataflow,ESTAT:DS-045409(1.0),EU trade since 1988 by HS2-4-6 and CN8,A,Annual,EU27_2020,"European Union - 27 countries (AT, BE, BG, CY, CZ, DE, DK, EE, ES, FI, FR, GR, HR, HU, IE, IT, LT, LU, LV, MT, NL, PL, PT, RO, SE, SI, SK)",EXT_EU27_2020,Extra-EU27 (from 2020),854233,Electronic integrated circuits as amplifiers,2,EXPORT,QUANTITY_IN_100KG,QUANTITY_IN_100KG,2019,,4178.31,
dataflow,ESTAT:DS-045409(1.0),EU trade since 1988 by HS2-4-6 and CN8,A,Annual,EU27_2020,"European Union - 27 countries (AT, BE, BG, CY, CZ, DE, DK, EE, ES, FI, FR, GR, HR, HU, IE, IT, LT, LU, LV, MT, NL, PL, PT, RO, SE, SI, SK)",EXT_EU27_2020,Extra-EU27 (from 2020),854233,Electronic integrated circuits as amplifiers,2,EXPORT,QUANTITY_IN_100KG,QUANTITY_IN_100KG,2020,,4232.48,
dataflow,ESTAT:DS-045409(1.0),EU trade since 1988 by HS2-4-6 and CN8,A,Annual,EU27_2020,"European Union - 27 countries (AT, BE, BG, CY, CZ, DE, DK, EE, ES, FI, FR, GR, HR, HU, IE, IT, LT, LU, LV, MT, NL, PL, PT, RO, SE, SI, SK)",EXT_EU27_2020,Extra-EU27 (from 2020),854233,Electronic integrated circuits as amplifiers,2,EXPORT,QUANTITY_IN_100KG,QUANTITY_IN_100KG,2021,,3188.81,
dataflow,ESTAT:DS-045409(1.0),EU trade since 1988 by HS2-4-6 and CN8,A,Annual,EU27_2020,"European Union - 27 countries (AT, BE, BG, CY, CZ, DE, DK, EE, ES, FI, FR, GR, HR, HU, IE, IT, LT, LU, LV, MT, NL, PL, PT, RO, SE, SI, SK)",EXT_EU27_2020,Extra-EU27 (from 2020),854233,Electronic integrated circuits as amplifiers,2,EXPORT,QUANTITY_IN_100KG,QUANTITY_IN_100KG,2022,,3881.19,
dataflow,ESTAT:DS-045409(1.0),EU trade since 1988 by HS2-4-6 and CN8,A,Annual,EU27_2020,"European Union - 27 countries (AT, BE, BG, CY, CZ, DE, DK, EE, ES, FI, FR, GR, HR, HU, IE, IT, LT, LU, LV, MT, NL, PL, PT, RO, SE, SI, SK)",EXT_EU27_2020,Extra-EU27 (from 2020),854233,Electronic integrated circuits as amplifiers,2,EXPORT,QUANTITY_IN_100KG,QUANTITY_IN_100KG,2023,,3058.80,
dataflow,ESTAT:DS-045409(1.0),EU trade since 1988 by HS2-4-6 and CN8,A,Annual,EU27_2020,"European Union - 27 countries (AT, BE, BG, CY, CZ, DE, DK, EE, ES, FI, FR, GR, HR, HU, IE, IT, LT, LU, LV, MT, NL, PL, PT, RO, SE, SI, SK)",EXT_EU27_2020,Extra-EU27 (from 2020),854233,Electronic integrated circuits as amplifiers,2,EXPORT,QUANTITY_IN_100KG,QUANTITY_IN_100KG,2024,,2523.10,
dataflow,ESTAT:DS-045409(1.0),EU trade since 1988 by HS2-4-6 and CN8,A,Annual,EU27_2020,"European Union - 27 countries (AT, BE, BG, CY, CZ, DE, DK, EE, ES, FI, FR, GR, HR, HU, IE, IT, LT, LU, LV, MT, NL, PL, PT, RO, SE, SI, SK)",EXT_EU27_2020,Extra-EU27 (from 2020),854233,Electronic integrated circuits as amplifiers,2,EXPORT,QUANTITY_IN_100KG,QUANTITY_IN_100KG,2025,,2688.78,
dataflow,ESTAT:DS-045409(1.0),EU trade since 1988 by HS2-4-6 and CN8,A,Annual,EU27_2020,"European Union - 27 countries (AT, BE, BG, CY, CZ, DE, DK, EE, ES, FI, FR, GR, HR, HU, IE, IT, LT, LU, LV, MT, NL, PL, PT, RO, SE, SI, SK)",EXT_EU27_2020,Extra-EU27 (from 2020),854239,"Electronic integrated circuits (excl. such as processors, controllers, memories and amplifiers)",1,IMPORT,QUANTITY_IN_100KG,QUANTITY_IN_100KG,2007,,159069.95,
dataflow,ESTAT:DS-045409(1.0),EU trade since 1988 by HS2-4-6 and CN8,A,Annual,EU27_2020,"European Union - 27 countries (AT, BE, BG, CY, CZ, DE, DK, EE, ES, FI, FR, GR, HR, HU, IE, IT, LT, LU, LV, MT, NL, PL, PT, RO, SE, SI, SK)",EXT_EU27_2020,Extra-EU27 (from 2020),854239,"Electronic integrated circuits (excl. such as processors, controllers, memories and amplifiers)",1,IMPORT,QUANTITY_IN_100KG,QUANTITY_IN_100KG,2008,,267948.20,
dataflow,ESTAT:DS-045409(1.0),EU trade since 1988 by HS2-4-6 and CN8,A,Annual,EU27_2020,"European Union - 27 countries (AT, BE, BG, CY, CZ, DE, DK, EE, ES, FI, FR, GR, HR, HU, IE, IT, LT, LU, LV, MT, NL, PL, PT, RO, SE, SI, SK)",EXT_EU27_2020,Extra-EU27 (from 2020),854239,"Electronic integrated circuits (excl. such as processors, controllers, memories and amplifiers)",1,IMPORT,QUANTITY_IN_100KG,QUANTITY_IN_100KG,2009,,109337.27,
dataflow,ESTAT:DS-045409(1.0),EU trade since 1988 by HS2-4-6 and CN8,A,Annual,EU27_2020,"European Union - 27 countries (AT, BE, BG, CY, CZ, DE, DK, EE, ES, FI, FR, GR, HR, HU, IE, IT, LT, LU, LV, MT, NL, PL, PT, RO, SE, SI, SK)",EXT_EU27_2020,Extra-EU27 (from 2020),854239,"Electronic integrated circuits (excl. such as processors, controllers, memories and amplifiers)",1,IMPORT,QUANTITY_IN_100KG,QUANTITY_IN_100KG,2010,,119289.73,
dataflow,ESTAT:DS-045409(1.0),EU trade since 1988 by HS2-4-6 and CN8,A,Annual,EU27_2020,"European Union - 27 countries (AT, BE, BG, CY, CZ, DE, DK, EE, ES, FI, FR, GR, HR, HU, IE, IT, LT, LU, LV, MT, NL, PL, PT, RO, SE, SI, SK)",EXT_EU27_2020,Extra-EU27 (from 2020),854239,"Electronic integrated circuits (excl. such as processors, controllers, memories and amplifiers)",1,IMPORT,QUANTITY_IN_100KG,QUANTITY_IN_100KG,2011,,128812.10,
dataflow,ESTAT:DS-045409(1.0),EU trade since 1988 by HS2-4-6 and CN8,A,Annual,EU27_2020,"European Union - 27 countries (AT, BE, BG, CY, CZ, DE, DK, EE, ES, FI, FR, GR, HR, HU, IE, IT, LT, LU, LV, MT, NL, PL, PT, RO, SE, SI, SK)",EXT_EU27_2020,Extra-EU27 (from 2020),854239,"Electronic integrated circuits (excl. such as processors, controllers, memories and amplifiers)",1,IMPORT,QUANTITY_IN_100KG,QUANTITY_IN_100KG,2012,,170643.98,
dataflow,ESTAT:DS-045409(1.0),EU trade since 1988 by HS2-4-6 and CN8,A,Annual,EU27_2020,"European Union - 27 countries (AT, BE, BG, CY, CZ, DE, DK, EE, ES, FI, FR, GR, HR, HU, IE, IT, LT, LU, LV, MT, NL, PL, PT, RO, SE, SI, SK)",EXT_EU27_2020,Extra-EU27 (from 2020),854239,"Electronic integrated circuits (excl. such as processors, controllers, memories and amplifiers)",1,IMPORT,QUANTITY_IN_100KG,QUANTITY_IN_100KG,2013,,110982.07,
dataflow,ESTAT:DS-045409(1.0),EU trade since 1988 by HS2-4-6 and CN8,A,Annual,EU27_2020,"European Union - 27 countries (AT, BE, BG, CY, CZ, DE, DK, EE, ES, FI, FR, GR, HR, HU, IE, IT, LT, LU, LV, MT, NL, PL, PT, RO, SE, SI, SK)",EXT_EU27_2020,Extra-EU27 (from 2020),854239,"Electronic integrated circuits (excl. such as processors, controllers, memories and amplifiers)",1,IMPORT,QUANTITY_IN_100KG,QUANTITY_IN_100KG,2014,,139073.53,
dataflow,ESTAT:DS-045409(1.0),EU trade since 1988 by HS2-4-6 and CN8,A,Annual,EU27_2020,"European Union - 27 countries (AT, BE, BG, CY, CZ, DE, DK, EE, ES, FI, FR, GR, HR, HU, IE, IT, LT, LU, LV, MT, NL, PL, PT, RO, SE, SI, SK)",EXT_EU27_2020,Extra-EU27 (from 2020),854239,"Electronic integrated circuits (excl. such as processors, controllers, memories and amplifiers)",1,IMPORT,QUANTITY_IN_100KG,QUANTITY_IN_100KG,2015,,133524.80,
dataflow,ESTAT:DS-045409(1.0),EU trade since 1988 by HS2-4-6 and CN8,A,Annual,EU27_2020,"European Union - 27 countries (AT, BE, BG, CY, CZ, DE, DK, EE, ES, FI, FR, GR, HR, HU, IE, IT, LT, LU, LV, MT, NL, PL, PT, RO, SE, SI, SK)",EXT_EU27_2020,Extra-EU27 (from 2020),854239,"Electronic integrated circuits (excl. such as processors, controllers, memories and amplifiers)",1,IMPORT,QUANTITY_IN_100KG,QUANTITY_IN_100KG,2016,,239140.58,
dataflow,ESTAT:DS-045409(1.0),EU trade since 1988 by HS2-4-6 and CN8,A,Annual,EU27_2020,"European Union - 27 countries (AT, BE, BG, CY, CZ, DE, DK, EE, ES, FI, FR, GR, HR, HU, IE, IT, LT, LU, LV, MT, NL, PL, PT, RO, SE, SI, SK)",EXT_EU27_2020,Extra-EU27 (from 2020),854239,"Electronic integrated circuits (excl. such as processors, controllers, memories and amplifiers)",1,IMPORT,QUANTITY_IN_100KG,QUANTITY_IN_100KG,2017,,179669.52,
dataflow,ESTAT:DS-045409(1.0),EU trade since 1988 by HS2-4-6 and CN8,A,Annual,EU27_2020,"European Union - 27 countries (AT, BE, BG, CY, CZ, DE, DK, EE, ES, FI, FR, GR, HR, HU, IE, IT, LT, LU, LV, MT, NL, PL, PT, RO, SE, SI, SK)",EXT_EU27_2020,Extra-EU27 (from 2020),854239,"Electronic integrated circuits (excl. such as processors, controllers, memories and amplifiers)",1,IMPORT,QUANTITY_IN_100KG,QUANTITY_IN_100KG,2018,,221860.25,
dataflow,ESTAT:DS-045409(1.0),EU trade since 1988 by HS2-4-6 and CN8,A,Annual,EU27_2020,"European Union - 27 countries (AT, BE, BG, CY, CZ, DE, DK, EE, ES, FI, FR, GR, HR, HU, IE, IT, LT, LU, LV, MT, NL, PL, PT, RO, SE, SI, SK)",EXT_EU27_2020,Extra-EU27 (from 2020),854239,"Electronic integrated circuits (excl. such as processors, controllers, memories and amplifiers)",1,IMPORT,QUANTITY_IN_100KG,QUANTITY_IN_100KG,2019,,224632.15,
dataflow,ESTAT:DS-045409(1.0),EU trade since 1988 by HS2-4-6 and CN8,A,Annual,EU27_2020,"European Union - 27 countries (AT, BE, BG, CY, CZ, DE, DK, EE, ES, FI, FR, GR, HR, HU, IE, IT, LT, LU, LV, MT, NL, PL, PT, RO, SE, SI, SK)",EXT_EU27_2020,Extra-EU27 (from 2020),854239,"Electronic integrated circuits (excl. such as processors, controllers, memories and amplifiers)",1,IMPORT,QUANTITY_IN_100KG,QUANTITY_IN_100KG,2020,,121020.25,
dataflow,ESTAT:DS-045409(1.0),EU trade since 1988 by HS2-4-6 and CN8,A,Annual,EU27_2020,"European Union - 27 countries (AT, BE, BG, CY, CZ, DE, DK, EE, ES, FI, FR, GR, HR, HU, IE, IT, LT, LU, LV, MT, NL, PL, PT, RO, SE, SI, SK)",EXT_EU27_2020,Extra-EU27 (from 2020),854239,"Electronic integrated circuits (excl. such as processors, controllers, memories and amplifiers)",1,IMPORT,QUANTITY_IN_100KG,QUANTITY_IN_100KG,2021,,99745.74,
dataflow,ESTAT:DS-045409(1.0),EU trade since 1988 by HS2-4-6 and CN8,A,Annual,EU27_2020,"European Union - 27 countries (AT, BE, BG, CY, CZ, DE, DK, EE, ES, FI, FR, GR, HR, HU, IE, IT, LT, LU, LV, MT, NL, PL, PT, RO, SE, SI, SK)",EXT_EU27_2020,Extra-EU27 (from 2020),854239,"Electronic integrated circuits (excl. such as processors, controllers, memories and amplifiers)",1,IMPORT,QUANTITY_IN_100KG,QUANTITY_IN_100KG,2022,,108072.27,
dataflow,ESTAT:DS-045409(1.0),EU trade since 1988 by HS2-4-6 and CN8,A,Annual,EU27_2020,"European Union - 27 countries (AT, BE, BG, CY, CZ, DE, DK, EE, ES, FI, FR, GR, HR, HU, IE, IT, LT, LU, LV, MT, NL, PL, PT, RO, SE, SI, SK)",EXT_EU27_2020,Extra-EU27 (from 2020),854239,"Electronic integrated circuits (excl. such as processors, controllers, memories and amplifiers)",1,IMPORT,QUANTITY_IN_100KG,QUANTITY_IN_100KG,2023,,100906.50,
dataflow,ESTAT:DS-045409(1.0),EU trade since 1988 by HS2-4-6 and CN8,A,Annual,EU27_2020,"European Union - 27 countries (AT, BE, BG, CY, CZ, DE, DK, EE, ES, FI, FR, GR, HR, HU, IE, IT, LT, LU, LV, MT, NL, PL, PT, RO, SE, SI, SK)",EXT_EU27_2020,Extra-EU27 (from 2020),854239,"Electronic integrated circuits (excl. such as processors, controllers, memories and amplifiers)",1,IMPORT,QUANTITY_IN_100KG,QUANTITY_IN_100KG,2024,,94581.73,
dataflow,ESTAT:DS-045409(1.0),EU trade since 1988 by HS2-4-6 and CN8,A,Annual,EU27_2020,"European Union - 27 countries (AT, BE, BG, CY, CZ, DE, DK, EE, ES, FI, FR, GR, HR, HU, IE, IT, LT, LU, LV, MT, NL, PL, PT, RO, SE, SI, SK)",EXT_EU27_2020,Extra-EU27 (from 2020),854239,"Electronic integrated circuits (excl. such as processors, controllers, memories and amplifiers)",1,IMPORT,QUANTITY_IN_100KG,QUANTITY_IN_100KG,2025,,90627.42,
dataflow,ESTAT:DS-045409(1.0),EU trade since 1988 by HS2-4-6 and CN8,A,Annual,EU27_2020,"European Union - 27 countries (AT, BE, BG, CY, CZ, DE, DK, EE, ES, FI, FR, GR, HR, HU, IE, IT, LT, LU, LV, MT, NL, PL, PT, RO, SE, SI, SK)",EXT_EU27_2020,Extra-EU27 (from 2020),854239,"Electronic integrated circuits (excl. such as processors, controllers, memories and amplifiers)",2,EXPORT,QUANTITY_IN_100KG,QUANTITY_IN_100KG,2007,,50606.94,
dataflow,ESTAT:DS-045409(1.0),EU trade since 1988 by HS2-4-6 and CN8,A,Annual,EU27_2020,"European Union - 27 countries (AT, BE, BG, CY, CZ, DE, DK, EE, ES, FI, FR, GR, HR, HU, IE, IT, LT, LU, LV, MT, NL, PL, PT, RO, SE, SI, SK)",EXT_EU27_2020,Extra-EU27 (from 2020),854239,"Electronic integrated circuits (excl. such as processors, controllers, memories and amplifiers)",2,EXPORT,QUANTITY_IN_100KG,QUANTITY_IN_100KG,2008,,41877.25,
dataflow,ESTAT:DS-045409(1.0),EU trade since 1988 by HS2-4-6 and CN8,A,Annual,EU27_2020,"European Union - 27 countries (AT, BE, BG, CY, CZ, DE, DK, EE, ES, FI, FR, GR, HR, HU, IE, IT, LT, LU, LV, MT, NL, PL, PT, RO, SE, SI, SK)",EXT_EU27_2020,Extra-EU27 (from 2020),854239,"Electronic integrated circuits (excl. such as processors, controllers, memories and amplifiers)",2,EXPORT,QUANTITY_IN_100KG,QUANTITY_IN_100KG,2009,,27162.66,
dataflow,ESTAT:DS-045409(1.0),EU trade since 1988 by HS2-4-6 and CN8,A,Annual,EU27_2020,"European Union - 27 countries (AT, BE, BG, CY, CZ, DE, DK, EE, ES, FI, FR, GR, HR, HU, IE, IT, LT, LU, LV, MT, NL, PL, PT, RO, SE, SI, SK)",EXT_EU27_2020,Extra-EU27 (from 2020),854239,"Electronic integrated circuits (excl. such as processors, controllers, memories and amplifiers)",2,EXPORT,QUANTITY_IN_100KG,QUANTITY_IN_100KG,2010,,36363.20,
dataflow,ESTAT:DS-045409(1.0),EU trade since 1988 by HS2-4-6 and CN8,A,Annual,EU27_2020,"European Union - 27 countries (AT, BE, BG, CY, CZ, DE, DK, EE, ES, FI, FR, GR, HR, HU, IE, IT, LT, LU, LV, MT, NL, PL, PT, RO, SE, SI, SK)",EXT_EU27_2020,Extra-EU27 (from 2020),854239,"Electronic integrated circuits (excl. such as processors, controllers, memories and amplifiers)",2,EXPORT,QUANTITY_IN_100KG,QUANTITY_IN_100KG,2011,,36936.21,
dataflow,ESTAT:DS-045409(1.0),EU trade since 1988 by HS2-4-6 and CN8,A,Annual,EU27_2020,"European Union - 27 countries (AT, BE, BG, CY, CZ, DE, DK, EE, ES, FI, FR, GR, HR, HU, IE, IT, LT, LU, LV, MT, NL, PL, PT, RO, SE, SI, SK)",EXT_EU27_2020,Extra-EU27 (from 2020),854239,"Electronic integrated circuits (excl. such as processors, controllers, memories and amplifiers)",2,EXPORT,QUANTITY_IN_100KG,QUANTITY_IN_100KG,2012,,37681.26,
dataflow,ESTAT:DS-045409(1.0),EU trade since 1988 by HS2-4-6 and CN8,A,Annual,EU27_2020,"European Union - 27 countries (AT, BE, BG, CY, CZ, DE, DK, EE, ES, FI, FR, GR, HR, HU, IE, IT, LT, LU, LV, MT, NL, PL, PT, RO, SE, SI, SK)",EXT_EU27_2020,Extra-EU27 (from 2020),854239,"Electronic integrated circuits (excl. such as processors, controllers, memories and amplifiers)",2,EXPORT,QUANTITY_IN_100KG,QUANTITY_IN_100KG,2013,,42937.03,
dataflow,ESTAT:DS-045409(1.0),EU trade since 1988 by HS2-4-6 and CN8,A,Annual,EU27_2020,"European Union - 27 countries (AT, BE, BG, CY, CZ, DE, DK, EE, ES, FI, FR, GR, HR, HU, IE, IT, LT, LU, LV, MT, NL, PL, PT, RO, SE, SI, SK)",EXT_EU27_2020,Extra-EU27 (from 2020),854239,"Electronic integrated circuits (excl. such as processors, controllers, memories and amplifiers)",2,EXPORT,QUANTITY_IN_100KG,QUANTITY_IN_100KG,2014,,45097.29,
dataflow,ESTAT:DS-045409(1.0),EU trade since 1988 by HS2-4-6 and CN8,A,Annual,EU27_2020,"European Union - 27 countries (AT, BE, BG, CY, CZ, DE, DK, EE, ES, FI, FR, GR, HR, HU, IE, IT, LT, LU, LV, MT, NL, PL, PT, RO, SE, SI, SK)",EXT_EU27_2020,Extra-EU27 (from 2020),854239,"Electronic integrated circuits (excl. such as processors, controllers, memories and amplifiers)",2,EXPORT,QUANTITY_IN_100KG,QUANTITY_IN_100KG,2015,,40472.45,
dataflow,ESTAT:DS-045409(1.0),EU trade since 1988 by HS2-4-6 and CN8,A,Annual,EU27_2020,"European Union - 27 countries (AT, BE, BG, CY, CZ, DE, DK, EE, ES, FI, FR, GR, HR, HU, IE, IT, LT, LU, LV, MT, NL, PL, PT, RO, SE, SI, SK)",EXT_EU27_2020,Extra-EU27 (from 2020),854239,"Electronic integrated circuits (excl. such as processors, controllers, memories and amplifiers)",2,EXPORT,QUANTITY_IN_100KG,QUANTITY_IN_100KG,2016,,38079.68,
dataflow,ESTAT:DS-045409(1.0),EU trade since 1988 by HS2-4-6 and CN8,A,Annual,EU27_2020,"European Union - 27 countries (AT, BE, BG, CY, CZ, DE, DK, EE, ES, FI, FR, GR, HR, HU, IE, IT, LT, LU, LV, MT, NL, PL, PT, RO, SE, SI, SK)",EXT_EU27_2020,Extra-EU27 (from 2020),854239,"Electronic integrated circuits (excl. such as processors, controllers, memories and amplifiers)",2,EXPORT,QUANTITY_IN_100KG,QUANTITY_IN_100KG,2017,,43278.09,
dataflow,ESTAT:DS-045409(1.0),EU trade since 1988 by HS2-4-6 and CN8,A,Annual,EU27_2020,"European Union - 27 countries (AT, BE, BG, CY, CZ, DE, DK, EE, ES, FI, FR, GR, HR, HU, IE, IT, LT, LU, LV, MT, NL, PL, PT, RO, SE, SI, SK)",EXT_EU27_2020,Extra-EU27 (from 2020),854239,"Electronic integrated circuits (excl. such as processors, controllers, memories and amplifiers)",2,EXPORT,QUANTITY_IN_100KG,QUANTITY_IN_100KG,2018,,54950.95,
dataflow,ESTAT:DS-045409(1.0),EU trade since 1988 by HS2-4-6 and CN8,A,Annual,EU27_2020,"European Union - 27 countries (AT, BE, BG, CY, CZ, DE, DK, EE, ES, FI, FR, GR, HR, HU, IE, IT, LT, LU, LV, MT, NL, PL, PT, RO, SE, SI, SK)",EXT_EU27_2020,Extra-EU27 (from 2020),854239,"Electronic integrated circuits (excl. such as processors, controllers, memories and amplifiers)",2,EXPORT,QUANTITY_IN_100KG,QUANTITY_IN_100KG,2019,,49809.02,
dataflow,ESTAT:DS-045409(1.0),EU trade since 1988 by HS2-4-6 and CN8,A,Annual,EU27_2020,"European Union - 27 countries (AT, BE, BG, CY, CZ, DE, DK, EE, ES, FI, FR, GR, HR, HU, IE, IT, LT, LU, LV, MT, NL, PL, PT, RO, SE, SI, SK)",EXT_EU27_2020,Extra-EU27 (from 2020),854239,"Electronic integrated circuits (excl. such as processors, controllers, memories and amplifiers)",2,EXPORT,QUANTITY_IN_100KG,QUANTITY_IN_100KG,2020,,39239.69,
dataflow,ESTAT:DS-045409(1.0),EU trade since 1988 by HS2-4-6 and CN8,A,Annual,EU27_2020,"European Union - 27 countries (AT, BE, BG, CY, CZ, DE, DK, EE, ES, FI, FR, GR, HR, HU, IE, IT, LT, LU, LV, MT, NL, PL, PT, RO, SE, SI, SK)",EXT_EU27_2020,Extra-EU27 (from 2020),854239,"Electronic integrated circuits (excl. such as processors, controllers, memories and amplifiers)",2,EXPORT,QUANTITY_IN_100KG,QUANTITY_IN_100KG,2021,,34743.22,
dataflow,ESTAT:DS-045409(1.0),EU trade since 1988 by HS2-4-6 and CN8,A,Annual,EU27_2020,"European Union - 27 countries (AT, BE, BG, CY, CZ, DE, DK, EE, ES, FI, FR, GR, HR, HU, IE, IT, LT, LU, LV, MT, NL, PL, PT, RO, SE, SI, SK)",EXT_EU27_2020,Extra-EU27 (from 2020),854239,"Electronic integrated circuits (excl. such as processors, controllers, memories and amplifiers)",2,EXPORT,QUANTITY_IN_100KG,QUANTITY_IN_100KG,2022,,40378.01,
dataflow,ESTAT:DS-045409(1.0),EU trade since 1988 by HS2-4-6 and CN8,A,Annual,EU27_2020,"European Union - 27 countries (AT, BE, BG, CY, CZ, DE, DK, EE, ES, FI, FR, GR, HR, HU, IE, IT, LT, LU, LV, MT, NL, PL, PT, RO, SE, SI, SK)",EXT_EU27_2020,Extra-EU27 (from 2020),854239,"Electronic integrated circuits (excl. such as processors, controllers, memories and amplifiers)",2,EXPORT,QUANTITY_IN_100KG,QUANTITY_IN_100KG,2023,,41039.06,
dataflow,ESTAT:DS-045409(1.0),EU trade since 1988 by HS2-4-6 and CN8,A,Annual,EU27_2020,"European Union - 27 countries (AT, BE, BG, CY, CZ, DE, DK, EE, ES, FI, FR, GR, HR, HU, IE, IT, LT, LU, LV, MT, NL, PL, PT, RO, SE, SI, SK)",EXT_EU27_2020,Extra-EU27 (from 2020),854239,"Electronic integrated circuits (excl. such as processors, controllers, memories and amplifiers)",2,EXPORT,QUANTITY_IN_100KG,QUANTITY_IN_100KG,2024,,35597.96,
dataflow,ESTAT:DS-045409(1.0),EU trade since 1988 by HS2-4-6 and CN8,A,Annual,EU27_2020,"European Union - 27 countries (AT, BE, BG, CY, CZ, DE, DK, EE, ES, FI, FR, GR, HR, HU, IE, IT, LT, LU, LV, MT, NL, PL, PT, RO, SE, SI, SK)",EXT_EU27_2020,Extra-EU27 (from 2020),854239,"Electronic integrated circuits (excl. such as processors, controllers, memories and amplifiers)",2,EXPORT,QUANTITY_IN_100KG,QUANTITY_IN_100KG,2025,,39746.09,
dataflow,ESTAT:DS-045409(1.0),EU trade since 1988 by HS2-4-6 and CN8,A,Annual,EU27_2020,"European Union - 27 countries (AT, BE, BG, CY, CZ, DE, DK, EE, ES, FI, FR, GR, HR, HU, IE, IT, LT, LU, LV, MT, NL, PL, PT, RO, SE, SI, SK)",INT_EU27_2020,Intra-EU27 (from 2020),81129289,Unwrought gallium; gallium powders,1,IMPORT,QUANTITY_IN_100KG,QUANTITY_IN_100KG,2002,,170.07,
dataflow,ESTAT:DS-045409(1.0),EU trade since 1988 by HS2-4-6 and CN8,A,Annual,EU27_2020,"European Union - 27 countries (AT, BE, BG, CY, CZ, DE, DK, EE, ES, FI, FR, GR, HR, HU, IE, IT, LT, LU, LV, MT, NL, PL, PT, RO, SE, SI, SK)",INT_EU27_2020,Intra-EU27 (from 2020),81129289,Unwrought gallium; gallium powders,1,IMPORT,QUANTITY_IN_100KG,QUANTITY_IN_100KG,2003,,290.10,
dataflow,ESTAT:DS-045409(1.0),EU trade since 1988 by HS2-4-6 and CN8,A,Annual,EU27_2020,"European Union - 27 countries (AT, BE, BG, CY, CZ, DE, DK, EE, ES, FI, FR, GR, HR, HU, IE, IT, LT, LU, LV, MT, NL, PL, PT, RO, SE, SI, SK)",INT_EU27_2020,Intra-EU27 (from 2020),81129289,Unwrought gallium; gallium powders,1,IMPORT,QUANTITY_IN_100KG,QUANTITY_IN_100KG,2004,,257.00,
dataflow,ESTAT:DS-045409(1.0),EU trade since 1988 by HS2-4-6 and CN8,A,Annual,EU27_2020,"European Union - 27 countries (AT, BE, BG, CY, CZ, DE, DK, EE, ES, FI, FR, GR, HR, HU, IE, IT, LT, LU, LV, MT, NL, PL, PT, RO, SE, SI, SK)",INT_EU27_2020,Intra-EU27 (from 2020),81129289,Unwrought gallium; gallium powders,1,IMPORT,QUANTITY_IN_100KG,QUANTITY_IN_100KG,2005,,224.00,
dataflow,ESTAT:DS-045409(1.0),EU trade since 1988 by HS2-4-6 and CN8,A,Annual,EU27_2020,"European Union - 27 countries (AT, BE, BG, CY, CZ, DE, DK, EE, ES, FI, FR, GR, HR, HU, IE, IT, LT, LU, LV, MT, NL, PL, PT, RO, SE, SI, SK)",INT_EU27_2020,Intra-EU27 (from 2020),81129289,Unwrought gallium; gallium powders,1,IMPORT,QUANTITY_IN_100KG,QUANTITY_IN_100KG,2006,,294.00,
dataflow,ESTAT:DS-045409(1.0),EU trade since 1988 by HS2-4-6 and CN8,A,Annual,EU27_2020,"European Union - 27 countries (AT, BE, BG, CY, CZ, DE, DK, EE, ES, FI, FR, GR, HR, HU, IE, IT, LT, LU, LV, MT, NL, PL, PT, RO, SE, SI, SK)",INT_EU27_2020,Intra-EU27 (from 2020),81129289,Unwrought gallium; gallium powders,1,IMPORT,QUANTITY_IN_100KG,QUANTITY_IN_100KG,2007,,160.00,
dataflow,ESTAT:DS-045409(1.0),EU trade since 1988 by HS2-4-6 and CN8,A,Annual,EU27_2020,"European Union - 27 countries (AT, BE, BG, CY, CZ, DE, DK, EE, ES, FI, FR, GR, HR, HU, IE, IT, LT, LU, LV, MT, NL, PL, PT, RO, SE, SI, SK)",INT_EU27_2020,Intra-EU27 (from 2020),81129289,Unwrought gallium; gallium powders,1,IMPORT,QUANTITY_IN_100KG,QUANTITY_IN_100KG,2008,,134.00,
dataflow,ESTAT:DS-045409(1.0),EU trade since 1988 by HS2-4-6 and CN8,A,Annual,EU27_2020,"European Union - 27 countries (AT, BE, BG, CY, CZ, DE, DK, EE, ES, FI, FR, GR, HR, HU, IE, IT, LT, LU, LV, MT, NL, PL, PT, RO, SE, SI, SK)",INT_EU27_2020,Intra-EU27 (from 2020),81129289,Unwrought gallium; gallium powders,1,IMPORT,QUANTITY_IN_100KG,QUANTITY_IN_100KG,2009,,425.00,
dataflow,ESTAT:DS-045409(1.0),EU trade since 1988 by HS2-4-6 and CN8,A,Annual,EU27_2020,"European Union - 27 countries (AT, BE, BG, CY, CZ, DE, DK, EE, ES, FI, FR, GR, HR, HU, IE, IT, LT, LU, LV, MT, NL, PL, PT, RO, SE, SI, SK)",INT_EU27_2020,Intra-EU27 (from 2020),81129289,Unwrought gallium; gallium powders,1,IMPORT,QUANTITY_IN_100KG,QUANTITY_IN_100KG,2010,,215.42,
dataflow,ESTAT:DS-045409(1.0),EU trade since 1988 by HS2-4-6 and CN8,A,Annual,EU27_2020,"European Union - 27 countries (AT, BE, BG, CY, CZ, DE, DK, EE, ES, FI, FR, GR, HR, HU, IE, IT, LT, LU, LV, MT, NL, PL, PT, RO, SE, SI, SK)",INT_EU27_2020,Intra-EU27 (from 2020),81129289,Unwrought gallium; gallium powders,1,IMPORT,QUANTITY_IN_100KG,QUANTITY_IN_100KG,2011,,151.80,
dataflow,ESTAT:DS-045409(1.0),EU trade since 1988 by HS2-4-6 and CN8,A,Annual,EU27_2020,"European Union - 27 countries (AT, BE, BG, CY, CZ, DE, DK, EE, ES, FI, FR, GR, HR, HU, IE, IT, LT, LU, LV, MT, NL, PL, PT, RO, SE, SI, SK)",INT_EU27_2020,Intra-EU27 (from 2020),81129289,Unwrought gallium; gallium powders,1,IMPORT,QUANTITY_IN_100KG,QUANTITY_IN_100KG,2012,,137.38,
dataflow,ESTAT:DS-045409(1.0),EU trade since 1988 by HS2-4-6 and CN8,A,Annual,EU27_2020,"European Union - 27 countries (AT, BE, BG, CY, CZ, DE, DK, EE, ES, FI, FR, GR, HR, HU, IE, IT, LT, LU, LV, MT, NL, PL, PT, RO, SE, SI, SK)",INT_EU27_2020,Intra-EU27 (from 2020),81129289,Unwrought gallium; gallium powders,1,IMPORT,QUANTITY_IN_100KG,QUANTITY_IN_100KG,2013,,320.22,
dataflow,ESTAT:DS-045409(1.0),EU trade since 1988 by HS2-4-6 and CN8,A,Annual,EU27_2020,"European Union - 27 countries (AT, BE, BG, CY, CZ, DE, DK, EE, ES, FI, FR, GR, HR, HU, IE, IT, LT, LU, LV, MT, NL, PL, PT, RO, SE, SI, SK)",INT_EU27_2020,Intra-EU27 (from 2020),81129289,Unwrought gallium; gallium powders,1,IMPORT,QUANTITY_IN_100KG,QUANTITY_IN_100KG,2014,,103.62,
dataflow,ESTAT:DS-045409(1.0),EU trade since 1988 by HS2-4-6 and CN8,A,Annual,EU27_2020,"European Union - 27 countries (AT, BE, BG, CY, CZ, DE, DK, EE, ES, FI, FR, GR, HR, HU, IE, IT, LT, LU, LV, MT, NL, PL, PT, RO, SE, SI, SK)",INT_EU27_2020,Intra-EU27 (from 2020),81129289,Unwrought gallium; gallium powders,1,IMPORT,QUANTITY_IN_100KG,QUANTITY_IN_100KG,2015,,126.50,
dataflow,ESTAT:DS-045409(1.0),EU trade since 1988 by HS2-4-6 and CN8,A,Annual,EU27_2020,"European Union - 27 countries (AT, BE, BG, CY, CZ, DE, DK, EE, ES, FI, FR, GR, HR, HU, IE, IT, LT, LU, LV, MT, NL, PL, PT, RO, SE, SI, SK)",INT_EU27_2020,Intra-EU27 (from 2020),81129289,Unwrought gallium; gallium powders,1,IMPORT,QUANTITY_IN_100KG,QUANTITY_IN_100KG,2016,,148.73,
dataflow,ESTAT:DS-045409(1.0),EU trade since 1988 by HS2-4-6 and CN8,A,Annual,EU27_2020,"European Union - 27 countries (AT, BE, BG, CY, CZ, DE, DK, EE, ES, FI, FR, GR, HR, HU, IE, IT, LT, LU, LV, MT, NL, PL, PT, RO, SE, SI, SK)",INT_EU27_2020,Intra-EU27 (from 2020),81129289,Unwrought gallium; gallium powders,1,IMPORT,QUANTITY_IN_100KG,QUANTITY_IN_100KG,2017,,194.92,
dataflow,ESTAT:DS-045409(1.0),EU trade since 1988 by HS2-4-6 and CN8,A,Annual,EU27_2020,"European Union - 27 countries (AT, BE, BG, CY, CZ, DE, DK, EE, ES, FI, FR, GR, HR, HU, IE, IT, LT, LU, LV, MT, NL, PL, PT, RO, SE, SI, SK)",INT_EU27_2020,Intra-EU27 (from 2020),81129289,Unwrought gallium; gallium powders,1,IMPORT,QUANTITY_IN_100KG,QUANTITY_IN_100KG,2018,,170.62,
dataflow,ESTAT:DS-045409(1.0),EU trade since 1988 by HS2-4-6 and CN8,A,Annual,EU27_2020,"European Union - 27 countries (AT, BE, BG, CY, CZ, DE, DK, EE, ES, FI, FR, GR, HR, HU, IE, IT, LT, LU, LV, MT, NL, PL, PT, RO, SE, SI, SK)",INT_EU27_2020,Intra-EU27 (from 2020),81129289,Unwrought gallium; gallium powders,1,IMPORT,QUANTITY_IN_100KG,QUANTITY_IN_100KG,2019,,140.36,
dataflow,ESTAT:DS-045409(1.0),EU trade since 1988 by HS2-4-6 and CN8,A,Annual,EU27_2020,"European Union - 27 countries (AT, BE, BG, CY, CZ, DE, DK, EE, ES, FI, FR, GR, HR, HU, IE, IT, LT, LU, LV, MT, NL, PL, PT, RO, SE, SI, SK)",INT_EU27_2020,Intra-EU27 (from 2020),81129289,Unwrought gallium; gallium powders,1,IMPORT,QUANTITY_IN_100KG,QUANTITY_IN_100KG,2020,,191.25,
dataflow,ESTAT:DS-045409(1.0),EU trade since 1988 by HS2-4-6 and CN8,A,Annual,EU27_2020,"European Union - 27 countries (AT, BE, BG, CY, CZ, DE, DK, EE, ES, FI, FR, GR, HR, HU, IE, IT, LT, LU, LV, MT, NL, PL, PT, RO, SE, SI, SK)",INT_EU27_2020,Intra-EU27 (from 2020),81129289,Unwrought gallium; gallium powders,1,IMPORT,QUANTITY_IN_100KG,QUANTITY_IN_100KG,2021,,236.69,
dataflow,ESTAT:DS-045409(1.0),EU trade since 1988 by HS2-4-6 and CN8,A,Annual,EU27_2020,"European Union - 27 countries (AT, BE, BG, CY, CZ, DE, DK, EE, ES, FI, FR, GR, HR, HU, IE, IT, LT, LU, LV, MT, NL, PL, PT, RO, SE, SI, SK)",INT_EU27_2020,Intra-EU27 (from 2020),81129289,Unwrought gallium; gallium powders,1,IMPORT,QUANTITY_IN_100KG,QUANTITY_IN_100KG,2022,,326.37,
dataflow,ESTAT:DS-045409(1.0),EU trade since 1988 by HS2-4-6 and CN8,A,Annual,EU27_2020,"European Union - 27 countries (AT, BE, BG, CY, CZ, DE, DK, EE, ES, FI, FR, GR, HR, HU, IE, IT, LT, LU, LV, MT, NL, PL, PT, RO, SE, SI, SK)",INT_EU27_2020,Intra-EU27 (from 2020),81129289,Unwrought gallium; gallium powders,1,IMPORT,QUANTITY_IN_100KG,QUANTITY_IN_100KG,2023,,244.56,
dataflow,ESTAT:DS-045409(1.0),EU trade since 1988 by HS2-4-6 and CN8,A,Annual,EU27_2020,"European Union - 27 countries (AT, BE, BG, CY, CZ, DE, DK, EE, ES, FI, FR, GR, HR, HU, IE, IT, LT, LU, LV, MT, NL, PL, PT, RO, SE, SI, SK)",INT_EU27_2020,Intra-EU27 (from 2020),81129289,Unwrought gallium; gallium powders,1,IMPORT,QUANTITY_IN_100KG,QUANTITY_IN_100KG,2024,,189.80,
dataflow,ESTAT:DS-045409(1.0),EU trade since 1988 by HS2-4-6 and CN8,A,Annual,EU27_2020,"European Union - 27 countries (AT, BE, BG, CY, CZ, DE, DK, EE, ES, FI, FR, GR, HR, HU, IE, IT, LT, LU, LV, MT, NL, PL, PT, RO, SE, SI, SK)",INT_EU27_2020,Intra-EU27 (from 2020),81129289,Unwrought gallium; gallium powders,1,IMPORT,QUANTITY_IN_100KG,QUANTITY_IN_100KG,2025,,215.31,
dataflow,ESTAT:DS-045409(1.0),EU trade since 1988 by HS2-4-6 and CN8,A,Annual,EU27_2020,"European Union - 27 countries (AT, BE, BG, CY, CZ, DE, DK, EE, ES, FI, FR, GR, HR, HU, IE, IT, LT, LU, LV, MT, NL, PL, PT, RO, SE, SI, SK)",INT_EU27_2020,Intra-EU27 (from 2020),81129289,Unwrought gallium; gallium powders,2,EXPORT,QUANTITY_IN_100KG,QUANTITY_IN_100KG,2002,,233.01,
dataflow,ESTAT:DS-045409(1.0),EU trade since 1988 by HS2-4-6 and CN8,A,Annual,EU27_2020,"European Union - 27 countries (AT, BE, BG, CY, CZ, DE, DK, EE, ES, FI, FR, GR, HR, HU, IE, IT, LT, LU, LV, MT, NL, PL, PT, RO, SE, SI, SK)",INT_EU27_2020,Intra-EU27 (from 2020),81129289,Unwrought gallium; gallium powders,2,EXPORT,QUANTITY_IN_100KG,QUANTITY_IN_100KG,2003,,299.00,
dataflow,ESTAT:DS-045409(1.0),EU trade since 1988 by HS2-4-6 and CN8,A,Annual,EU27_2020,"European Union - 27 countries (AT, BE, BG, CY, CZ, DE, DK, EE, ES, FI, FR, GR, HR, HU, IE, IT, LT, LU, LV, MT, NL, PL, PT, RO, SE, SI, SK)",INT_EU27_2020,Intra-EU27 (from 2020),81129289,Unwrought gallium; gallium powders,2,EXPORT,QUANTITY_IN_100KG,QUANTITY_IN_100KG,2004,,277.00,
dataflow,ESTAT:DS-045409(1.0),EU trade since 1988 by HS2-4-6 and CN8,A,Annual,EU27_2020,"European Union - 27 countries (AT, BE, BG, CY, CZ, DE, DK, EE, ES, FI, FR, GR, HR, HU, IE, IT, LT, LU, LV, MT, NL, PL, PT, RO, SE, SI, SK)",INT_EU27_2020,Intra-EU27 (from 2020),81129289,Unwrought gallium; gallium powders,2,EXPORT,QUANTITY_IN_100KG,QUANTITY_IN_100KG,2005,,168.00,
dataflow,ESTAT:DS-045409(1.0),EU trade since 1988 by HS2-4-6 and CN8,A,Annual,EU27_2020,"European Union - 27 countries (AT, BE, BG, CY, CZ, DE, DK, EE, ES, FI, FR, GR, HR, HU, IE, IT, LT, LU, LV, MT, NL, PL, PT, RO, SE, SI, SK)",INT_EU27_2020,Intra-EU27 (from 2020),81129289,Unwrought gallium; gallium powders,2,EXPORT,QUANTITY_IN_100KG,QUANTITY_IN_100KG,2006,,316.00,
dataflow,ESTAT:DS-045409(1.0),EU trade since 1988 by HS2-4-6 and CN8,A,Annual,EU27_2020,"European Union - 27 countries (AT, BE, BG, CY, CZ, DE, DK, EE, ES, FI, FR, GR, HR, HU, IE, IT, LT, LU, LV, MT, NL, PL, PT, RO, SE, SI, SK)",INT_EU27_2020,Intra-EU27 (from 2020),81129289,Unwrought gallium; gallium powders,2,EXPORT,QUANTITY_IN_100KG,QUANTITY_IN_100KG,2007,,121.00,
dataflow,ESTAT:DS-045409(1.0),EU trade since 1988 by HS2-4-6 and CN8,A,Annual,EU27_2020,"European Union - 27 countries (AT, BE, BG, CY, CZ, DE, DK, EE, ES, FI, FR, GR, HR, HU, IE, IT, LT, LU, LV, MT, NL, PL, PT, RO, SE, SI, SK)",INT_EU27_2020,Intra-EU27 (from 2020),81129289,Unwrought gallium; gallium powders,2,EXPORT,QUANTITY_IN_100KG,QUANTITY_IN_100KG,2008,,153.00,
dataflow,ESTAT:DS-045409(1.0),EU trade since 1988 by HS2-4-6 and CN8,A,Annual,EU27_2020,"European Union - 27 countries (AT, BE, BG, CY, CZ, DE, DK, EE, ES, FI, FR, GR, HR, HU, IE, IT, LT, LU, LV, MT, NL, PL, PT, RO, SE, SI, SK)",INT_EU27_2020,Intra-EU27 (from 2020),81129289,Unwrought gallium; gallium powders,2,EXPORT,QUANTITY_IN_100KG,QUANTITY_IN_100KG,2009,,292.00,
dataflow,ESTAT:DS-045409(1.0),EU trade since 1988 by HS2-4-6 and CN8,A,Annual,EU27_2020,"European Union - 27 countries (AT, BE, BG, CY, CZ, DE, DK, EE, ES, FI, FR, GR, HR, HU, IE, IT, LT, LU, LV, MT, NL, PL, PT, RO, SE, SI, SK)",INT_EU27_2020,Intra-EU27 (from 2020),81129289,Unwrought gallium; gallium powders,2,EXPORT,QUANTITY_IN_100KG,QUANTITY_IN_100KG,2010,,57.42,
dataflow,ESTAT:DS-045409(1.0),EU trade since 1988 by HS2-4-6 and CN8,A,Annual,EU27_2020,"European Union - 27 countries (AT, BE, BG, CY, CZ, DE, DK, EE, ES, FI, FR, GR, HR, HU, IE, IT, LT, LU, LV, MT, NL, PL, PT, RO, SE, SI, SK)",INT_EU27_2020,Intra-EU27 (from 2020),81129289,Unwrought gallium; gallium powders,2,EXPORT,QUANTITY_IN_100KG,QUANTITY_IN_100KG,2011,,114.06,
dataflow,ESTAT:DS-045409(1.0),EU trade since 1988 by HS2-4-6 and CN8,A,Annual,EU27_2020,"European Union - 27 countries (AT, BE, BG, CY, CZ, DE, DK, EE, ES, FI, FR, GR, HR, HU, IE, IT, LT, LU, LV, MT, NL, PL, PT, RO, SE, SI, SK)",INT_EU27_2020,Intra-EU27 (from 2020),81129289,Unwrought gallium; gallium powders,2,EXPORT,QUANTITY_IN_100KG,QUANTITY_IN_100KG,2012,,26.22,
dataflow,ESTAT:DS-045409(1.0),EU trade since 1988 by HS2-4-6 and CN8,A,Annual,EU27_2020,"European Union - 27 countries (AT, BE, BG, CY, CZ, DE, DK, EE, ES, FI, FR, GR, HR, HU, IE, IT, LT, LU, LV, MT, NL, PL, PT, RO, SE, SI, SK)",INT_EU27_2020,Intra-EU27 (from 2020),81129289,Unwrought gallium; gallium powders,2,EXPORT,QUANTITY_IN_100KG,QUANTITY_IN_100KG,2013,,73.81,
dataflow,ESTAT:DS-045409(1.0),EU trade since 1988 by HS2-4-6 and CN8,A,Annual,EU27_2020,"European Union - 27 countries (AT, BE, BG, CY, CZ, DE, DK, EE, ES, FI, FR, GR, HR, HU, IE, IT, LT, LU, LV, MT, NL, PL, PT, RO, SE, SI, SK)",INT_EU27_2020,Intra-EU27 (from 2020),81129289,Unwrought gallium; gallium powders,2,EXPORT,QUANTITY_IN_100KG,QUANTITY_IN_100KG,2014,,10.45,
dataflow,ESTAT:DS-045409(1.0),EU trade since 1988 by HS2-4-6 and CN8,A,Annual,EU27_2020,"European Union - 27 countries (AT, BE, BG, CY, CZ, DE, DK, EE, ES, FI, FR, GR, HR, HU, IE, IT, LT, LU, LV, MT, NL, PL, PT, RO, SE, SI, SK)",INT_EU27_2020,Intra-EU27 (from 2020),81129289,Unwrought gallium; gallium powders,2,EXPORT,QUANTITY_IN_100KG,QUANTITY_IN_100KG,2015,,38.35,
dataflow,ESTAT:DS-045409(1.0),EU trade since 1988 by HS2-4-6 and CN8,A,Annual,EU27_2020,"European Union - 27 countries (AT, BE, BG, CY, CZ, DE, DK, EE, ES, FI, FR, GR, HR, HU, IE, IT, LT, LU, LV, MT, NL, PL, PT, RO, SE, SI, SK)",INT_EU27_2020,Intra-EU27 (from 2020),81129289,Unwrought gallium; gallium powders,2,EXPORT,QUANTITY_IN_100KG,QUANTITY_IN_100KG,2016,,84.65,
dataflow,ESTAT:DS-045409(1.0),EU trade since 1988 by HS2-4-6 and CN8,A,Annual,EU27_2020,"European Union - 27 countries (AT, BE, BG, CY, CZ, DE, DK, EE, ES, FI, FR, GR, HR, HU, IE, IT, LT, LU, LV, MT, NL, PL, PT, RO, SE, SI, SK)",INT_EU27_2020,Intra-EU27 (from 2020),81129289,Unwrought gallium; gallium powders,2,EXPORT,QUANTITY_IN_100KG,QUANTITY_IN_100KG,2017,,286.21,
dataflow,ESTAT:DS-045409(1.0),EU trade since 1988 by HS2-4-6 and CN8,A,Annual,EU27_2020,"European Union - 27 countries (AT, BE, BG, CY, CZ, DE, DK, EE, ES, FI, FR, GR, HR, HU, IE, IT, LT, LU, LV, MT, NL, PL, PT, RO, SE, SI, SK)",INT_EU27_2020,Intra-EU27 (from 2020),81129289,Unwrought gallium; gallium powders,2,EXPORT,QUANTITY_IN_100KG,QUANTITY_IN_100KG,2018,,268.18,
dataflow,ESTAT:DS-045409(1.0),EU trade since 1988 by HS2-4-6 and CN8,A,Annual,EU27_2020,"European Union - 27 countries (AT, BE, BG, CY, CZ, DE, DK, EE, ES, FI, FR, GR, HR, HU, IE, IT, LT, LU, LV, MT, NL, PL, PT, RO, SE, SI, SK)",INT_EU27_2020,Intra-EU27 (from 2020),81129289,Unwrought gallium; gallium powders,2,EXPORT,QUANTITY_IN_100KG,QUANTITY_IN_100KG,2019,,94.61,
dataflow,ESTAT:DS-045409(1.0),EU trade since 1988 by HS2-4-6 and CN8,A,Annual,EU27_2020,"European Union - 27 countries (AT, BE, BG, CY, CZ, DE, DK, EE, ES, FI, FR, GR, HR, HU, IE, IT, LT, LU, LV, MT, NL, PL, PT, RO, SE, SI, SK)",INT_EU27_2020,Intra-EU27 (from 2020),81129289,Unwrought gallium; gallium powders,2,EXPORT,QUANTITY_IN_100KG,QUANTITY_IN_100KG,2020,,143.72,
dataflow,ESTAT:DS-045409(1.0),EU trade since 1988 by HS2-4-6 and CN8,A,Annual,EU27_2020,"European Union - 27 countries (AT, BE, BG, CY, CZ, DE, DK, EE, ES, FI, FR, GR, HR, HU, IE, IT, LT, LU, LV, MT, NL, PL, PT, RO, SE, SI, SK)",INT_EU27_2020,Intra-EU27 (from 2020),81129289,Unwrought gallium; gallium powders,2,EXPORT,QUANTITY_IN_100KG,QUANTITY_IN_100KG,2021,,155.58,
dataflow,ESTAT:DS-045409(1.0),EU trade since 1988 by HS2-4-6 and CN8,A,Annual,EU27_2020,"European Union - 27 countries (AT, BE, BG, CY, CZ, DE, DK, EE, ES, FI, FR, GR, HR, HU, IE, IT, LT, LU, LV, MT, NL, PL, PT, RO, SE, SI, SK)",INT_EU27_2020,Intra-EU27 (from 2020),81129289,Unwrought gallium; gallium powders,2,EXPORT,QUANTITY_IN_100KG,QUANTITY_IN_100KG,2022,,231.68,
dataflow,ESTAT:DS-045409(1.0),EU trade since 1988 by HS2-4-6 and CN8,A,Annual,EU27_2020,"European Union - 27 countries (AT, BE, BG, CY, CZ, DE, DK, EE, ES, FI, FR, GR, HR, HU, IE, IT, LT, LU, LV, MT, NL, PL, PT, RO, SE, SI, SK)",INT_EU27_2020,Intra-EU27 (from 2020),81129289,Unwrought gallium; gallium powders,2,EXPORT,QUANTITY_IN_100KG,QUANTITY_IN_100KG,2023,,127.87,
dataflow,ESTAT:DS-045409(1.0),EU trade since 1988 by HS2-4-6 and CN8,A,Annual,EU27_2020,"European Union - 27 countries (AT, BE, BG, CY, CZ, DE, DK, EE, ES, FI, FR, GR, HR, HU, IE, IT, LT, LU, LV, MT, NL, PL, PT, RO, SE, SI, SK)",INT_EU27_2020,Intra-EU27 (from 2020),81129289,Unwrought gallium; gallium powders,2,EXPORT,QUANTITY_IN_100KG,QUANTITY_IN_100KG,2024,,52.87,
dataflow,ESTAT:DS-045409(1.0),EU trade since 1988 by HS2-4-6 and CN8,A,Annual,EU27_2020,"European Union - 27 countries (AT, BE, BG, CY, CZ, DE, DK, EE, ES, FI, FR, GR, HR, HU, IE, IT, LT, LU, LV, MT, NL, PL, PT, RO, SE, SI, SK)",INT_EU27_2020,Intra-EU27 (from 2020),81129289,Unwrought gallium; gallium powders,2,EXPORT,QUANTITY_IN_100KG,QUANTITY_IN_100KG,2025,,47.48,
dataflow,ESTAT:DS-045409(1.0),EU trade since 1988 by HS2-4-6 and CN8,A,Annual,EU27_2020,"European Union - 27 countries (AT, BE, BG, CY, CZ, DE, DK, EE, ES, FI, FR, GR, HR, HU, IE, IT, LT, LU, LV, MT, NL, PL, PT, RO, SE, SI, SK)",INT_EU27_2020,Intra-EU27 (from 2020),853950,"Light-emitting diode ""LED"" lamps",1,IMPORT,QUANTITY_IN_100KG,QUANTITY_IN_100KG,2017,,226869.35,
dataflow,ESTAT:DS-045409(1.0),EU trade since 1988 by HS2-4-6 and CN8,A,Annual,EU27_2020,"European Union - 27 countries (AT, BE, BG, CY, CZ, DE, DK, EE, ES, FI, FR, GR, HR, HU, IE, IT, LT, LU, LV, MT, NL, PL, PT, RO, SE, SI, SK)",INT_EU27_2020,Intra-EU27 (from 2020),853950,"Light-emitting diode ""LED"" lamps",1,IMPORT,QUANTITY_IN_100KG,QUANTITY_IN_100KG,2018,,263619.21,
dataflow,ESTAT:DS-045409(1.0),EU trade since 1988 by HS2-4-6 and CN8,A,Annual,EU27_2020,"European Union - 27 countries (AT, BE, BG, CY, CZ, DE, DK, EE, ES, FI, FR, GR, HR, HU, IE, IT, LT, LU, LV, MT, NL, PL, PT, RO, SE, SI, SK)",INT_EU27_2020,Intra-EU27 (from 2020),853950,"Light-emitting diode ""LED"" lamps",1,IMPORT,QUANTITY_IN_100KG,QUANTITY_IN_100KG,2019,,274473.19,
dataflow,ESTAT:DS-045409(1.0),EU trade since 1988 by HS2-4-6 and CN8,A,Annual,EU27_2020,"European Union - 27 countries (AT, BE, BG, CY, CZ, DE, DK, EE, ES, FI, FR, GR, HR, HU, IE, IT, LT, LU, LV, MT, NL, PL, PT, RO, SE, SI, SK)",INT_EU27_2020,Intra-EU27 (from 2020),853950,"Light-emitting diode ""LED"" lamps",1,IMPORT,QUANTITY_IN_100KG,QUANTITY_IN_100KG,2020,,273038.75,
dataflow,ESTAT:DS-045409(1.0),EU trade since 1988 by HS2-4-6 and CN8,A,Annual,EU27_2020,"European Union - 27 countries (AT, BE, BG, CY, CZ, DE, DK, EE, ES, FI, FR, GR, HR, HU, IE, IT, LT, LU, LV, MT, NL, PL, PT, RO, SE, SI, SK)",INT_EU27_2020,Intra-EU27 (from 2020),853950,"Light-emitting diode ""LED"" lamps",1,IMPORT,QUANTITY_IN_100KG,QUANTITY_IN_100KG,2021,,340506.80,
dataflow,ESTAT:DS-045409(1.0),EU trade since 1988 by HS2-4-6 and CN8,A,Annual,EU27_2020,"European Union - 27 countries (AT, BE, BG, CY, CZ, DE, DK, EE, ES, FI, FR, GR, HR, HU, IE, IT, LT, LU, LV, MT, NL, PL, PT, RO, SE, SI, SK)",INT_EU27_2020,Intra-EU27 (from 2020),853950,"Light-emitting diode ""LED"" lamps",2,EXPORT,QUANTITY_IN_100KG,QUANTITY_IN_100KG,2017,,194719.33,
dataflow,ESTAT:DS-045409(1.0),EU trade since 1988 by HS2-4-6 and CN8,A,Annual,EU27_2020,"European Union - 27 countries (AT, BE, BG, CY, CZ, DE, DK, EE, ES, FI, FR, GR, HR, HU, IE, IT, LT, LU, LV, MT, NL, PL, PT, RO, SE, SI, SK)",INT_EU27_2020,Intra-EU27 (from 2020),853950,"Light-emitting diode ""LED"" lamps",2,EXPORT,QUANTITY_IN_100KG,QUANTITY_IN_100KG,2018,,241991.57,
dataflow,ESTAT:DS-045409(1.0),EU trade since 1988 by HS2-4-6 and CN8,A,Annual,EU27_2020,"European Union - 27 countries (AT, BE, BG, CY, CZ, DE, DK, EE, ES, FI, FR, GR, HR, HU, IE, IT, LT, LU, LV, MT, NL, PL, PT, RO, SE, SI, SK)",INT_EU27_2020,Intra-EU27 (from 2020),853950,"Light-emitting diode ""LED"" lamps",2,EXPORT,QUANTITY_IN_100KG,QUANTITY_IN_100KG,2019,,283712.68,
dataflow,ESTAT:DS-045409(1.0),EU trade since 1988 by HS2-4-6 and CN8,A,Annual,EU27_2020,"European Union - 27 countries (AT, BE, BG, CY, CZ, DE, DK, EE, ES, FI, FR, GR, HR, HU, IE, IT, LT, LU, LV, MT, NL, PL, PT, RO, SE, SI, SK)",INT_EU27_2020,Intra-EU27 (from 2020),853950,"Light-emitting diode ""LED"" lamps",2,EXPORT,QUANTITY_IN_100KG,QUANTITY_IN_100KG,2020,,356725.33,
dataflow,ESTAT:DS-045409(1.0),EU trade since 1988 by HS2-4-6 and CN8,A,Annual,EU27_2020,"European Union - 27 countries (AT, BE, BG, CY, CZ, DE, DK, EE, ES, FI, FR, GR, HR, HU, IE, IT, LT, LU, LV, MT, NL, PL, PT, RO, SE, SI, SK)",INT_EU27_2020,Intra-EU27 (from 2020),853950,"Light-emitting diode ""LED"" lamps",2,EXPORT,QUANTITY_IN_100KG,QUANTITY_IN_100KG,2021,,359084.88,
dataflow,ESTAT:DS-045409(1.0),EU trade since 1988 by HS2-4-6 and CN8,A,Annual,EU27_2020,"European Union - 27 countries (AT, BE, BG, CY, CZ, DE, DK, EE, ES, FI, FR, GR, HR, HU, IE, IT, LT, LU, LV, MT, NL, PL, PT, RO, SE, SI, SK)",INT_EU27_2020,Intra-EU27 (from 2020),853951,"Light-emitting diode ""LED"" light source modules",1,IMPORT,QUANTITY_IN_100KG,QUANTITY_IN_100KG,2022,,268815.12,
dataflow,ESTAT:DS-045409(1.0),EU trade since 1988 by HS2-4-6 and CN8,A,Annual,EU27_2020,"European Union - 27 countries (AT, BE, BG, CY, CZ, DE, DK, EE, ES, FI, FR, GR, HR, HU, IE, IT, LT, LU, LV, MT, NL, PL, PT, RO, SE, SI, SK)",INT_EU27_2020,Intra-EU27 (from 2020),853951,"Light-emitting diode ""LED"" light source modules",1,IMPORT,QUANTITY_IN_100KG,QUANTITY_IN_100KG,2023,,134946.52,
dataflow,ESTAT:DS-045409(1.0),EU trade since 1988 by HS2-4-6 and CN8,A,Annual,EU27_2020,"European Union - 27 countries (AT, BE, BG, CY, CZ, DE, DK, EE, ES, FI, FR, GR, HR, HU, IE, IT, LT, LU, LV, MT, NL, PL, PT, RO, SE, SI, SK)",INT_EU27_2020,Intra-EU27 (from 2020),853951,"Light-emitting diode ""LED"" light source modules",1,IMPORT,QUANTITY_IN_100KG,QUANTITY_IN_100KG,2024,,112803.43,
dataflow,ESTAT:DS-045409(1.0),EU trade since 1988 by HS2-4-6 and CN8,A,Annual,EU27_2020,"European Union - 27 countries (AT, BE, BG, CY, CZ, DE, DK, EE, ES, FI, FR, GR, HR, HU, IE, IT, LT, LU, LV, MT, NL, PL, PT, RO, SE, SI, SK)",INT_EU27_2020,Intra-EU27 (from 2020),853951,"Light-emitting diode ""LED"" light source modules",1,IMPORT,QUANTITY_IN_100KG,QUANTITY_IN_100KG,2025,,87999.06,
dataflow,ESTAT:DS-045409(1.0),EU trade since 1988 by HS2-4-6 and CN8,A,Annual,EU27_2020,"European Union - 27 countries (AT, BE, BG, CY, CZ, DE, DK, EE, ES, FI, FR, GR, HR, HU, IE, IT, LT, LU, LV, MT, NL, PL, PT, RO, SE, SI, SK)",INT_EU27_2020,Intra-EU27 (from 2020),853951,"Light-emitting diode ""LED"" light source modules",2,EXPORT,QUANTITY_IN_100KG,QUANTITY_IN_100KG,2022,,113019.35,
dataflow,ESTAT:DS-045409(1.0),EU trade since 1988 by HS2-4-6 and CN8,A,Annual,EU27_2020,"European Union - 27 countries (AT, BE, BG, CY, CZ, DE, DK, EE, ES, FI, FR, GR, HR, HU, IE, IT, LT, LU, LV, MT, NL, PL, PT, RO, SE, SI, SK)",INT_EU27_2020,Intra-EU27 (from 2020),853951,"Light-emitting diode ""LED"" light source modules",2,EXPORT,QUANTITY_IN_100KG,QUANTITY_IN_100KG,2023,,90166.14,
dataflow,ESTAT:DS-045409(1.0),EU trade since 1988 by HS2-4-6 and CN8,A,Annual,EU27_2020,"European Union - 27 countries (AT, BE, BG, CY, CZ, DE, DK, EE, ES, FI, FR, GR, HR, HU, IE, IT, LT, LU, LV, MT, NL, PL, PT, RO, SE, SI, SK)",INT_EU27_2020,Intra-EU27 (from 2020),853951,"Light-emitting diode ""LED"" light source modules",2,EXPORT,QUANTITY_IN_100KG,QUANTITY_IN_100KG,2024,,104931.03,
dataflow,ESTAT:DS-045409(1.0),EU trade since 1988 by HS2-4-6 and CN8,A,Annual,EU27_2020,"European Union - 27 countries (AT, BE, BG, CY, CZ, DE, DK, EE, ES, FI, FR, GR, HR, HU, IE, IT, LT, LU, LV, MT, NL, PL, PT, RO, SE, SI, SK)",INT_EU27_2020,Intra-EU27 (from 2020),853951,"Light-emitting diode ""LED"" light source modules",2,EXPORT,QUANTITY_IN_100KG,QUANTITY_IN_100KG,2025,,109195.38,
dataflow,ESTAT:DS-045409(1.0),EU trade since 1988 by HS2-4-6 and CN8,A,Annual,EU27_2020,"European Union - 27 countries (AT, BE, BG, CY, CZ, DE, DK, EE, ES, FI, FR, GR, HR, HU, IE, IT, LT, LU, LV, MT, NL, PL, PT, RO, SE, SI, SK)",INT_EU27_2020,Intra-EU27 (from 2020),853952,"Light-emitting diode ""LED"" lamps",1,IMPORT,QUANTITY_IN_100KG,QUANTITY_IN_100KG,2022,,384957.03,
dataflow,ESTAT:DS-045409(1.0),EU trade since 1988 by HS2-4-6 and CN8,A,Annual,EU27_2020,"European Union - 27 countries (AT, BE, BG, CY, CZ, DE, DK, EE, ES, FI, FR, GR, HR, HU, IE, IT, LT, LU, LV, MT, NL, PL, PT, RO, SE, SI, SK)",INT_EU27_2020,Intra-EU27 (from 2020),853952,"Light-emitting diode ""LED"" lamps",1,IMPORT,QUANTITY_IN_100KG,QUANTITY_IN_100KG,2023,,290314.42,
dataflow,ESTAT:DS-045409(1.0),EU trade since 1988 by HS2-4-6 and CN8,A,Annual,EU27_2020,"European Union - 27 countries (AT, BE, BG, CY, CZ, DE, DK, EE, ES, FI, FR, GR, HR, HU, IE, IT, LT, LU, LV, MT, NL, PL, PT, RO, SE, SI, SK)",INT_EU27_2020,Intra-EU27 (from 2020),853952,"Light-emitting diode ""LED"" lamps",1,IMPORT,QUANTITY_IN_100KG,QUANTITY_IN_100KG,2024,,255901.22,
dataflow,ESTAT:DS-045409(1.0),EU trade since 1988 by HS2-4-6 and CN8,A,Annual,EU27_2020,"European Union - 27 countries (AT, BE, BG, CY, CZ, DE, DK, EE, ES, FI, FR, GR, HR, HU, IE, IT, LT, LU, LV, MT, NL, PL, PT, RO, SE, SI, SK)",INT_EU27_2020,Intra-EU27 (from 2020),853952,"Light-emitting diode ""LED"" lamps",1,IMPORT,QUANTITY_IN_100KG,QUANTITY_IN_100KG,2025,,251010.89,
dataflow,ESTAT:DS-045409(1.0),EU trade since 1988 by HS2-4-6 and CN8,A,Annual,EU27_2020,"European Union - 27 countries (AT, BE, BG, CY, CZ, DE, DK, EE, ES, FI, FR, GR, HR, HU, IE, IT, LT, LU, LV, MT, NL, PL, PT, RO, SE, SI, SK)",INT_EU27_2020,Intra-EU27 (from 2020),853952,"Light-emitting diode ""LED"" lamps",2,EXPORT,QUANTITY_IN_100KG,QUANTITY_IN_100KG,2022,,448615.25,
dataflow,ESTAT:DS-045409(1.0),EU trade since 1988 by HS2-4-6 and CN8,A,Annual,EU27_2020,"European Union - 27 countries (AT, BE, BG, CY, CZ, DE, DK, EE, ES, FI, FR, GR, HR, HU, IE, IT, LT, LU, LV, MT, NL, PL, PT, RO, SE, SI, SK)",INT_EU27_2020,Intra-EU27 (from 2020),853952,"Light-emitting diode ""LED"" lamps",2,EXPORT,QUANTITY_IN_100KG,QUANTITY_IN_100KG,2023,,665630.35,
dataflow,ESTAT:DS-045409(1.0),EU trade since 1988 by HS2-4-6 and CN8,A,Annual,EU27_2020,"European Union - 27 countries (AT, BE, BG, CY, CZ, DE, DK, EE, ES, FI, FR, GR, HR, HU, IE, IT, LT, LU, LV, MT, NL, PL, PT, RO, SE, SI, SK)",INT_EU27_2020,Intra-EU27 (from 2020),853952,"Light-emitting diode ""LED"" lamps",2,EXPORT,QUANTITY_IN_100KG,QUANTITY_IN_100KG,2024,,305548.50,
dataflow,ESTAT:DS-045409(1.0),EU trade since 1988 by HS2-4-6 and CN8,A,Annual,EU27_2020,"European Union - 27 countries (AT, BE, BG, CY, CZ, DE, DK, EE, ES, FI, FR, GR, HR, HU, IE, IT, LT, LU, LV, MT, NL, PL, PT, RO, SE, SI, SK)",INT_EU27_2020,Intra-EU27 (from 2020),853952,"Light-emitting diode ""LED"" lamps",2,EXPORT,QUANTITY_IN_100KG,QUANTITY_IN_100KG,2025,,259786.82,
dataflow,ESTAT:DS-045409(1.0),EU trade since 1988 by HS2-4-6 and CN8,A,Annual,EU27_2020,"European Union - 27 countries (AT, BE, BG, CY, CZ, DE, DK, EE, ES, FI, FR, GR, HR, HU, IE, IT, LT, LU, LV, MT, NL, PL, PT, RO, SE, SI, SK)",INT_EU27_2020,Intra-EU27 (from 2020),854141,"Light emitting diodes ""LED""",1,IMPORT,QUANTITY_IN_100KG,QUANTITY_IN_100KG,2022,,755663.68,
dataflow,ESTAT:DS-045409(1.0),EU trade since 1988 by HS2-4-6 and CN8,A,Annual,EU27_2020,"European Union - 27 countries (AT, BE, BG, CY, CZ, DE, DK, EE, ES, FI, FR, GR, HR, HU, IE, IT, LT, LU, LV, MT, NL, PL, PT, RO, SE, SI, SK)",INT_EU27_2020,Intra-EU27 (from 2020),854141,"Light emitting diodes ""LED""",1,IMPORT,QUANTITY_IN_100KG,QUANTITY_IN_100KG,2023,,262090.56,
dataflow,ESTAT:DS-045409(1.0),EU trade since 1988 by HS2-4-6 and CN8,A,Annual,EU27_2020,"European Union - 27 countries (AT, BE, BG, CY, CZ, DE, DK, EE, ES, FI, FR, GR, HR, HU, IE, IT, LT, LU, LV, MT, NL, PL, PT, RO, SE, SI, SK)",INT_EU27_2020,Intra-EU27 (from 2020),854141,"Light emitting diodes ""LED""",1,IMPORT,QUANTITY_IN_100KG,QUANTITY_IN_100KG,2024,,152387.94,
dataflow,ESTAT:DS-045409(1.0),EU trade since 1988 by HS2-4-6 and CN8,A,Annual,EU27_2020,"European Union - 27 countries (AT, BE, BG, CY, CZ, DE, DK, EE, ES, FI, FR, GR, HR, HU, IE, IT, LT, LU, LV, MT, NL, PL, PT, RO, SE, SI, SK)",INT_EU27_2020,Intra-EU27 (from 2020),854141,"Light emitting diodes ""LED""",1,IMPORT,QUANTITY_IN_100KG,QUANTITY_IN_100KG,2025,,174517.32,
dataflow,ESTAT:DS-045409(1.0),EU trade since 1988 by HS2-4-6 and CN8,A,Annual,EU27_2020,"European Union - 27 countries (AT, BE, BG, CY, CZ, DE, DK, EE, ES, FI, FR, GR, HR, HU, IE, IT, LT, LU, LV, MT, NL, PL, PT, RO, SE, SI, SK)",INT_EU27_2020,Intra-EU27 (from 2020),854141,"Light emitting diodes ""LED""",2,EXPORT,QUANTITY_IN_100KG,QUANTITY_IN_100KG,2022,,127111.86,
dataflow,ESTAT:DS-045409(1.0),EU trade since 1988 by HS2-4-6 and CN8,A,Annual,EU27_2020,"European Union - 27 countries (AT, BE, BG, CY, CZ, DE, DK, EE, ES, FI, FR, GR, HR, HU, IE, IT, LT, LU, LV, MT, NL, PL, PT, RO, SE, SI, SK)",INT_EU27_2020,Intra-EU27 (from 2020),854141,"Light emitting diodes ""LED""",2,EXPORT,QUANTITY_IN_100KG,QUANTITY_IN_100KG,2023,,86595.02,
dataflow,ESTAT:DS-045409(1.0),EU trade since 1988 by HS2-4-6 and CN8,A,Annual,EU27_2020,"European Union - 27 countries (AT, BE, BG, CY, CZ, DE, DK, EE, ES, FI, FR, GR, HR, HU, IE, IT, LT, LU, LV, MT, NL, PL, PT, RO, SE, SI, SK)",INT_EU27_2020,Intra-EU27 (from 2020),854141,"Light emitting diodes ""LED""",2,EXPORT,QUANTITY_IN_100KG,QUANTITY_IN_100KG,2024,,42374.14,
dataflow,ESTAT:DS-045409(1.0),EU trade since 1988 by HS2-4-6 and CN8,A,Annual,EU27_2020,"European Union - 27 countries (AT, BE, BG, CY, CZ, DE, DK, EE, ES, FI, FR, GR, HR, HU, IE, IT, LT, LU, LV, MT, NL, PL, PT, RO, SE, SI, SK)",INT_EU27_2020,Intra-EU27 (from 2020),854141,"Light emitting diodes ""LED""",2,EXPORT,QUANTITY_IN_100KG,QUANTITY_IN_100KG,2025,,66720.98,
dataflow,ESTAT:DS-045409(1.0),EU trade since 1988 by HS2-4-6 and CN8,A,Annual,EU27_2020,"European Union - 27 countries (AT, BE, BG, CY, CZ, DE, DK, EE, ES, FI, FR, GR, HR, HU, IE, IT, LT, LU, LV, MT, NL, PL, PT, RO, SE, SI, SK)",INT_EU27_2020,Intra-EU27 (from 2020),854231,"Electronic integrated circuits as processors and controllers, whether or not combined with memories, converters, logic circuits, amplifiers, clock and timing circuits, or other circuits",1,IMPORT,QUANTITY_IN_100KG,QUANTITY_IN_100KG,2007,,507491.51,
dataflow,ESTAT:DS-045409(1.0),EU trade since 1988 by HS2-4-6 and CN8,A,Annual,EU27_2020,"European Union - 27 countries (AT, BE, BG, CY, CZ, DE, DK, EE, ES, FI, FR, GR, HR, HU, IE, IT, LT, LU, LV, MT, NL, PL, PT, RO, SE, SI, SK)",INT_EU27_2020,Intra-EU27 (from 2020),854231,"Electronic integrated circuits as processors and controllers, whether or not combined with memories, converters, logic circuits, amplifiers, clock and timing circuits, or other circuits",1,IMPORT,QUANTITY_IN_100KG,QUANTITY_IN_100KG,2008,,611687.57,
dataflow,ESTAT:DS-045409(1.0),EU trade since 1988 by HS2-4-6 and CN8,A,Annual,EU27_2020,"European Union - 27 countries (AT, BE, BG, CY, CZ, DE, DK, EE, ES, FI, FR, GR, HR, HU, IE, IT, LT, LU, LV, MT, NL, PL, PT, RO, SE, SI, SK)",INT_EU27_2020,Intra-EU27 (from 2020),854231,"Electronic integrated circuits as processors and controllers, whether or not combined with memories, converters, logic circuits, amplifiers, clock and timing circuits, or other circuits",1,IMPORT,QUANTITY_IN_100KG,QUANTITY_IN_100KG,2009,,1303486.40,
dataflow,ESTAT:DS-045409(1.0),EU trade since 1988 by HS2-4-6 and CN8,A,Annual,EU27_2020,"European Union - 27 countries (AT, BE, BG, CY, CZ, DE, DK, EE, ES, FI, FR, GR, HR, HU, IE, IT, LT, LU, LV, MT, NL, PL, PT, RO, SE, SI, SK)",INT_EU27_2020,Intra-EU27 (from 2020),854231,"Electronic integrated circuits as processors and controllers, whether or not combined with memories, converters, logic circuits, amplifiers, clock and timing circuits, or other circuits",1,IMPORT,QUANTITY_IN_100KG,QUANTITY_IN_100KG,2010,,389731.05,
dataflow,ESTAT:DS-045409(1.0),EU trade since 1988 by HS2-4-6 and CN8,A,Annual,EU27_2020,"European Union - 27 countries (AT, BE, BG, CY, CZ, DE, DK, EE, ES, FI, FR, GR, HR, HU, IE, IT, LT, LU, LV, MT, NL, PL, PT, RO, SE, SI, SK)",INT_EU27_2020,Intra-EU27 (from 2020),854231,"Electronic integrated circuits as processors and controllers, whether or not combined with memories, converters, logic circuits, amplifiers, clock and timing circuits, or other circuits",1,IMPORT,QUANTITY_IN_100KG,QUANTITY_IN_100KG,2011,,461208.12,
dataflow,ESTAT:DS-045409(1.0),EU trade since 1988 by HS2-4-6 and CN8,A,Annual,EU27_2020,"European Union - 27 countries (AT, BE, BG, CY, CZ, DE, DK, EE, ES, FI, FR, GR, HR, HU, IE, IT, LT, LU, LV, MT, NL, PL, PT, RO, SE, SI, SK)",INT_EU27_2020,Intra-EU27 (from 2020),854231,"Electronic integrated circuits as processors and controllers, whether or not combined with memories, converters, logic circuits, amplifiers, clock and timing circuits, or other circuits",1,IMPORT,QUANTITY_IN_100KG,QUANTITY_IN_100KG,2012,,568584.00,
dataflow,ESTAT:DS-045409(1.0),EU trade since 1988 by HS2-4-6 and CN8,A,Annual,EU27_2020,"European Union - 27 countries (AT, BE, BG, CY, CZ, DE, DK, EE, ES, FI, FR, GR, HR, HU, IE, IT, LT, LU, LV, MT, NL, PL, PT, RO, SE, SI, SK)",INT_EU27_2020,Intra-EU27 (from 2020),854231,"Electronic integrated circuits as processors and controllers, whether or not combined with memories, converters, logic circuits, amplifiers, clock and timing circuits, or other circuits",1,IMPORT,QUANTITY_IN_100KG,QUANTITY_IN_100KG,2013,,743533.44,
dataflow,ESTAT:DS-045409(1.0),EU trade since 1988 by HS2-4-6 and CN8,A,Annual,EU27_2020,"European Union - 27 countries (AT, BE, BG, CY, CZ, DE, DK, EE, ES, FI, FR, GR, HR, HU, IE, IT, LT, LU, LV, MT, NL, PL, PT, RO, SE, SI, SK)",INT_EU27_2020,Intra-EU27 (from 2020),854231,"Electronic integrated circuits as processors and controllers, whether or not combined with memories, converters, logic circuits, amplifiers, clock and timing circuits, or other circuits",1,IMPORT,QUANTITY_IN_100KG,QUANTITY_IN_100KG,2014,,421220.02,
dataflow,ESTAT:DS-045409(1.0),EU trade since 1988 by HS2-4-6 and CN8,A,Annual,EU27_2020,"European Union - 27 countries (AT, BE, BG, CY, CZ, DE, DK, EE, ES, FI, FR, GR, HR, HU, IE, IT, LT, LU, LV, MT, NL, PL, PT, RO, SE, SI, SK)",INT_EU27_2020,Intra-EU27 (from 2020),854231,"Electronic integrated circuits as processors and controllers, whether or not combined with memories, converters, logic circuits, amplifiers, clock and timing circuits, or other circuits",1,IMPORT,QUANTITY_IN_100KG,QUANTITY_IN_100KG,2015,,406312.93,
dataflow,ESTAT:DS-045409(1.0),EU trade since 1988 by HS2-4-6 and CN8,A,Annual,EU27_2020,"European Union - 27 countries (AT, BE, BG, CY, CZ, DE, DK, EE, ES, FI, FR, GR, HR, HU, IE, IT, LT, LU, LV, MT, NL, PL, PT, RO, SE, SI, SK)",INT_EU27_2020,Intra-EU27 (from 2020),854231,"Electronic integrated circuits as processors and controllers, whether or not combined with memories, converters, logic circuits, amplifiers, clock and timing circuits, or other circuits",1,IMPORT,QUANTITY_IN_100KG,QUANTITY_IN_100KG,2016,,558881.51,
dataflow,ESTAT:DS-045409(1.0),EU trade since 1988 by HS2-4-6 and CN8,A,Annual,EU27_2020,"European Union - 27 countries (AT, BE, BG, CY, CZ, DE, DK, EE, ES, FI, FR, GR, HR, HU, IE, IT, LT, LU, LV, MT, NL, PL, PT, RO, SE, SI, SK)",INT_EU27_2020,Intra-EU27 (from 2020),854231,"Electronic integrated circuits as processors and controllers, whether or not combined with memories, converters, logic circuits, amplifiers, clock and timing circuits, or other circuits",1,IMPORT,QUANTITY_IN_100KG,QUANTITY_IN_100KG,2017,,743669.91,
dataflow,ESTAT:DS-045409(1.0),EU trade since 1988 by HS2-4-6 and CN8,A,Annual,EU27_2020,"European Union - 27 countries (AT, BE, BG, CY, CZ, DE, DK, EE, ES, FI, FR, GR, HR, HU, IE, IT, LT, LU, LV, MT, NL, PL, PT, RO, SE, SI, SK)",INT_EU27_2020,Intra-EU27 (from 2020),854231,"Electronic integrated circuits as processors and controllers, whether or not combined with memories, converters, logic circuits, amplifiers, clock and timing circuits, or other circuits",1,IMPORT,QUANTITY_IN_100KG,QUANTITY_IN_100KG,2018,,1000122.72,
dataflow,ESTAT:DS-045409(1.0),EU trade since 1988 by HS2-4-6 and CN8,A,Annual,EU27_2020,"European Union - 27 countries (AT, BE, BG, CY, CZ, DE, DK, EE, ES, FI, FR, GR, HR, HU, IE, IT, LT, LU, LV, MT, NL, PL, PT, RO, SE, SI, SK)",INT_EU27_2020,Intra-EU27 (from 2020),854231,"Electronic integrated circuits as processors and controllers, whether or not combined with memories, converters, logic circuits, amplifiers, clock and timing circuits, or other circuits",1,IMPORT,QUANTITY_IN_100KG,QUANTITY_IN_100KG,2019,,754658.60,
dataflow,ESTAT:DS-045409(1.0),EU trade since 1988 by HS2-4-6 and CN8,A,Annual,EU27_2020,"European Union - 27 countries (AT, BE, BG, CY, CZ, DE, DK, EE, ES, FI, FR, GR, HR, HU, IE, IT, LT, LU, LV, MT, NL, PL, PT, RO, SE, SI, SK)",INT_EU27_2020,Intra-EU27 (from 2020),854231,"Electronic integrated circuits as processors and controllers, whether or not combined with memories, converters, logic circuits, amplifiers, clock and timing circuits, or other circuits",1,IMPORT,QUANTITY_IN_100KG,QUANTITY_IN_100KG,2020,,555652.29,
dataflow,ESTAT:DS-045409(1.0),EU trade since 1988 by HS2-4-6 and CN8,A,Annual,EU27_2020,"European Union - 27 countries (AT, BE, BG, CY, CZ, DE, DK, EE, ES, FI, FR, GR, HR, HU, IE, IT, LT, LU, LV, MT, NL, PL, PT, RO, SE, SI, SK)",INT_EU27_2020,Intra-EU27 (from 2020),854231,"Electronic integrated circuits as processors and controllers, whether or not combined with memories, converters, logic circuits, amplifiers, clock and timing circuits, or other circuits",1,IMPORT,QUANTITY_IN_100KG,QUANTITY_IN_100KG,2021,,429281.39,
dataflow,ESTAT:DS-045409(1.0),EU trade since 1988 by HS2-4-6 and CN8,A,Annual,EU27_2020,"European Union - 27 countries (AT, BE, BG, CY, CZ, DE, DK, EE, ES, FI, FR, GR, HR, HU, IE, IT, LT, LU, LV, MT, NL, PL, PT, RO, SE, SI, SK)",INT_EU27_2020,Intra-EU27 (from 2020),854231,"Electronic integrated circuits as processors and controllers, whether or not combined with memories, converters, logic circuits, amplifiers, clock and timing circuits, or other circuits",1,IMPORT,QUANTITY_IN_100KG,QUANTITY_IN_100KG,2022,,533408.65,
dataflow,ESTAT:DS-045409(1.0),EU trade since 1988 by HS2-4-6 and CN8,A,Annual,EU27_2020,"European Union - 27 countries (AT, BE, BG, CY, CZ, DE, DK, EE, ES, FI, FR, GR, HR, HU, IE, IT, LT, LU, LV, MT, NL, PL, PT, RO, SE, SI, SK)",INT_EU27_2020,Intra-EU27 (from 2020),854231,"Electronic integrated circuits as processors and controllers, whether or not combined with memories, converters, logic circuits, amplifiers, clock and timing circuits, or other circuits",1,IMPORT,QUANTITY_IN_100KG,QUANTITY_IN_100KG,2023,,585774.49,
dataflow,ESTAT:DS-045409(1.0),EU trade since 1988 by HS2-4-6 and CN8,A,Annual,EU27_2020,"European Union - 27 countries (AT, BE, BG, CY, CZ, DE, DK, EE, ES, FI, FR, GR, HR, HU, IE, IT, LT, LU, LV, MT, NL, PL, PT, RO, SE, SI, SK)",INT_EU27_2020,Intra-EU27 (from 2020),854231,"Electronic integrated circuits as processors and controllers, whether or not combined with memories, converters, logic circuits, amplifiers, clock and timing circuits, or other circuits",1,IMPORT,QUANTITY_IN_100KG,QUANTITY_IN_100KG,2024,,427711.22,
dataflow,ESTAT:DS-045409(1.0),EU trade since 1988 by HS2-4-6 and CN8,A,Annual,EU27_2020,"European Union - 27 countries (AT, BE, BG, CY, CZ, DE, DK, EE, ES, FI, FR, GR, HR, HU, IE, IT, LT, LU, LV, MT, NL, PL, PT, RO, SE, SI, SK)",INT_EU27_2020,Intra-EU27 (from 2020),854231,"Electronic integrated circuits as processors and controllers, whether or not combined with memories, converters, logic circuits, amplifiers, clock and timing circuits, or other circuits",1,IMPORT,QUANTITY_IN_100KG,QUANTITY_IN_100KG,2025,,403579.55,
dataflow,ESTAT:DS-045409(1.0),EU trade since 1988 by HS2-4-6 and CN8,A,Annual,EU27_2020,"European Union - 27 countries (AT, BE, BG, CY, CZ, DE, DK, EE, ES, FI, FR, GR, HR, HU, IE, IT, LT, LU, LV, MT, NL, PL, PT, RO, SE, SI, SK)",INT_EU27_2020,Intra-EU27 (from 2020),854231,"Electronic integrated circuits as processors and controllers, whether or not combined with memories, converters, logic circuits, amplifiers, clock and timing circuits, or other circuits",2,EXPORT,QUANTITY_IN_100KG,QUANTITY_IN_100KG,2007,,362811.66,
dataflow,ESTAT:DS-045409(1.0),EU trade since 1988 by HS2-4-6 and CN8,A,Annual,EU27_2020,"European Union - 27 countries (AT, BE, BG, CY, CZ, DE, DK, EE, ES, FI, FR, GR, HR, HU, IE, IT, LT, LU, LV, MT, NL, PL, PT, RO, SE, SI, SK)",INT_EU27_2020,Intra-EU27 (from 2020),854231,"Electronic integrated circuits as processors and controllers, whether or not combined with memories, converters, logic circuits, amplifiers, clock and timing circuits, or other circuits",2,EXPORT,QUANTITY_IN_100KG,QUANTITY_IN_100KG,2008,,1230575.33,
dataflow,ESTAT:DS-045409(1.0),EU trade since 1988 by HS2-4-6 and CN8,A,Annual,EU27_2020,"European Union - 27 countries (AT, BE, BG, CY, CZ, DE, DK, EE, ES, FI, FR, GR, HR, HU, IE, IT, LT, LU, LV, MT, NL, PL, PT, RO, SE, SI, SK)",INT_EU27_2020,Intra-EU27 (from 2020),854231,"Electronic integrated circuits as processors and controllers, whether or not combined with memories, converters, logic circuits, amplifiers, clock and timing circuits, or other circuits",2,EXPORT,QUANTITY_IN_100KG,QUANTITY_IN_100KG,2009,,295107.31,
dataflow,ESTAT:DS-045409(1.0),EU trade since 1988 by HS2-4-6 and CN8,A,Annual,EU27_2020,"European Union - 27 countries (AT, BE, BG, CY, CZ, DE, DK, EE, ES, FI, FR, GR, HR, HU, IE, IT, LT, LU, LV, MT, NL, PL, PT, RO, SE, SI, SK)",INT_EU27_2020,Intra-EU27 (from 2020),854231,"Electronic integrated circuits as processors and controllers, whether or not combined with memories, converters, logic circuits, amplifiers, clock and timing circuits, or other circuits",2,EXPORT,QUANTITY_IN_100KG,QUANTITY_IN_100KG,2010,,307997.27,
dataflow,ESTAT:DS-045409(1.0),EU trade since 1988 by HS2-4-6 and CN8,A,Annual,EU27_2020,"European Union - 27 countries (AT, BE, BG, CY, CZ, DE, DK, EE, ES, FI, FR, GR, HR, HU, IE, IT, LT, LU, LV, MT, NL, PL, PT, RO, SE, SI, SK)",INT_EU27_2020,Intra-EU27 (from 2020),854231,"Electronic integrated circuits as processors and controllers, whether or not combined with memories, converters, logic circuits, amplifiers, clock and timing circuits, or other circuits",2,EXPORT,QUANTITY_IN_100KG,QUANTITY_IN_100KG,2011,,277152.16,
dataflow,ESTAT:DS-045409(1.0),EU trade since 1988 by HS2-4-6 and CN8,A,Annual,EU27_2020,"European Union - 27 countries (AT, BE, BG, CY, CZ, DE, DK, EE, ES, FI, FR, GR, HR, HU, IE, IT, LT, LU, LV, MT, NL, PL, PT, RO, SE, SI, SK)",INT_EU27_2020,Intra-EU27 (from 2020),854231,"Electronic integrated circuits as processors and controllers, whether or not combined with memories, converters, logic circuits, amplifiers, clock and timing circuits, or other circuits",2,EXPORT,QUANTITY_IN_100KG,QUANTITY_IN_100KG,2012,,271562.53,
dataflow,ESTAT:DS-045409(1.0),EU trade since 1988 by HS2-4-6 and CN8,A,Annual,EU27_2020,"European Union - 27 countries (AT, BE, BG, CY, CZ, DE, DK, EE, ES, FI, FR, GR, HR, HU, IE, IT, LT, LU, LV, MT, NL, PL, PT, RO, SE, SI, SK)",INT_EU27_2020,Intra-EU27 (from 2020),854231,"Electronic integrated circuits as processors and controllers, whether or not combined with memories, converters, logic circuits, amplifiers, clock and timing circuits, or other circuits",2,EXPORT,QUANTITY_IN_100KG,QUANTITY_IN_100KG,2013,,239716.52,
dataflow,ESTAT:DS-045409(1.0),EU trade since 1988 by HS2-4-6 and CN8,A,Annual,EU27_2020,"European Union - 27 countries (AT, BE, BG, CY, CZ, DE, DK, EE, ES, FI, FR, GR, HR, HU, IE, IT, LT, LU, LV, MT, NL, PL, PT, RO, SE, SI, SK)",INT_EU27_2020,Intra-EU27 (from 2020),854231,"Electronic integrated circuits as processors and controllers, whether or not combined with memories, converters, logic circuits, amplifiers, clock and timing circuits, or other circuits",2,EXPORT,QUANTITY_IN_100KG,QUANTITY_IN_100KG,2014,,202583.16,
dataflow,ESTAT:DS-045409(1.0),EU trade since 1988 by HS2-4-6 and CN8,A,Annual,EU27_2020,"European Union - 27 countries (AT, BE, BG, CY, CZ, DE, DK, EE, ES, FI, FR, GR, HR, HU, IE, IT, LT, LU, LV, MT, NL, PL, PT, RO, SE, SI, SK)",INT_EU27_2020,Intra-EU27 (from 2020),854231,"Electronic integrated circuits as processors and controllers, whether or not combined with memories, converters, logic circuits, amplifiers, clock and timing circuits, or other circuits",2,EXPORT,QUANTITY_IN_100KG,QUANTITY_IN_100KG,2015,,229075.44,
dataflow,ESTAT:DS-045409(1.0),EU trade since 1988 by HS2-4-6 and CN8,A,Annual,EU27_2020,"European Union - 27 countries (AT, BE, BG, CY, CZ, DE, DK, EE, ES, FI, FR, GR, HR, HU, IE, IT, LT, LU, LV, MT, NL, PL, PT, RO, SE, SI, SK)",INT_EU27_2020,Intra-EU27 (from 2020),854231,"Electronic integrated circuits as processors and controllers, whether or not combined with memories, converters, logic circuits, amplifiers, clock and timing circuits, or other circuits",2,EXPORT,QUANTITY_IN_100KG,QUANTITY_IN_100KG,2016,,350952.28,
dataflow,ESTAT:DS-045409(1.0),EU trade since 1988 by HS2-4-6 and CN8,A,Annual,EU27_2020,"European Union - 27 countries (AT, BE, BG, CY, CZ, DE, DK, EE, ES, FI, FR, GR, HR, HU, IE, IT, LT, LU, LV, MT, NL, PL, PT, RO, SE, SI, SK)",INT_EU27_2020,Intra-EU27 (from 2020),854231,"Electronic integrated circuits as processors and controllers, whether or not combined with memories, converters, logic circuits, amplifiers, clock and timing circuits, or other circuits",2,EXPORT,QUANTITY_IN_100KG,QUANTITY_IN_100KG,2017,,365445.43,
dataflow,ESTAT:DS-045409(1.0),EU trade since 1988 by HS2-4-6 and CN8,A,Annual,EU27_2020,"European Union - 27 countries (AT, BE, BG, CY, CZ, DE, DK, EE, ES, FI, FR, GR, HR, HU, IE, IT, LT, LU, LV, MT, NL, PL, PT, RO, SE, SI, SK)",INT_EU27_2020,Intra-EU27 (from 2020),854231,"Electronic integrated circuits as processors and controllers, whether or not combined with memories, converters, logic circuits, amplifiers, clock and timing circuits, or other circuits",2,EXPORT,QUANTITY_IN_100KG,QUANTITY_IN_100KG,2018,,350246.58,
dataflow,ESTAT:DS-045409(1.0),EU trade since 1988 by HS2-4-6 and CN8,A,Annual,EU27_2020,"European Union - 27 countries (AT, BE, BG, CY, CZ, DE, DK, EE, ES, FI, FR, GR, HR, HU, IE, IT, LT, LU, LV, MT, NL, PL, PT, RO, SE, SI, SK)",INT_EU27_2020,Intra-EU27 (from 2020),854231,"Electronic integrated circuits as processors and controllers, whether or not combined with memories, converters, logic circuits, amplifiers, clock and timing circuits, or other circuits",2,EXPORT,QUANTITY_IN_100KG,QUANTITY_IN_100KG,2019,,258611.04,
dataflow,ESTAT:DS-045409(1.0),EU trade since 1988 by HS2-4-6 and CN8,A,Annual,EU27_2020,"European Union - 27 countries (AT, BE, BG, CY, CZ, DE, DK, EE, ES, FI, FR, GR, HR, HU, IE, IT, LT, LU, LV, MT, NL, PL, PT, RO, SE, SI, SK)",INT_EU27_2020,Intra-EU27 (from 2020),854231,"Electronic integrated circuits as processors and controllers, whether or not combined with memories, converters, logic circuits, amplifiers, clock and timing circuits, or other circuits",2,EXPORT,QUANTITY_IN_100KG,QUANTITY_IN_100KG,2020,,207043.26,
dataflow,ESTAT:DS-045409(1.0),EU trade since 1988 by HS2-4-6 and CN8,A,Annual,EU27_2020,"European Union - 27 countries (AT, BE, BG, CY, CZ, DE, DK, EE, ES, FI, FR, GR, HR, HU, IE, IT, LT, LU, LV, MT, NL, PL, PT, RO, SE, SI, SK)",INT_EU27_2020,Intra-EU27 (from 2020),854231,"Electronic integrated circuits as processors and controllers, whether or not combined with memories, converters, logic circuits, amplifiers, clock and timing circuits, or other circuits",2,EXPORT,QUANTITY_IN_100KG,QUANTITY_IN_100KG,2021,,202596.14,
dataflow,ESTAT:DS-045409(1.0),EU trade since 1988 by HS2-4-6 and CN8,A,Annual,EU27_2020,"European Union - 27 countries (AT, BE, BG, CY, CZ, DE, DK, EE, ES, FI, FR, GR, HR, HU, IE, IT, LT, LU, LV, MT, NL, PL, PT, RO, SE, SI, SK)",INT_EU27_2020,Intra-EU27 (from 2020),854231,"Electronic integrated circuits as processors and controllers, whether or not combined with memories, converters, logic circuits, amplifiers, clock and timing circuits, or other circuits",2,EXPORT,QUANTITY_IN_100KG,QUANTITY_IN_100KG,2022,,196623.08,
dataflow,ESTAT:DS-045409(1.0),EU trade since 1988 by HS2-4-6 and CN8,A,Annual,EU27_2020,"European Union - 27 countries (AT, BE, BG, CY, CZ, DE, DK, EE, ES, FI, FR, GR, HR, HU, IE, IT, LT, LU, LV, MT, NL, PL, PT, RO, SE, SI, SK)",INT_EU27_2020,Intra-EU27 (from 2020),854231,"Electronic integrated circuits as processors and controllers, whether or not combined with memories, converters, logic circuits, amplifiers, clock and timing circuits, or other circuits",2,EXPORT,QUANTITY_IN_100KG,QUANTITY_IN_100KG,2023,,211603.41,
dataflow,ESTAT:DS-045409(1.0),EU trade since 1988 by HS2-4-6 and CN8,A,Annual,EU27_2020,"European Union - 27 countries (AT, BE, BG, CY, CZ, DE, DK, EE, ES, FI, FR, GR, HR, HU, IE, IT, LT, LU, LV, MT, NL, PL, PT, RO, SE, SI, SK)",INT_EU27_2020,Intra-EU27 (from 2020),854231,"Electronic integrated circuits as processors and controllers, whether or not combined with memories, converters, logic circuits, amplifiers, clock and timing circuits, or other circuits",2,EXPORT,QUANTITY_IN_100KG,QUANTITY_IN_100KG,2024,,181823.59,
dataflow,ESTAT:DS-045409(1.0),EU trade since 1988 by HS2-4-6 and CN8,A,Annual,EU27_2020,"European Union - 27 countries (AT, BE, BG, CY, CZ, DE, DK, EE, ES, FI, FR, GR, HR, HU, IE, IT, LT, LU, LV, MT, NL, PL, PT, RO, SE, SI, SK)",INT_EU27_2020,Intra-EU27 (from 2020),854231,"Electronic integrated circuits as processors and controllers, whether or not combined with memories, converters, logic circuits, amplifiers, clock and timing circuits, or other circuits",2,EXPORT,QUANTITY_IN_100KG,QUANTITY_IN_100KG,2025,,266873.10,
dataflow,ESTAT:DS-045409(1.0),EU trade since 1988 by HS2-4-6 and CN8,A,Annual,EU27_2020,"European Union - 27 countries (AT, BE, BG, CY, CZ, DE, DK, EE, ES, FI, FR, GR, HR, HU, IE, IT, LT, LU, LV, MT, NL, PL, PT, RO, SE, SI, SK)",INT_EU27_2020,Intra-EU27 (from 2020),854232,Electronic integrated circuits as memories,1,IMPORT,QUANTITY_IN_100KG,QUANTITY_IN_100KG,2007,,84863.97,
dataflow,ESTAT:DS-045409(1.0),EU trade since 1988 by HS2-4-6 and CN8,A,Annual,EU27_2020,"European Union - 27 countries (AT, BE, BG, CY, CZ, DE, DK, EE, ES, FI, FR, GR, HR, HU, IE, IT, LT, LU, LV, MT, NL, PL, PT, RO, SE, SI, SK)",INT_EU27_2020,Intra-EU27 (from 2020),854232,Electronic integrated circuits as memories,1,IMPORT,QUANTITY_IN_100KG,QUANTITY_IN_100KG,2008,,97776.35,
dataflow,ESTAT:DS-045409(1.0),EU trade since 1988 by HS2-4-6 and CN8,A,Annual,EU27_2020,"European Union - 27 countries (AT, BE, BG, CY, CZ, DE, DK, EE, ES, FI, FR, GR, HR, HU, IE, IT, LT, LU, LV, MT, NL, PL, PT, RO, SE, SI, SK)",INT_EU27_2020,Intra-EU27 (from 2020),854232,Electronic integrated circuits as memories,1,IMPORT,QUANTITY_IN_100KG,QUANTITY_IN_100KG,2009,,92988.55,
dataflow,ESTAT:DS-045409(1.0),EU trade since 1988 by HS2-4-6 and CN8,A,Annual,EU27_2020,"European Union - 27 countries (AT, BE, BG, CY, CZ, DE, DK, EE, ES, FI, FR, GR, HR, HU, IE, IT, LT, LU, LV, MT, NL, PL, PT, RO, SE, SI, SK)",INT_EU27_2020,Intra-EU27 (from 2020),854232,Electronic integrated circuits as memories,1,IMPORT,QUANTITY_IN_100KG,QUANTITY_IN_100KG,2010,,109361.44,
dataflow,ESTAT:DS-045409(1.0),EU trade since 1988 by HS2-4-6 and CN8,A,Annual,EU27_2020,"European Union - 27 countries (AT, BE, BG, CY, CZ, DE, DK, EE, ES, FI, FR, GR, HR, HU, IE, IT, LT, LU, LV, MT, NL, PL, PT, RO, SE, SI, SK)",INT_EU27_2020,Intra-EU27 (from 2020),854232,Electronic integrated circuits as memories,1,IMPORT,QUANTITY_IN_100KG,QUANTITY_IN_100KG,2011,,114582.41,
dataflow,ESTAT:DS-045409(1.0),EU trade since 1988 by HS2-4-6 and CN8,A,Annual,EU27_2020,"European Union - 27 countries (AT, BE, BG, CY, CZ, DE, DK, EE, ES, FI, FR, GR, HR, HU, IE, IT, LT, LU, LV, MT, NL, PL, PT, RO, SE, SI, SK)",INT_EU27_2020,Intra-EU27 (from 2020),854232,Electronic integrated circuits as memories,1,IMPORT,QUANTITY_IN_100KG,QUANTITY_IN_100KG,2012,,172632.05,
dataflow,ESTAT:DS-045409(1.0),EU trade since 1988 by HS2-4-6 and CN8,A,Annual,EU27_2020,"European Union - 27 countries (AT, BE, BG, CY, CZ, DE, DK, EE, ES, FI, FR, GR, HR, HU, IE, IT, LT, LU, LV, MT, NL, PL, PT, RO, SE, SI, SK)",INT_EU27_2020,Intra-EU27 (from 2020),854232,Electronic integrated circuits as memories,1,IMPORT,QUANTITY_IN_100KG,QUANTITY_IN_100KG,2013,,90246.78,
dataflow,ESTAT:DS-045409(1.0),EU trade since 1988 by HS2-4-6 and CN8,A,Annual,EU27_2020,"European Union - 27 countries (AT, BE, BG, CY, CZ, DE, DK, EE, ES, FI, FR, GR, HR, HU, IE, IT, LT, LU, LV, MT, NL, PL, PT, RO, SE, SI, SK)",INT_EU27_2020,Intra-EU27 (from 2020),854232,Electronic integrated circuits as memories,1,IMPORT,QUANTITY_IN_100KG,QUANTITY_IN_100KG,2014,,88437.26,
dataflow,ESTAT:DS-045409(1.0),EU trade since 1988 by HS2-4-6 and CN8,A,Annual,EU27_2020,"European Union - 27 countries (AT, BE, BG, CY, CZ, DE, DK, EE, ES, FI, FR, GR, HR, HU, IE, IT, LT, LU, LV, MT, NL, PL, PT, RO, SE, SI, SK)",INT_EU27_2020,Intra-EU27 (from 2020),854232,Electronic integrated circuits as memories,1,IMPORT,QUANTITY_IN_100KG,QUANTITY_IN_100KG,2015,,76861.08,
dataflow,ESTAT:DS-045409(1.0),EU trade since 1988 by HS2-4-6 and CN8,A,Annual,EU27_2020,"European Union - 27 countries (AT, BE, BG, CY, CZ, DE, DK, EE, ES, FI, FR, GR, HR, HU, IE, IT, LT, LU, LV, MT, NL, PL, PT, RO, SE, SI, SK)",INT_EU27_2020,Intra-EU27 (from 2020),854232,Electronic integrated circuits as memories,1,IMPORT,QUANTITY_IN_100KG,QUANTITY_IN_100KG,2016,,94276.58,
dataflow,ESTAT:DS-045409(1.0),EU trade since 1988 by HS2-4-6 and CN8,A,Annual,EU27_2020,"European Union - 27 countries (AT, BE, BG, CY, CZ, DE, DK, EE, ES, FI, FR, GR, HR, HU, IE, IT, LT, LU, LV, MT, NL, PL, PT, RO, SE, SI, SK)",INT_EU27_2020,Intra-EU27 (from 2020),854232,Electronic integrated circuits as memories,1,IMPORT,QUANTITY_IN_100KG,QUANTITY_IN_100KG,2017,,100322.10,
dataflow,ESTAT:DS-045409(1.0),EU trade since 1988 by HS2-4-6 and CN8,A,Annual,EU27_2020,"European Union - 27 countries (AT, BE, BG, CY, CZ, DE, DK, EE, ES, FI, FR, GR, HR, HU, IE, IT, LT, LU, LV, MT, NL, PL, PT, RO, SE, SI, SK)",INT_EU27_2020,Intra-EU27 (from 2020),854232,Electronic integrated circuits as memories,1,IMPORT,QUANTITY_IN_100KG,QUANTITY_IN_100KG,2018,,100107.24,
dataflow,ESTAT:DS-045409(1.0),EU trade since 1988 by HS2-4-6 and CN8,A,Annual,EU27_2020,"European Union - 27 countries (AT, BE, BG, CY, CZ, DE, DK, EE, ES, FI, FR, GR, HR, HU, IE, IT, LT, LU, LV, MT, NL, PL, PT, RO, SE, SI, SK)",INT_EU27_2020,Intra-EU27 (from 2020),854232,Electronic integrated circuits as memories,1,IMPORT,QUANTITY_IN_100KG,QUANTITY_IN_100KG,2019,,114295.29,
dataflow,ESTAT:DS-045409(1.0),EU trade since 1988 by HS2-4-6 and CN8,A,Annual,EU27_2020,"European Union - 27 countries (AT, BE, BG, CY, CZ, DE, DK, EE, ES, FI, FR, GR, HR, HU, IE, IT, LT, LU, LV, MT, NL, PL, PT, RO, SE, SI, SK)",INT_EU27_2020,Intra-EU27 (from 2020),854232,Electronic integrated circuits as memories,1,IMPORT,QUANTITY_IN_100KG,QUANTITY_IN_100KG,2020,,99675.41,
dataflow,ESTAT:DS-045409(1.0),EU trade since 1988 by HS2-4-6 and CN8,A,Annual,EU27_2020,"European Union - 27 countries (AT, BE, BG, CY, CZ, DE, DK, EE, ES, FI, FR, GR, HR, HU, IE, IT, LT, LU, LV, MT, NL, PL, PT, RO, SE, SI, SK)",INT_EU27_2020,Intra-EU27 (from 2020),854232,Electronic integrated circuits as memories,1,IMPORT,QUANTITY_IN_100KG,QUANTITY_IN_100KG,2021,,120198.02,
dataflow,ESTAT:DS-045409(1.0),EU trade since 1988 by HS2-4-6 and CN8,A,Annual,EU27_2020,"European Union - 27 countries (AT, BE, BG, CY, CZ, DE, DK, EE, ES, FI, FR, GR, HR, HU, IE, IT, LT, LU, LV, MT, NL, PL, PT, RO, SE, SI, SK)",INT_EU27_2020,Intra-EU27 (from 2020),854232,Electronic integrated circuits as memories,1,IMPORT,QUANTITY_IN_100KG,QUANTITY_IN_100KG,2022,,99155.66,
dataflow,ESTAT:DS-045409(1.0),EU trade since 1988 by HS2-4-6 and CN8,A,Annual,EU27_2020,"European Union - 27 countries (AT, BE, BG, CY, CZ, DE, DK, EE, ES, FI, FR, GR, HR, HU, IE, IT, LT, LU, LV, MT, NL, PL, PT, RO, SE, SI, SK)",INT_EU27_2020,Intra-EU27 (from 2020),854232,Electronic integrated circuits as memories,1,IMPORT,QUANTITY_IN_100KG,QUANTITY_IN_100KG,2023,,109917.11,
dataflow,ESTAT:DS-045409(1.0),EU trade since 1988 by HS2-4-6 and CN8,A,Annual,EU27_2020,"European Union - 27 countries (AT, BE, BG, CY, CZ, DE, DK, EE, ES, FI, FR, GR, HR, HU, IE, IT, LT, LU, LV, MT, NL, PL, PT, RO, SE, SI, SK)",INT_EU27_2020,Intra-EU27 (from 2020),854232,Electronic integrated circuits as memories,1,IMPORT,QUANTITY_IN_100KG,QUANTITY_IN_100KG,2024,,76746.44,
dataflow,ESTAT:DS-045409(1.0),EU trade since 1988 by HS2-4-6 and CN8,A,Annual,EU27_2020,"European Union - 27 countries (AT, BE, BG, CY, CZ, DE, DK, EE, ES, FI, FR, GR, HR, HU, IE, IT, LT, LU, LV, MT, NL, PL, PT, RO, SE, SI, SK)",INT_EU27_2020,Intra-EU27 (from 2020),854232,Electronic integrated circuits as memories,1,IMPORT,QUANTITY_IN_100KG,QUANTITY_IN_100KG,2025,,63629.72,
dataflow,ESTAT:DS-045409(1.0),EU trade since 1988 by HS2-4-6 and CN8,A,Annual,EU27_2020,"European Union - 27 countries (AT, BE, BG, CY, CZ, DE, DK, EE, ES, FI, FR, GR, HR, HU, IE, IT, LT, LU, LV, MT, NL, PL, PT, RO, SE, SI, SK)",INT_EU27_2020,Intra-EU27 (from 2020),854232,Electronic integrated circuits as memories,2,EXPORT,QUANTITY_IN_100KG,QUANTITY_IN_100KG,2007,,41969.87,
dataflow,ESTAT:DS-045409(1.0),EU trade since 1988 by HS2-4-6 and CN8,A,Annual,EU27_2020,"European Union - 27 countries (AT, BE, BG, CY, CZ, DE, DK, EE, ES, FI, FR, GR, HR, HU, IE, IT, LT, LU, LV, MT, NL, PL, PT, RO, SE, SI, SK)",INT_EU27_2020,Intra-EU27 (from 2020),854232,Electronic integrated circuits as memories,2,EXPORT,QUANTITY_IN_100KG,QUANTITY_IN_100KG,2008,,29708.94,
dataflow,ESTAT:DS-045409(1.0),EU trade since 1988 by HS2-4-6 and CN8,A,Annual,EU27_2020,"European Union - 27 countries (AT, BE, BG, CY, CZ, DE, DK, EE, ES, FI, FR, GR, HR, HU, IE, IT, LT, LU, LV, MT, NL, PL, PT, RO, SE, SI, SK)",INT_EU27_2020,Intra-EU27 (from 2020),854232,Electronic integrated circuits as memories,2,EXPORT,QUANTITY_IN_100KG,QUANTITY_IN_100KG,2009,,40867.66,
dataflow,ESTAT:DS-045409(1.0),EU trade since 1988 by HS2-4-6 and CN8,A,Annual,EU27_2020,"European Union - 27 countries (AT, BE, BG, CY, CZ, DE, DK, EE, ES, FI, FR, GR, HR, HU, IE, IT, LT, LU, LV, MT, NL, PL, PT, RO, SE, SI, SK)",INT_EU27_2020,Intra-EU27 (from 2020),854232,Electronic integrated circuits as memories,2,EXPORT,QUANTITY_IN_100KG,QUANTITY_IN_100KG,2010,,75910.72,
dataflow,ESTAT:DS-045409(1.0),EU trade since 1988 by HS2-4-6 and CN8,A,Annual,EU27_2020,"European Union - 27 countries (AT, BE, BG, CY, CZ, DE, DK, EE, ES, FI, FR, GR, HR, HU, IE, IT, LT, LU, LV, MT, NL, PL, PT, RO, SE, SI, SK)",INT_EU27_2020,Intra-EU27 (from 2020),854232,Electronic integrated circuits as memories,2,EXPORT,QUANTITY_IN_100KG,QUANTITY_IN_100KG,2011,,52720.05,
dataflow,ESTAT:DS-045409(1.0),EU trade since 1988 by HS2-4-6 and CN8,A,Annual,EU27_2020,"European Union - 27 countries (AT, BE, BG, CY, CZ, DE, DK, EE, ES, FI, FR, GR, HR, HU, IE, IT, LT, LU, LV, MT, NL, PL, PT, RO, SE, SI, SK)",INT_EU27_2020,Intra-EU27 (from 2020),854232,Electronic integrated circuits as memories,2,EXPORT,QUANTITY_IN_100KG,QUANTITY_IN_100KG,2012,,49802.45,
dataflow,ESTAT:DS-045409(1.0),EU trade since 1988 by HS2-4-6 and CN8,A,Annual,EU27_2020,"European Union - 27 countries (AT, BE, BG, CY, CZ, DE, DK, EE, ES, FI, FR, GR, HR, HU, IE, IT, LT, LU, LV, MT, NL, PL, PT, RO, SE, SI, SK)",INT_EU27_2020,Intra-EU27 (from 2020),854232,Electronic integrated circuits as memories,2,EXPORT,QUANTITY_IN_100KG,QUANTITY_IN_100KG,2013,,37445.61,
dataflow,ESTAT:DS-045409(1.0),EU trade since 1988 by HS2-4-6 and CN8,A,Annual,EU27_2020,"European Union - 27 countries (AT, BE, BG, CY, CZ, DE, DK, EE, ES, FI, FR, GR, HR, HU, IE, IT, LT, LU, LV, MT, NL, PL, PT, RO, SE, SI, SK)",INT_EU27_2020,Intra-EU27 (from 2020),854232,Electronic integrated circuits as memories,2,EXPORT,QUANTITY_IN_100KG,QUANTITY_IN_100KG,2014,,39553.74,
dataflow,ESTAT:DS-045409(1.0),EU trade since 1988 by HS2-4-6 and CN8,A,Annual,EU27_2020,"European Union - 27 countries (AT, BE, BG, CY, CZ, DE, DK, EE, ES, FI, FR, GR, HR, HU, IE, IT, LT, LU, LV, MT, NL, PL, PT, RO, SE, SI, SK)",INT_EU27_2020,Intra-EU27 (from 2020),854232,Electronic integrated circuits as memories,2,EXPORT,QUANTITY_IN_100KG,QUANTITY_IN_100KG,2015,,33070.13,
dataflow,ESTAT:DS-045409(1.0),EU trade since 1988 by HS2-4-6 and CN8,A,Annual,EU27_2020,"European Union - 27 countries (AT, BE, BG, CY, CZ, DE, DK, EE, ES, FI, FR, GR, HR, HU, IE, IT, LT, LU, LV, MT, NL, PL, PT, RO, SE, SI, SK)",INT_EU27_2020,Intra-EU27 (from 2020),854232,Electronic integrated circuits as memories,2,EXPORT,QUANTITY_IN_100KG,QUANTITY_IN_100KG,2016,,32988.21,
dataflow,ESTAT:DS-045409(1.0),EU trade since 1988 by HS2-4-6 and CN8,A,Annual,EU27_2020,"European Union - 27 countries (AT, BE, BG, CY, CZ, DE, DK, EE, ES, FI, FR, GR, HR, HU, IE, IT, LT, LU, LV, MT, NL, PL, PT, RO, SE, SI, SK)",INT_EU27_2020,Intra-EU27 (from 2020),854232,Electronic integrated circuits as memories,2,EXPORT,QUANTITY_IN_100KG,QUANTITY_IN_100KG,2017,,40085.21,
dataflow,ESTAT:DS-045409(1.0),EU trade since 1988 by HS2-4-6 and CN8,A,Annual,EU27_2020,"European Union - 27 countries (AT, BE, BG, CY, CZ, DE, DK, EE, ES, FI, FR, GR, HR, HU, IE, IT, LT, LU, LV, MT, NL, PL, PT, RO, SE, SI, SK)",INT_EU27_2020,Intra-EU27 (from 2020),854232,Electronic integrated circuits as memories,2,EXPORT,QUANTITY_IN_100KG,QUANTITY_IN_100KG,2018,,42034.71,
dataflow,ESTAT:DS-045409(1.0),EU trade since 1988 by HS2-4-6 and CN8,A,Annual,EU27_2020,"European Union - 27 countries (AT, BE, BG, CY, CZ, DE, DK, EE, ES, FI, FR, GR, HR, HU, IE, IT, LT, LU, LV, MT, NL, PL, PT, RO, SE, SI, SK)",INT_EU27_2020,Intra-EU27 (from 2020),854232,Electronic integrated circuits as memories,2,EXPORT,QUANTITY_IN_100KG,QUANTITY_IN_100KG,2019,,75188.73,
dataflow,ESTAT:DS-045409(1.0),EU trade since 1988 by HS2-4-6 and CN8,A,Annual,EU27_2020,"European Union - 27 countries (AT, BE, BG, CY, CZ, DE, DK, EE, ES, FI, FR, GR, HR, HU, IE, IT, LT, LU, LV, MT, NL, PL, PT, RO, SE, SI, SK)",INT_EU27_2020,Intra-EU27 (from 2020),854232,Electronic integrated circuits as memories,2,EXPORT,QUANTITY_IN_100KG,QUANTITY_IN_100KG,2020,,70890.69,
dataflow,ESTAT:DS-045409(1.0),EU trade since 1988 by HS2-4-6 and CN8,A,Annual,EU27_2020,"European Union - 27 countries (AT, BE, BG, CY, CZ, DE, DK, EE, ES, FI, FR, GR, HR, HU, IE, IT, LT, LU, LV, MT, NL, PL, PT, RO, SE, SI, SK)",INT_EU27_2020,Intra-EU27 (from 2020),854232,Electronic integrated circuits as memories,2,EXPORT,QUANTITY_IN_100KG,QUANTITY_IN_100KG,2021,,78701.48,
dataflow,ESTAT:DS-045409(1.0),EU trade since 1988 by HS2-4-6 and CN8,A,Annual,EU27_2020,"European Union - 27 countries (AT, BE, BG, CY, CZ, DE, DK, EE, ES, FI, FR, GR, HR, HU, IE, IT, LT, LU, LV, MT, NL, PL, PT, RO, SE, SI, SK)",INT_EU27_2020,Intra-EU27 (from 2020),854232,Electronic integrated circuits as memories,2,EXPORT,QUANTITY_IN_100KG,QUANTITY_IN_100KG,2022,,76385.12,
dataflow,ESTAT:DS-045409(1.0),EU trade since 1988 by HS2-4-6 and CN8,A,Annual,EU27_2020,"European Union - 27 countries (AT, BE, BG, CY, CZ, DE, DK, EE, ES, FI, FR, GR, HR, HU, IE, IT, LT, LU, LV, MT, NL, PL, PT, RO, SE, SI, SK)",INT_EU27_2020,Intra-EU27 (from 2020),854232,Electronic integrated circuits as memories,2,EXPORT,QUANTITY_IN_100KG,QUANTITY_IN_100KG,2023,,69262.77,
dataflow,ESTAT:DS-045409(1.0),EU trade since 1988 by HS2-4-6 and CN8,A,Annual,EU27_2020,"European Union - 27 countries (AT, BE, BG, CY, CZ, DE, DK, EE, ES, FI, FR, GR, HR, HU, IE, IT, LT, LU, LV, MT, NL, PL, PT, RO, SE, SI, SK)",INT_EU27_2020,Intra-EU27 (from 2020),854232,Electronic integrated circuits as memories,2,EXPORT,QUANTITY_IN_100KG,QUANTITY_IN_100KG,2024,,60843.22,
dataflow,ESTAT:DS-045409(1.0),EU trade since 1988 by HS2-4-6 and CN8,A,Annual,EU27_2020,"European Union - 27 countries (AT, BE, BG, CY, CZ, DE, DK, EE, ES, FI, FR, GR, HR, HU, IE, IT, LT, LU, LV, MT, NL, PL, PT, RO, SE, SI, SK)",INT_EU27_2020,Intra-EU27 (from 2020),854232,Electronic integrated circuits as memories,2,EXPORT,QUANTITY_IN_100KG,QUANTITY_IN_100KG,2025,,38026.94,
dataflow,ESTAT:DS-045409(1.0),EU trade since 1988 by HS2-4-6 and CN8,A,Annual,EU27_2020,"European Union - 27 countries (AT, BE, BG, CY, CZ, DE, DK, EE, ES, FI, FR, GR, HR, HU, IE, IT, LT, LU, LV, MT, NL, PL, PT, RO, SE, SI, SK)",INT_EU27_2020,Intra-EU27 (from 2020),854233,Electronic integrated circuits as amplifiers,1,IMPORT,QUANTITY_IN_100KG,QUANTITY_IN_100KG,2007,,22855.60,
dataflow,ESTAT:DS-045409(1.0),EU trade since 1988 by HS2-4-6 and CN8,A,Annual,EU27_2020,"European Union - 27 countries (AT, BE, BG, CY, CZ, DE, DK, EE, ES, FI, FR, GR, HR, HU, IE, IT, LT, LU, LV, MT, NL, PL, PT, RO, SE, SI, SK)",INT_EU27_2020,Intra-EU27 (from 2020),854233,Electronic integrated circuits as amplifiers,1,IMPORT,QUANTITY_IN_100KG,QUANTITY_IN_100KG,2008,,37335.75,
dataflow,ESTAT:DS-045409(1.0),EU trade since 1988 by HS2-4-6 and CN8,A,Annual,EU27_2020,"European Union - 27 countries (AT, BE, BG, CY, CZ, DE, DK, EE, ES, FI, FR, GR, HR, HU, IE, IT, LT, LU, LV, MT, NL, PL, PT, RO, SE, SI, SK)",INT_EU27_2020,Intra-EU27 (from 2020),854233,Electronic integrated circuits as amplifiers,1,IMPORT,QUANTITY_IN_100KG,QUANTITY_IN_100KG,2009,,17876.37,
dataflow,ESTAT:DS-045409(1.0),EU trade since 1988 by HS2-4-6 and CN8,A,Annual,EU27_2020,"European Union - 27 countries (AT, BE, BG, CY, CZ, DE, DK, EE, ES, FI, FR, GR, HR, HU, IE, IT, LT, LU, LV, MT, NL, PL, PT, RO, SE, SI, SK)",INT_EU27_2020,Intra-EU27 (from 2020),854233,Electronic integrated circuits as amplifiers,1,IMPORT,QUANTITY_IN_100KG,QUANTITY_IN_100KG,2010,,27421.92,
dataflow,ESTAT:DS-045409(1.0),EU trade since 1988 by HS2-4-6 and CN8,A,Annual,EU27_2020,"European Union - 27 countries (AT, BE, BG, CY, CZ, DE, DK, EE, ES, FI, FR, GR, HR, HU, IE, IT, LT, LU, LV, MT, NL, PL, PT, RO, SE, SI, SK)",INT_EU27_2020,Intra-EU27 (from 2020),854233,Electronic integrated circuits as amplifiers,1,IMPORT,QUANTITY_IN_100KG,QUANTITY_IN_100KG,2011,,30333.91,
dataflow,ESTAT:DS-045409(1.0),EU trade since 1988 by HS2-4-6 and CN8,A,Annual,EU27_2020,"European Union - 27 countries (AT, BE, BG, CY, CZ, DE, DK, EE, ES, FI, FR, GR, HR, HU, IE, IT, LT, LU, LV, MT, NL, PL, PT, RO, SE, SI, SK)",INT_EU27_2020,Intra-EU27 (from 2020),854233,Electronic integrated circuits as amplifiers,1,IMPORT,QUANTITY_IN_100KG,QUANTITY_IN_100KG,2012,,28253.99,
dataflow,ESTAT:DS-045409(1.0),EU trade since 1988 by HS2-4-6 and CN8,A,Annual,EU27_2020,"European Union - 27 countries (AT, BE, BG, CY, CZ, DE, DK, EE, ES, FI, FR, GR, HR, HU, IE, IT, LT, LU, LV, MT, NL, PL, PT, RO, SE, SI, SK)",INT_EU27_2020,Intra-EU27 (from 2020),854233,Electronic integrated circuits as amplifiers,1,IMPORT,QUANTITY_IN_100KG,QUANTITY_IN_100KG,2013,,44196.08,
dataflow,ESTAT:DS-045409(1.0),EU trade since 1988 by HS2-4-6 and CN8,A,Annual,EU27_2020,"European Union - 27 countries (AT, BE, BG, CY, CZ, DE, DK, EE, ES, FI, FR, GR, HR, HU, IE, IT, LT, LU, LV, MT, NL, PL, PT, RO, SE, SI, SK)",INT_EU27_2020,Intra-EU27 (from 2020),854233,Electronic integrated circuits as amplifiers,1,IMPORT,QUANTITY_IN_100KG,QUANTITY_IN_100KG,2014,,36863.18,
dataflow,ESTAT:DS-045409(1.0),EU trade since 1988 by HS2-4-6 and CN8,A,Annual,EU27_2020,"European Union - 27 countries (AT, BE, BG, CY, CZ, DE, DK, EE, ES, FI, FR, GR, HR, HU, IE, IT, LT, LU, LV, MT, NL, PL, PT, RO, SE, SI, SK)",INT_EU27_2020,Intra-EU27 (from 2020),854233,Electronic integrated circuits as amplifiers,1,IMPORT,QUANTITY_IN_100KG,QUANTITY_IN_100KG,2015,,32425.80,
dataflow,ESTAT:DS-045409(1.0),EU trade since 1988 by HS2-4-6 and CN8,A,Annual,EU27_2020,"European Union - 27 countries (AT, BE, BG, CY, CZ, DE, DK, EE, ES, FI, FR, GR, HR, HU, IE, IT, LT, LU, LV, MT, NL, PL, PT, RO, SE, SI, SK)",INT_EU27_2020,Intra-EU27 (from 2020),854233,Electronic integrated circuits as amplifiers,1,IMPORT,QUANTITY_IN_100KG,QUANTITY_IN_100KG,2016,,39018.75,
dataflow,ESTAT:DS-045409(1.0),EU trade since 1988 by HS2-4-6 and CN8,A,Annual,EU27_2020,"European Union - 27 countries (AT, BE, BG, CY, CZ, DE, DK, EE, ES, FI, FR, GR, HR, HU, IE, IT, LT, LU, LV, MT, NL, PL, PT, RO, SE, SI, SK)",INT_EU27_2020,Intra-EU27 (from 2020),854233,Electronic integrated circuits as amplifiers,1,IMPORT,QUANTITY_IN_100KG,QUANTITY_IN_100KG,2017,,37904.39,
dataflow,ESTAT:DS-045409(1.0),EU trade since 1988 by HS2-4-6 and CN8,A,Annual,EU27_2020,"European Union - 27 countries (AT, BE, BG, CY, CZ, DE, DK, EE, ES, FI, FR, GR, HR, HU, IE, IT, LT, LU, LV, MT, NL, PL, PT, RO, SE, SI, SK)",INT_EU27_2020,Intra-EU27 (from 2020),854233,Electronic integrated circuits as amplifiers,1,IMPORT,QUANTITY_IN_100KG,QUANTITY_IN_100KG,2018,,35529.57,
dataflow,ESTAT:DS-045409(1.0),EU trade since 1988 by HS2-4-6 and CN8,A,Annual,EU27_2020,"European Union - 27 countries (AT, BE, BG, CY, CZ, DE, DK, EE, ES, FI, FR, GR, HR, HU, IE, IT, LT, LU, LV, MT, NL, PL, PT, RO, SE, SI, SK)",INT_EU27_2020,Intra-EU27 (from 2020),854233,Electronic integrated circuits as amplifiers,1,IMPORT,QUANTITY_IN_100KG,QUANTITY_IN_100KG,2019,,25805.38,
dataflow,ESTAT:DS-045409(1.0),EU trade since 1988 by HS2-4-6 and CN8,A,Annual,EU27_2020,"European Union - 27 countries (AT, BE, BG, CY, CZ, DE, DK, EE, ES, FI, FR, GR, HR, HU, IE, IT, LT, LU, LV, MT, NL, PL, PT, RO, SE, SI, SK)",INT_EU27_2020,Intra-EU27 (from 2020),854233,Electronic integrated circuits as amplifiers,1,IMPORT,QUANTITY_IN_100KG,QUANTITY_IN_100KG,2020,,30593.95,
dataflow,ESTAT:DS-045409(1.0),EU trade since 1988 by HS2-4-6 and CN8,A,Annual,EU27_2020,"European Union - 27 countries (AT, BE, BG, CY, CZ, DE, DK, EE, ES, FI, FR, GR, HR, HU, IE, IT, LT, LU, LV, MT, NL, PL, PT, RO, SE, SI, SK)",INT_EU27_2020,Intra-EU27 (from 2020),854233,Electronic integrated circuits as amplifiers,1,IMPORT,QUANTITY_IN_100KG,QUANTITY_IN_100KG,2021,,55432.51,
dataflow,ESTAT:DS-045409(1.0),EU trade since 1988 by HS2-4-6 and CN8,A,Annual,EU27_2020,"European Union - 27 countries (AT, BE, BG, CY, CZ, DE, DK, EE, ES, FI, FR, GR, HR, HU, IE, IT, LT, LU, LV, MT, NL, PL, PT, RO, SE, SI, SK)",INT_EU27_2020,Intra-EU27 (from 2020),854233,Electronic integrated circuits as amplifiers,1,IMPORT,QUANTITY_IN_100KG,QUANTITY_IN_100KG,2022,,28550.89,
dataflow,ESTAT:DS-045409(1.0),EU trade since 1988 by HS2-4-6 and CN8,A,Annual,EU27_2020,"European Union - 27 countries (AT, BE, BG, CY, CZ, DE, DK, EE, ES, FI, FR, GR, HR, HU, IE, IT, LT, LU, LV, MT, NL, PL, PT, RO, SE, SI, SK)",INT_EU27_2020,Intra-EU27 (from 2020),854233,Electronic integrated circuits as amplifiers,1,IMPORT,QUANTITY_IN_100KG,QUANTITY_IN_100KG,2023,,28433.99,
dataflow,ESTAT:DS-045409(1.0),EU trade since 1988 by HS2-4-6 and CN8,A,Annual,EU27_2020,"European Union - 27 countries (AT, BE, BG, CY, CZ, DE, DK, EE, ES, FI, FR, GR, HR, HU, IE, IT, LT, LU, LV, MT, NL, PL, PT, RO, SE, SI, SK)",INT_EU27_2020,Intra-EU27 (from 2020),854233,Electronic integrated circuits as amplifiers,1,IMPORT,QUANTITY_IN_100KG,QUANTITY_IN_100KG,2024,,19251.58,
dataflow,ESTAT:DS-045409(1.0),EU trade since 1988 by HS2-4-6 and CN8,A,Annual,EU27_2020,"European Union - 27 countries (AT, BE, BG, CY, CZ, DE, DK, EE, ES, FI, FR, GR, HR, HU, IE, IT, LT, LU, LV, MT, NL, PL, PT, RO, SE, SI, SK)",INT_EU27_2020,Intra-EU27 (from 2020),854233,Electronic integrated circuits as amplifiers,1,IMPORT,QUANTITY_IN_100KG,QUANTITY_IN_100KG,2025,,32591.74,
dataflow,ESTAT:DS-045409(1.0),EU trade since 1988 by HS2-4-6 and CN8,A,Annual,EU27_2020,"European Union - 27 countries (AT, BE, BG, CY, CZ, DE, DK, EE, ES, FI, FR, GR, HR, HU, IE, IT, LT, LU, LV, MT, NL, PL, PT, RO, SE, SI, SK)",INT_EU27_2020,Intra-EU27 (from 2020),854233,Electronic integrated circuits as amplifiers,2,EXPORT,QUANTITY_IN_100KG,QUANTITY_IN_100KG,2007,,18594.18,
dataflow,ESTAT:DS-045409(1.0),EU trade since 1988 by HS2-4-6 and CN8,A,Annual,EU27_2020,"European Union - 27 countries (AT, BE, BG, CY, CZ, DE, DK, EE, ES, FI, FR, GR, HR, HU, IE, IT, LT, LU, LV, MT, NL, PL, PT, RO, SE, SI, SK)",INT_EU27_2020,Intra-EU27 (from 2020),854233,Electronic integrated circuits as amplifiers,2,EXPORT,QUANTITY_IN_100KG,QUANTITY_IN_100KG,2008,,21290.70,
dataflow,ESTAT:DS-045409(1.0),EU trade since 1988 by HS2-4-6 and CN8,A,Annual,EU27_2020,"European Union - 27 countries (AT, BE, BG, CY, CZ, DE, DK, EE, ES, FI, FR, GR, HR, HU, IE, IT, LT, LU, LV, MT, NL, PL, PT, RO, SE, SI, SK)",INT_EU27_2020,Intra-EU27 (from 2020),854233,Electronic integrated circuits as amplifiers,2,EXPORT,QUANTITY_IN_100KG,QUANTITY_IN_100KG,2009,,13539.12,
dataflow,ESTAT:DS-045409(1.0),EU trade since 1988 by HS2-4-6 and CN8,A,Annual,EU27_2020,"European Union - 27 countries (AT, BE, BG, CY, CZ, DE, DK, EE, ES, FI, FR, GR, HR, HU, IE, IT, LT, LU, LV, MT, NL, PL, PT, RO, SE, SI, SK)",INT_EU27_2020,Intra-EU27 (from 2020),854233,Electronic integrated circuits as amplifiers,2,EXPORT,QUANTITY_IN_100KG,QUANTITY_IN_100KG,2010,,21717.97,
dataflow,ESTAT:DS-045409(1.0),EU trade since 1988 by HS2-4-6 and CN8,A,Annual,EU27_2020,"European Union - 27 countries (AT, BE, BG, CY, CZ, DE, DK, EE, ES, FI, FR, GR, HR, HU, IE, IT, LT, LU, LV, MT, NL, PL, PT, RO, SE, SI, SK)",INT_EU27_2020,Intra-EU27 (from 2020),854233,Electronic integrated circuits as amplifiers,2,EXPORT,QUANTITY_IN_100KG,QUANTITY_IN_100KG,2011,,21042.07,
dataflow,ESTAT:DS-045409(1.0),EU trade since 1988 by HS2-4-6 and CN8,A,Annual,EU27_2020,"European Union - 27 countries (AT, BE, BG, CY, CZ, DE, DK, EE, ES, FI, FR, GR, HR, HU, IE, IT, LT, LU, LV, MT, NL, PL, PT, RO, SE, SI, SK)",INT_EU27_2020,Intra-EU27 (from 2020),854233,Electronic integrated circuits as amplifiers,2,EXPORT,QUANTITY_IN_100KG,QUANTITY_IN_100KG,2012,,19177.58,
dataflow,ESTAT:DS-045409(1.0),EU trade since 1988 by HS2-4-6 and CN8,A,Annual,EU27_2020,"European Union - 27 countries (AT, BE, BG, CY, CZ, DE, DK, EE, ES, FI, FR, GR, HR, HU, IE, IT, LT, LU, LV, MT, NL, PL, PT, RO, SE, SI, SK)",INT_EU27_2020,Intra-EU27 (from 2020),854233,Electronic integrated circuits as amplifiers,2,EXPORT,QUANTITY_IN_100KG,QUANTITY_IN_100KG,2013,,18200.67,
dataflow,ESTAT:DS-045409(1.0),EU trade since 1988 by HS2-4-6 and CN8,A,Annual,EU27_2020,"European Union - 27 countries (AT, BE, BG, CY, CZ, DE, DK, EE, ES, FI, FR, GR, HR, HU, IE, IT, LT, LU, LV, MT, NL, PL, PT, RO, SE, SI, SK)",INT_EU27_2020,Intra-EU27 (from 2020),854233,Electronic integrated circuits as amplifiers,2,EXPORT,QUANTITY_IN_100KG,QUANTITY_IN_100KG,2014,,19324.51,
dataflow,ESTAT:DS-045409(1.0),EU trade since 1988 by HS2-4-6 and CN8,A,Annual,EU27_2020,"European Union - 27 countries (AT, BE, BG, CY, CZ, DE, DK, EE, ES, FI, FR, GR, HR, HU, IE, IT, LT, LU, LV, MT, NL, PL, PT, RO, SE, SI, SK)",INT_EU27_2020,Intra-EU27 (from 2020),854233,Electronic integrated circuits as amplifiers,2,EXPORT,QUANTITY_IN_100KG,QUANTITY_IN_100KG,2015,,22393.89,
dataflow,ESTAT:DS-045409(1.0),EU trade since 1988 by HS2-4-6 and CN8,A,Annual,EU27_2020,"European Union - 27 countries (AT, BE, BG, CY, CZ, DE, DK, EE, ES, FI, FR, GR, HR, HU, IE, IT, LT, LU, LV, MT, NL, PL, PT, RO, SE, SI, SK)",INT_EU27_2020,Intra-EU27 (from 2020),854233,Electronic integrated circuits as amplifiers,2,EXPORT,QUANTITY_IN_100KG,QUANTITY_IN_100KG,2016,,17917.41,
dataflow,ESTAT:DS-045409(1.0),EU trade since 1988 by HS2-4-6 and CN8,A,Annual,EU27_2020,"European Union - 27 countries (AT, BE, BG, CY, CZ, DE, DK, EE, ES, FI, FR, GR, HR, HU, IE, IT, LT, LU, LV, MT, NL, PL, PT, RO, SE, SI, SK)",INT_EU27_2020,Intra-EU27 (from 2020),854233,Electronic integrated circuits as amplifiers,2,EXPORT,QUANTITY_IN_100KG,QUANTITY_IN_100KG,2017,,16851.88,
dataflow,ESTAT:DS-045409(1.0),EU trade since 1988 by HS2-4-6 and CN8,A,Annual,EU27_2020,"European Union - 27 countries (AT, BE, BG, CY, CZ, DE, DK, EE, ES, FI, FR, GR, HR, HU, IE, IT, LT, LU, LV, MT, NL, PL, PT, RO, SE, SI, SK)",INT_EU27_2020,Intra-EU27 (from 2020),854233,Electronic integrated circuits as amplifiers,2,EXPORT,QUANTITY_IN_100KG,QUANTITY_IN_100KG,2018,,13121.26,
dataflow,ESTAT:DS-045409(1.0),EU trade since 1988 by HS2-4-6 and CN8,A,Annual,EU27_2020,"European Union - 27 countries (AT, BE, BG, CY, CZ, DE, DK, EE, ES, FI, FR, GR, HR, HU, IE, IT, LT, LU, LV, MT, NL, PL, PT, RO, SE, SI, SK)",INT_EU27_2020,Intra-EU27 (from 2020),854233,Electronic integrated circuits as amplifiers,2,EXPORT,QUANTITY_IN_100KG,QUANTITY_IN_100KG,2019,,13242.30,
dataflow,ESTAT:DS-045409(1.0),EU trade since 1988 by HS2-4-6 and CN8,A,Annual,EU27_2020,"European Union - 27 countries (AT, BE, BG, CY, CZ, DE, DK, EE, ES, FI, FR, GR, HR, HU, IE, IT, LT, LU, LV, MT, NL, PL, PT, RO, SE, SI, SK)",INT_EU27_2020,Intra-EU27 (from 2020),854233,Electronic integrated circuits as amplifiers,2,EXPORT,QUANTITY_IN_100KG,QUANTITY_IN_100KG,2020,,37457.62,
dataflow,ESTAT:DS-045409(1.0),EU trade since 1988 by HS2-4-6 and CN8,A,Annual,EU27_2020,"European Union - 27 countries (AT, BE, BG, CY, CZ, DE, DK, EE, ES, FI, FR, GR, HR, HU, IE, IT, LT, LU, LV, MT, NL, PL, PT, RO, SE, SI, SK)",INT_EU27_2020,Intra-EU27 (from 2020),854233,Electronic integrated circuits as amplifiers,2,EXPORT,QUANTITY_IN_100KG,QUANTITY_IN_100KG,2021,,17596.35,
dataflow,ESTAT:DS-045409(1.0),EU trade since 1988 by HS2-4-6 and CN8,A,Annual,EU27_2020,"European Union - 27 countries (AT, BE, BG, CY, CZ, DE, DK, EE, ES, FI, FR, GR, HR, HU, IE, IT, LT, LU, LV, MT, NL, PL, PT, RO, SE, SI, SK)",INT_EU27_2020,Intra-EU27 (from 2020),854233,Electronic integrated circuits as amplifiers,2,EXPORT,QUANTITY_IN_100KG,QUANTITY_IN_100KG,2022,,16559.64,
dataflow,ESTAT:DS-045409(1.0),EU trade since 1988 by HS2-4-6 and CN8,A,Annual,EU27_2020,"European Union - 27 countries (AT, BE, BG, CY, CZ, DE, DK, EE, ES, FI, FR, GR, HR, HU, IE, IT, LT, LU, LV, MT, NL, PL, PT, RO, SE, SI, SK)",INT_EU27_2020,Intra-EU27 (from 2020),854233,Electronic integrated circuits as amplifiers,2,EXPORT,QUANTITY_IN_100KG,QUANTITY_IN_100KG,2023,,10896.89,
dataflow,ESTAT:DS-045409(1.0),EU trade since 1988 by HS2-4-6 and CN8,A,Annual,EU27_2020,"European Union - 27 countries (AT, BE, BG, CY, CZ, DE, DK, EE, ES, FI, FR, GR, HR, HU, IE, IT, LT, LU, LV, MT, NL, PL, PT, RO, SE, SI, SK)",INT_EU27_2020,Intra-EU27 (from 2020),854233,Electronic integrated circuits as amplifiers,2,EXPORT,QUANTITY_IN_100KG,QUANTITY_IN_100KG,2024,,10716.09,
dataflow,ESTAT:DS-045409(1.0),EU trade since 1988 by HS2-4-6 and CN8,A,Annual,EU27_2020,"European Union - 27 countries (AT, BE, BG, CY, CZ, DE, DK, EE, ES, FI, FR, GR, HR, HU, IE, IT, LT, LU, LV, MT, NL, PL, PT, RO, SE, SI, SK)",INT_EU27_2020,Intra-EU27 (from 2020),854233,Electronic integrated circuits as amplifiers,2,EXPORT,QUANTITY_IN_100KG,QUANTITY_IN_100KG,2025,,10376.99,
dataflow,ESTAT:DS-045409(1.0),EU trade since 1988 by HS2-4-6 and CN8,A,Annual,EU27_2020,"European Union - 27 countries (AT, BE, BG, CY, CZ, DE, DK, EE, ES, FI, FR, GR, HR, HU, IE, IT, LT, LU, LV, MT, NL, PL, PT, RO, SE, SI, SK)",INT_EU27_2020,Intra-EU27 (from 2020),854239,"Electronic integrated circuits (excl. such as processors, controllers, memories and amplifiers)",1,IMPORT,QUANTITY_IN_100KG,QUANTITY_IN_100KG,2007,,433709.86,
dataflow,ESTAT:DS-045409(1.0),EU trade since 1988 by HS2-4-6 and CN8,A,Annual,EU27_2020,"European Union - 27 countries (AT, BE, BG, CY, CZ, DE, DK, EE, ES, FI, FR, GR, HR, HU, IE, IT, LT, LU, LV, MT, NL, PL, PT, RO, SE, SI, SK)",INT_EU27_2020,Intra-EU27 (from 2020),854239,"Electronic integrated circuits (excl. such as processors, controllers, memories and amplifiers)",1,IMPORT,QUANTITY_IN_100KG,QUANTITY_IN_100KG,2008,,574487.92,
dataflow,ESTAT:DS-045409(1.0),EU trade since 1988 by HS2-4-6 and CN8,A,Annual,EU27_2020,"European Union - 27 countries (AT, BE, BG, CY, CZ, DE, DK, EE, ES, FI, FR, GR, HR, HU, IE, IT, LT, LU, LV, MT, NL, PL, PT, RO, SE, SI, SK)",INT_EU27_2020,Intra-EU27 (from 2020),854239,"Electronic integrated circuits (excl. such as processors, controllers, memories and amplifiers)",1,IMPORT,QUANTITY_IN_100KG,QUANTITY_IN_100KG,2009,,407783.90,
dataflow,ESTAT:DS-045409(1.0),EU trade since 1988 by HS2-4-6 and CN8,A,Annual,EU27_2020,"European Union - 27 countries (AT, BE, BG, CY, CZ, DE, DK, EE, ES, FI, FR, GR, HR, HU, IE, IT, LT, LU, LV, MT, NL, PL, PT, RO, SE, SI, SK)",INT_EU27_2020,Intra-EU27 (from 2020),854239,"Electronic integrated circuits (excl. such as processors, controllers, memories and amplifiers)",1,IMPORT,QUANTITY_IN_100KG,QUANTITY_IN_100KG,2010,,443820.39,
dataflow,ESTAT:DS-045409(1.0),EU trade since 1988 by HS2-4-6 and CN8,A,Annual,EU27_2020,"European Union - 27 countries (AT, BE, BG, CY, CZ, DE, DK, EE, ES, FI, FR, GR, HR, HU, IE, IT, LT, LU, LV, MT, NL, PL, PT, RO, SE, SI, SK)",INT_EU27_2020,Intra-EU27 (from 2020),854239,"Electronic integrated circuits (excl. such as processors, controllers, memories and amplifiers)",1,IMPORT,QUANTITY_IN_100KG,QUANTITY_IN_100KG,2011,,594237.32,
dataflow,ESTAT:DS-045409(1.0),EU trade since 1988 by HS2-4-6 and CN8,A,Annual,EU27_2020,"European Union - 27 countries (AT, BE, BG, CY, CZ, DE, DK, EE, ES, FI, FR, GR, HR, HU, IE, IT, LT, LU, LV, MT, NL, PL, PT, RO, SE, SI, SK)",INT_EU27_2020,Intra-EU27 (from 2020),854239,"Electronic integrated circuits (excl. such as processors, controllers, memories and amplifiers)",1,IMPORT,QUANTITY_IN_100KG,QUANTITY_IN_100KG,2012,,966554.91,
dataflow,ESTAT:DS-045409(1.0),EU trade since 1988 by HS2-4-6 and CN8,A,Annual,EU27_2020,"European Union - 27 countries (AT, BE, BG, CY, CZ, DE, DK, EE, ES, FI, FR, GR, HR, HU, IE, IT, LT, LU, LV, MT, NL, PL, PT, RO, SE, SI, SK)",INT_EU27_2020,Intra-EU27 (from 2020),854239,"Electronic integrated circuits (excl. such as processors, controllers, memories and amplifiers)",1,IMPORT,QUANTITY_IN_100KG,QUANTITY_IN_100KG,2013,,603154.62,
dataflow,ESTAT:DS-045409(1.0),EU trade since 1988 by HS2-4-6 and CN8,A,Annual,EU27_2020,"European Union - 27 countries (AT, BE, BG, CY, CZ, DE, DK, EE, ES, FI, FR, GR, HR, HU, IE, IT, LT, LU, LV, MT, NL, PL, PT, RO, SE, SI, SK)",INT_EU27_2020,Intra-EU27 (from 2020),854239,"Electronic integrated circuits (excl. such as processors, controllers, memories and amplifiers)",1,IMPORT,QUANTITY_IN_100KG,QUANTITY_IN_100KG,2014,,1005646.42,
dataflow,ESTAT:DS-045409(1.0),EU trade since 1988 by HS2-4-6 and CN8,A,Annual,EU27_2020,"European Union - 27 countries (AT, BE, BG, CY, CZ, DE, DK, EE, ES, FI, FR, GR, HR, HU, IE, IT, LT, LU, LV, MT, NL, PL, PT, RO, SE, SI, SK)",INT_EU27_2020,Intra-EU27 (from 2020),854239,"Electronic integrated circuits (excl. such as processors, controllers, memories and amplifiers)",1,IMPORT,QUANTITY_IN_100KG,QUANTITY_IN_100KG,2015,,827781.89,
dataflow,ESTAT:DS-045409(1.0),EU trade since 1988 by HS2-4-6 and CN8,A,Annual,EU27_2020,"European Union - 27 countries (AT, BE, BG, CY, CZ, DE, DK, EE, ES, FI, FR, GR, HR, HU, IE, IT, LT, LU, LV, MT, NL, PL, PT, RO, SE, SI, SK)",INT_EU27_2020,Intra-EU27 (from 2020),854239,"Electronic integrated circuits (excl. such as processors, controllers, memories and amplifiers)",1,IMPORT,QUANTITY_IN_100KG,QUANTITY_IN_100KG,2016,,1955018.55,
dataflow,ESTAT:DS-045409(1.0),EU trade since 1988 by HS2-4-6 and CN8,A,Annual,EU27_2020,"European Union - 27 countries (AT, BE, BG, CY, CZ, DE, DK, EE, ES, FI, FR, GR, HR, HU, IE, IT, LT, LU, LV, MT, NL, PL, PT, RO, SE, SI, SK)",INT_EU27_2020,Intra-EU27 (from 2020),854239,"Electronic integrated circuits (excl. such as processors, controllers, memories and amplifiers)",1,IMPORT,QUANTITY_IN_100KG,QUANTITY_IN_100KG,2017,,1395988.53,
dataflow,ESTAT:DS-045409(1.0),EU trade since 1988 by HS2-4-6 and CN8,A,Annual,EU27_2020,"European Union - 27 countries (AT, BE, BG, CY, CZ, DE, DK, EE, ES, FI, FR, GR, HR, HU, IE, IT, LT, LU, LV, MT, NL, PL, PT, RO, SE, SI, SK)",INT_EU27_2020,Intra-EU27 (from 2020),854239,"Electronic integrated circuits (excl. such as processors, controllers, memories and amplifiers)",1,IMPORT,QUANTITY_IN_100KG,QUANTITY_IN_100KG,2018,,807550.32,
dataflow,ESTAT:DS-045409(1.0),EU trade since 1988 by HS2-4-6 and CN8,A,Annual,EU27_2020,"European Union - 27 countries (AT, BE, BG, CY, CZ, DE, DK, EE, ES, FI, FR, GR, HR, HU, IE, IT, LT, LU, LV, MT, NL, PL, PT, RO, SE, SI, SK)",INT_EU27_2020,Intra-EU27 (from 2020),854239,"Electronic integrated circuits (excl. such as processors, controllers, memories and amplifiers)",1,IMPORT,QUANTITY_IN_100KG,QUANTITY_IN_100KG,2019,,1264232.32,
dataflow,ESTAT:DS-045409(1.0),EU trade since 1988 by HS2-4-6 and CN8,A,Annual,EU27_2020,"European Union - 27 countries (AT, BE, BG, CY, CZ, DE, DK, EE, ES, FI, FR, GR, HR, HU, IE, IT, LT, LU, LV, MT, NL, PL, PT, RO, SE, SI, SK)",INT_EU27_2020,Intra-EU27 (from 2020),854239,"Electronic integrated circuits (excl. such as processors, controllers, memories and amplifiers)",1,IMPORT,QUANTITY_IN_100KG,QUANTITY_IN_100KG,2020,,716873.55,
dataflow,ESTAT:DS-045409(1.0),EU trade since 1988 by HS2-4-6 and CN8,A,Annual,EU27_2020,"European Union - 27 countries (AT, BE, BG, CY, CZ, DE, DK, EE, ES, FI, FR, GR, HR, HU, IE, IT, LT, LU, LV, MT, NL, PL, PT, RO, SE, SI, SK)",INT_EU27_2020,Intra-EU27 (from 2020),854239,"Electronic integrated circuits (excl. such as processors, controllers, memories and amplifiers)",1,IMPORT,QUANTITY_IN_100KG,QUANTITY_IN_100KG,2021,,525195.93,
dataflow,ESTAT:DS-045409(1.0),EU trade since 1988 by HS2-4-6 and CN8,A,Annual,EU27_2020,"European Union - 27 countries (AT, BE, BG, CY, CZ, DE, DK, EE, ES, FI, FR, GR, HR, HU, IE, IT, LT, LU, LV, MT, NL, PL, PT, RO, SE, SI, SK)",INT_EU27_2020,Intra-EU27 (from 2020),854239,"Electronic integrated circuits (excl. such as processors, controllers, memories and amplifiers)",1,IMPORT,QUANTITY_IN_100KG,QUANTITY_IN_100KG,2022,,455514.52,
dataflow,ESTAT:DS-045409(1.0),EU trade since 1988 by HS2-4-6 and CN8,A,Annual,EU27_2020,"European Union - 27 countries (AT, BE, BG, CY, CZ, DE, DK, EE, ES, FI, FR, GR, HR, HU, IE, IT, LT, LU, LV, MT, NL, PL, PT, RO, SE, SI, SK)",INT_EU27_2020,Intra-EU27 (from 2020),854239,"Electronic integrated circuits (excl. such as processors, controllers, memories and amplifiers)",1,IMPORT,QUANTITY_IN_100KG,QUANTITY_IN_100KG,2023,,467924.26,
dataflow,ESTAT:DS-045409(1.0),EU trade since 1988 by HS2-4-6 and CN8,A,Annual,EU27_2020,"European Union - 27 countries (AT, BE, BG, CY, CZ, DE, DK, EE, ES, FI, FR, GR, HR, HU, IE, IT, LT, LU, LV, MT, NL, PL, PT, RO, SE, SI, SK)",INT_EU27_2020,Intra-EU27 (from 2020),854239,"Electronic integrated circuits (excl. such as processors, controllers, memories and amplifiers)",1,IMPORT,QUANTITY_IN_100KG,QUANTITY_IN_100KG,2024,,385963.58,
dataflow,ESTAT:DS-045409(1.0),EU trade since 1988 by HS2-4-6 and CN8,A,Annual,EU27_2020,"European Union - 27 countries (AT, BE, BG, CY, CZ, DE, DK, EE, ES, FI, FR, GR, HR, HU, IE, IT, LT, LU, LV, MT, NL, PL, PT, RO, SE, SI, SK)",INT_EU27_2020,Intra-EU27 (from 2020),854239,"Electronic integrated circuits (excl. such as processors, controllers, memories and amplifiers)",1,IMPORT,QUANTITY_IN_100KG,QUANTITY_IN_100KG,2025,,478551.99,
dataflow,ESTAT:DS-045409(1.0),EU trade since 1988 by HS2-4-6 and CN8,A,Annual,EU27_2020,"European Union - 27 countries (AT, BE, BG, CY, CZ, DE, DK, EE, ES, FI, FR, GR, HR, HU, IE, IT, LT, LU, LV, MT, NL, PL, PT, RO, SE, SI, SK)",INT_EU27_2020,Intra-EU27 (from 2020),854239,"Electronic integrated circuits (excl. such as processors, controllers, memories and amplifiers)",2,EXPORT,QUANTITY_IN_100KG,QUANTITY_IN_100KG,2007,,182904.09,
dataflow,ESTAT:DS-045409(1.0),EU trade since 1988 by HS2-4-6 and CN8,A,Annual,EU27_2020,"European Union - 27 countries (AT, BE, BG, CY, CZ, DE, DK, EE, ES, FI, FR, GR, HR, HU, IE, IT, LT, LU, LV, MT, NL, PL, PT, RO, SE, SI, SK)",INT_EU27_2020,Intra-EU27 (from 2020),854239,"Electronic integrated circuits (excl. such as processors, controllers, memories and amplifiers)",2,EXPORT,QUANTITY_IN_100KG,QUANTITY_IN_100KG,2008,,139851.35,
dataflow,ESTAT:DS-045409(1.0),EU trade since 1988 by HS2-4-6 and CN8,A,Annual,EU27_2020,"European Union - 27 countries (AT, BE, BG, CY, CZ, DE, DK, EE, ES, FI, FR, GR, HR, HU, IE, IT, LT, LU, LV, MT, NL, PL, PT, RO, SE, SI, SK)",INT_EU27_2020,Intra-EU27 (from 2020),854239,"Electronic integrated circuits (excl. such as processors, controllers, memories and amplifiers)",2,EXPORT,QUANTITY_IN_100KG,QUANTITY_IN_100KG,2009,,98515.70,
dataflow,ESTAT:DS-045409(1.0),EU trade since 1988 by HS2-4-6 and CN8,A,Annual,EU27_2020,"European Union - 27 countries (AT, BE, BG, CY, CZ, DE, DK, EE, ES, FI, FR, GR, HR, HU, IE, IT, LT, LU, LV, MT, NL, PL, PT, RO, SE, SI, SK)",INT_EU27_2020,Intra-EU27 (from 2020),854239,"Electronic integrated circuits (excl. such as processors, controllers, memories and amplifiers)",2,EXPORT,QUANTITY_IN_100KG,QUANTITY_IN_100KG,2010,,160132.68,
dataflow,ESTAT:DS-045409(1.0),EU trade since 1988 by HS2-4-6 and CN8,A,Annual,EU27_2020,"European Union - 27 countries (AT, BE, BG, CY, CZ, DE, DK, EE, ES, FI, FR, GR, HR, HU, IE, IT, LT, LU, LV, MT, NL, PL, PT, RO, SE, SI, SK)",INT_EU27_2020,Intra-EU27 (from 2020),854239,"Electronic integrated circuits (excl. such as processors, controllers, memories and amplifiers)",2,EXPORT,QUANTITY_IN_100KG,QUANTITY_IN_100KG,2011,,145977.67,
dataflow,ESTAT:DS-045409(1.0),EU trade since 1988 by HS2-4-6 and CN8,A,Annual,EU27_2020,"European Union - 27 countries (AT, BE, BG, CY, CZ, DE, DK, EE, ES, FI, FR, GR, HR, HU, IE, IT, LT, LU, LV, MT, NL, PL, PT, RO, SE, SI, SK)",INT_EU27_2020,Intra-EU27 (from 2020),854239,"Electronic integrated circuits (excl. such as processors, controllers, memories and amplifiers)",2,EXPORT,QUANTITY_IN_100KG,QUANTITY_IN_100KG,2012,,133455.18,
dataflow,ESTAT:DS-045409(1.0),EU trade since 1988 by HS2-4-6 and CN8,A,Annual,EU27_2020,"European Union - 27 countries (AT, BE, BG, CY, CZ, DE, DK, EE, ES, FI, FR, GR, HR, HU, IE, IT, LT, LU, LV, MT, NL, PL, PT, RO, SE, SI, SK)",INT_EU27_2020,Intra-EU27 (from 2020),854239,"Electronic integrated circuits (excl. such as processors, controllers, memories and amplifiers)",2,EXPORT,QUANTITY_IN_100KG,QUANTITY_IN_100KG,2013,,113210.73,
dataflow,ESTAT:DS-045409(1.0),EU trade since 1988 by HS2-4-6 and CN8,A,Annual,EU27_2020,"European Union - 27 countries (AT, BE, BG, CY, CZ, DE, DK, EE, ES, FI, FR, GR, HR, HU, IE, IT, LT, LU, LV, MT, NL, PL, PT, RO, SE, SI, SK)",INT_EU27_2020,Intra-EU27 (from 2020),854239,"Electronic integrated circuits (excl. such as processors, controllers, memories and amplifiers)",2,EXPORT,QUANTITY_IN_100KG,QUANTITY_IN_100KG,2014,,152926.45,
dataflow,ESTAT:DS-045409(1.0),EU trade since 1988 by HS2-4-6 and CN8,A,Annual,EU27_2020,"European Union - 27 countries (AT, BE, BG, CY, CZ, DE, DK, EE, ES, FI, FR, GR, HR, HU, IE, IT, LT, LU, LV, MT, NL, PL, PT, RO, SE, SI, SK)",INT_EU27_2020,Intra-EU27 (from 2020),854239,"Electronic integrated circuits (excl. such as processors, controllers, memories and amplifiers)",2,EXPORT,QUANTITY_IN_100KG,QUANTITY_IN_100KG,2015,,191975.37,
dataflow,ESTAT:DS-045409(1.0),EU trade since 1988 by HS2-4-6 and CN8,A,Annual,EU27_2020,"European Union - 27 countries (AT, BE, BG, CY, CZ, DE, DK, EE, ES, FI, FR, GR, HR, HU, IE, IT, LT, LU, LV, MT, NL, PL, PT, RO, SE, SI, SK)",INT_EU27_2020,Intra-EU27 (from 2020),854239,"Electronic integrated circuits (excl. such as processors, controllers, memories and amplifiers)",2,EXPORT,QUANTITY_IN_100KG,QUANTITY_IN_100KG,2016,,329102.50,
dataflow,ESTAT:DS-045409(1.0),EU trade since 1988 by HS2-4-6 and CN8,A,Annual,EU27_2020,"European Union - 27 countries (AT, BE, BG, CY, CZ, DE, DK, EE, ES, FI, FR, GR, HR, HU, IE, IT, LT, LU, LV, MT, NL, PL, PT, RO, SE, SI, SK)",INT_EU27_2020,Intra-EU27 (from 2020),854239,"Electronic integrated circuits (excl. such as processors, controllers, memories and amplifiers)",2,EXPORT,QUANTITY_IN_100KG,QUANTITY_IN_100KG,2017,,234393.61,
dataflow,ESTAT:DS-045409(1.0),EU trade since 1988 by HS2-4-6 and CN8,A,Annual,EU27_2020,"European Union - 27 countries (AT, BE, BG, CY, CZ, DE, DK, EE, ES, FI, FR, GR, HR, HU, IE, IT, LT, LU, LV, MT, NL, PL, PT, RO, SE, SI, SK)",INT_EU27_2020,Intra-EU27 (from 2020),854239,"Electronic integrated circuits (excl. such as processors, controllers, memories and amplifiers)",2,EXPORT,QUANTITY_IN_100KG,QUANTITY_IN_100KG,2018,,300099.16,
dataflow,ESTAT:DS-045409(1.0),EU trade since 1988 by HS2-4-6 and CN8,A,Annual,EU27_2020,"European Union - 27 countries (AT, BE, BG, CY, CZ, DE, DK, EE, ES, FI, FR, GR, HR, HU, IE, IT, LT, LU, LV, MT, NL, PL, PT, RO, SE, SI, SK)",INT_EU27_2020,Intra-EU27 (from 2020),854239,"Electronic integrated circuits (excl. such as processors, controllers, memories and amplifiers)",2,EXPORT,QUANTITY_IN_100KG,QUANTITY_IN_100KG,2019,,251968.01,
dataflow,ESTAT:DS-045409(1.0),EU trade since 1988 by HS2-4-6 and CN8,A,Annual,EU27_2020,"European Union - 27 countries (AT, BE, BG, CY, CZ, DE, DK, EE, ES, FI, FR, GR, HR, HU, IE, IT, LT, LU, LV, MT, NL, PL, PT, RO, SE, SI, SK)",INT_EU27_2020,Intra-EU27 (from 2020),854239,"Electronic integrated circuits (excl. such as processors, controllers, memories and amplifiers)",2,EXPORT,QUANTITY_IN_100KG,QUANTITY_IN_100KG,2020,,213366.46,
dataflow,ESTAT:DS-045409(1.0),EU trade since 1988 by HS2-4-6 and CN8,A,Annual,EU27_2020,"European Union - 27 countries (AT, BE, BG, CY, CZ, DE, DK, EE, ES, FI, FR, GR, HR, HU, IE, IT, LT, LU, LV, MT, NL, PL, PT, RO, SE, SI, SK)",INT_EU27_2020,Intra-EU27 (from 2020),854239,"Electronic integrated circuits (excl. such as processors, controllers, memories and amplifiers)",2,EXPORT,QUANTITY_IN_100KG,QUANTITY_IN_100KG,2021,,207495.28,
dataflow,ESTAT:DS-045409(1.0),EU trade since 1988 by HS2-4-6 and CN8,A,Annual,EU27_2020,"European Union - 27 countries (AT, BE, BG, CY, CZ, DE, DK, EE, ES, FI, FR, GR, HR, HU, IE, IT, LT, LU, LV, MT, NL, PL, PT, RO, SE, SI, SK)",INT_EU27_2020,Intra-EU27 (from 2020),854239,"Electronic integrated circuits (excl. such as processors, controllers, memories and amplifiers)",2,EXPORT,QUANTITY_IN_100KG,QUANTITY_IN_100KG,2022,,305655.60,
dataflow,ESTAT:DS-045409(1.0),EU trade since 1988 by HS2-4-6 and CN8,A,Annual,EU27_2020,"European Union - 27 countries (AT, BE, BG, CY, CZ, DE, DK, EE, ES, FI, FR, GR, HR, HU, IE, IT, LT, LU, LV, MT, NL, PL, PT, RO, SE, SI, SK)",INT_EU27_2020,Intra-EU27 (from 2020),854239,"Electronic integrated circuits (excl. such as processors, controllers, memories and amplifiers)",2,EXPORT,QUANTITY_IN_100KG,QUANTITY_IN_100KG,2023,,216552.75,
dataflow,ESTAT:DS-045409(1.0),EU trade since 1988 by HS2-4-6 and CN8,A,Annual,EU27_2020,"European Union - 27 countries (AT, BE, BG, CY, CZ, DE, DK, EE, ES, FI, FR, GR, HR, HU, IE, IT, LT, LU, LV, MT, NL, PL, PT, RO, SE, SI, SK)",INT_EU27_2020,Intra-EU27 (from 2020),854239,"Electronic integrated circuits (excl. such as processors, controllers, memories and amplifiers)",2,EXPORT,QUANTITY_IN_100KG,QUANTITY_IN_100KG,2024,,204487.17,
dataflow,ESTAT:DS-045409(1.0),EU trade since 1988 by HS2-4-6 and CN8,A,Annual,EU27_2020,"European Union - 27 countries (AT, BE, BG, CY, CZ, DE, DK, EE, ES, FI, FR, GR, HR, HU, IE, IT, LT, LU, LV, MT, NL, PL, PT, RO, SE, SI, SK)",INT_EU27_2020,Intra-EU27 (from 2020),854239,"Electronic integrated circuits (excl. such as processors, controllers, memories and amplifiers)",2,EXPORT,QUANTITY_IN_100KG,QUANTITY_IN_100KG,2025,,247900.10,
